1.5,2.5,3.5,4.5,5.5,6.5,7.5,8.5,9.5,10.5,11.5,12.5,13.5,14.5,15.5,16.5,17.5,18.5,19.5,20.5,21.5,22.5,23.5,24.5,25.5,26.5,27.5,28.5,29.5,30.5,31.5,32.5,33.5,34.5,35.5,36.5,37.5,38.5,39.5,40.5,41.5,42.5,43.5,44.5,45.5,46.5,47.5,48.5,49.5,50.5,51.5,52.5,53.5,54.5,55.5,56.5,57.5,58.5,59.5,60.5,61.5,62.5,63.5,64.5,65.5,66.5,67.5,68.5,69.5,70.5,71.5,72.5,73.5,74.5,75.5,76.5,77.5,78.5,79.5,80.5,81.5,82.5,83.5,84.5,85.5,86.5,87.5,88.5,89.5,90.5,91.5,92.5,93.5,94.5,95.5,96.5,97.5,98.5,99.5,100.5,101.5,102.5,103.5,104.5,105.5,106.5,107.5,108.5,109.5,110.5,111.5,112.5,113.5,114.5,115.5,116.5,117.5,118.5,119.5,120.5,121.5,122.5,123.5,124.5,125.5,126.5,127.5,128.5,129.5,130.5,131.5,132.5,133.5,134.5,135.5,136.5,137.5,138.5,139.5,140.5,141.5,142.5,143.5,144.5,145.5,146.5,147.5,148.5,149.5,150.5,151.5,152.5,153.5,154.5,155.5,156.5,157.5,158.5,159.5,160.5,161.5,162.5,163.5,164.5,165.5,166.5,167.5,168.5,169.5,170.5,171.5,172.5,173.5,174.5,175.5,176.5,177.5,178.5,179.5,180.5,181.5,182.5,183.5,184.5,185.5,186.5,187.5,188.5,189.5,190.5,191.5,192.5,193.5,194.5,195.5,196.5,197.5,198.5,199.5,200.5,201.5,202.5,203.5,204.5,205.5,206.5,207.5,208.5,209.5,210.5,211.5,212.5,213.5,214.5,215.5,216.5,217.5,218.5,219.5,220.5,221.5,222.5,223.5,224.5,225.5,226.5,227.5,228.5,229.5,230.5,231.5,232.5,233.5,234.5,235.5,236.5,237.5,238.5,239.5,240.5,241.5,242.5,243.5,244.5,245.5,246.5,247.5,248.5,249.5,250.5,251.5,252.5,253.5,254.5,255.5,256.5,257.5,258.5,259.5,260.5,261.5,262.5,263.5,264.5,265.5,266.5,267.5,268.5,269.5,270.5,271.5,272.5,273.5,274.5,275.5,276.5,277.5,278.5,279.5,280.5,281.5,282.5,283.5,284.5,285.5,286.5,287.5,288.5,289.5,290.5,291.5,292.5,293.5,294.5,295.5,296.5,297.5,298.5,299.5,300.5,301.5,302.5,303.5,304.5,305.5,306.5,307.5,308.5,309.5,310.5,311.5,312.5,313.5,314.5,315.5,316.5,317.5,318.5,319.5,320.5,321.5,322.5,323.5,324.5,325.5,326.5,327.5,328.5,329.5,330.5,331.5,332.5,333.5,334.5,335.5,336.5,337.5,338.5,339.5,340.5,341.5,342.5,343.5,344.5,345.5,346.5,347.5,348.5,349.5,350.5,351.5,352.5,353.5,354.5,355.5,356.5,357.5,358.5,359.5,360.5,361.5,362.5,363.5,364.5,365.5,366.5,367.5,368.5,369.5,370.5,371.5,372.5,373.5,374.5,375.5,376.5,377.5,378.5,379.5,380.5,381.5,382.5,383.5,384.5,385.5,386.5,387.5,388.5,389.5,390.5,391.5,392.5,393.5,394.5,395.5,396.5,397.5,398.5,399.5,400.5,401.5,402.5,403.5,404.5,405.5,406.5,407.5,408.5,409.5,410.5,411.5,412.5,413.5,414.5,415.5,416.5,417.5,418.5,419.5,420.5,421.5,422.5,423.5,424.5,425.5,426.5,427.5,428.5,429.5,430.5,431.5,432.5,433.5,434.5,435.5,436.5,437.5,438.5,439.5,440.5,441.5,442.5,443.5,444.5,445.5,446.5,447.5,448.5,449.5,450.5,451.5,452.5,453.5,454.5,455.5,456.5,457.5,458.5,459.5,460.5,461.5,462.5,463.5,464.5,465.5,466.5,467.5,468.5,469.5,470.5,471.5,472.5,473.5,474.5,475.5,476.5,477.5,478.5,479.5,480.5,481.5,482.5,483.5,484.5,485.5,486.5,487.5,488.5,489.5,490.5,491.5,492.5,493.5,494.5,495.5,496.5,497.5,498.5,499.5,
(1 157629.83),(2 404759.75),(3 650030.94),(4 829897.2),(5 944940.2),(6 1009273.7),(7 1099954),(8 1128574.9),(9 1129578.9),(10 1153468.6),(11 1269724.4),(12 1436653.9),(13 1608212),(14 1744093.6),(15 1843834),(16 1909258.4),(17 1951378.9),(18 2037779),(19 2108723.3),(20 2121866.3),(21 2153803.8),(22 2211981.8),(23 2320465.3),(24 2428604.5),(25 2566063),(26 2674331.8),(27 2729830),(28 2612097),(29 2475431.8),(30 2344789.5),(31 2246532.3),(32 2153463.3),(33 2149177.8),(34 2227343),(35 2360973.3),(36 2483317),(37 2550141.8),(38 2509500),(39 2390493.3),(40 2241515.8),(41 2086307.1),(42 1961811.4),(43 1893495.4),(44 1925851.5),(45 2023523.9),(46 2146106.3),(47 2281394.3),(48 2340162.8),(49 2356317.8),(50 2299301.8),(51 2195588.8),(52 2191957),(53 2308920.8),(54 2388861.3),(55 2489286.8),(56 2620827.3),(57 2736773.5),(58 2787375.3),(59 2755212),(60 2672973.3),(61 2598045.3),(62 2486052.8),(63 2403039),(64 2358030),(65 2398460.8),(66 2450396.8),(67 2536170.3),(68 2595721.8),(69 2662389.8),(70 2610911.8),(71 2526287.8),(72 2377072),(73 2251733.8),(74 2098393.8),(75 1990928.4),(76 1964678.6),(77 2023689.1),(78 2215909.8),(79 2360556.8),
(1 138631.97),(2 379163.5),(3 642266.1),(4 872711.1),(5 1047918.2),(6 1162523.3),(7 1240463.5),(8 1315719.4),(9 1368581.4),(10 1434981.1),(11 1631692.6),(12 1823359.6),(13 2014290),(14 2215570.5),(15 2417871.5),(16 2540114.3),(17 2556030.5),(18 2592657),(19 2667197.3),(20 2714117.5),(21 2845378.5),(22 3046406.8),(23 3256449),(24 3405280),(25 3538748.8),(26 3640784.5),(27 3642040),(28 3614457.5),(29 3538285.5),(30 3461537.3),(31 3443031.3),(32 3418914),(33 3408472.8),(34 3472833.3),(35 3452156),(36 3397192.5),(37 3293175.5),(38 3168057.5),(39 3033298.5),(40 2929365),(41 2830076.5),(42 2801429.5),(43 2769900.5),(44 2804790.5),(45 2852466.5),(46 2875055.5),(47 2895461),(48 2880988.5),(49 2816695.3),(50 2796646.8),(51 2820898.5),(52 2803267.5),(53 2908365.5),(54 2923374.8),(55 2970805.3),(56 3056275.5),(57 3127381),(58 3168196.8),(59 3128720.5),(60 3059632.5),(61 3032085.3),(62 2967253.3),(63 2940702.5),(64 2998470),(65 3111264.5),(66 3254729.5),(67 3341826.8),(68 3382897.5),(69 3382718.5),(70 3281182.8),(71 3127412),(72 2955183.5),(73 2857912.3),(74 2793526.3),(75 2814789.5),(76 2822642),(77 2846104),(78 2890019.5),(79 2874599.3),
(1 165374.33),(2 477821.53),(3 807042.06),(4 1103464.5),(5 1324834.4),(6 1513716.4),(7 1646662.4),(8 1764562.5),(9 1890101.4),(10 2076548.5),(11 2362485.3),(12 2664212.5),(13 2959236.3),(14 3225114),(15 3439159.8),(16 3588182.3),(17 3671579.3),(18 3752680.8),(19 3847745.3),(20 3956066),(21 4133381.8),(22 4294264),(23 4478733.5),(24 4611224.5),(25 4751324.5),(26 4842012),(27 4886103.5),(28 4936728.5),(29 4966599.5),(30 4914941.5),(31 4840360.5),(32 4740750),(33 4639456),(34 4600503.5),(35 4549764.5),(36 4540774.5),(37 4488013.5),(38 4388694),(39 4213006.5),(40 4006299.3),(41 3724883.3),(42 3533035.3),(43 3411975),(44 3365092),(45 3349250),(46 3312549.3),(47 3259290.8),(48 3184892.3),(49 3055902.8),(50 2927205.8),(51 2860282),(52 2801246),(53 2784343.5),(54 2819419.8),(55 2902909.3),(56 3031205.3),(57 3090673.3),(58 3076917),(59 2989814),(60 2905311.3),(61 2843561.8),(62 2823928.8),(63 2838535),(64 2905020),(65 2990432.8),(66 3046294.8),(67 3060109),(68 3059222),(69 3032990.8),(70 2977794),(71 2916394),(72 2856811),(73 2851396.8),(74 2936386),(75 3056605.3),(76 3123951.8),(77 3159762),(78 3152364.8),(79 3165507.3),
(1 147755.97),(2 418622.66),(3 720735),(4 1006242.7),(5 1232464.3),(6 1386162.3),(7 1508275.8),(8 1648479.3),(9 1815744.4),(10 2020740.9),(11 2295985),(12 2591522),(13 2889840.3),(14 3158271.8),(15 3392126.8),(16 3517337.8),(17 3615461.5),(18 3690867),(19 3739002.3),(20 3789605.3),(21 3881297),(22 4013420.5),(23 4171633.3),(24 4273684.5),(25 4360218),(26 4384591),(27 4336777),(28 4302054),(29 4214612),(30 4118561.8),(31 4023544),(32 3916569),(33 3821679),(34 3796571),(35 3753349.3),(36 3706330.8),(37 3630147.5),(38 3524985),(39 3395450.3),(40 3291001.3),(41 3233100.3),(42 3229129.5),(43 3259062),(44 3279158.5),(45 3296757.8),(46 3296658.8),(47 3245787),(48 3165026),(49 3111277),(50 3025649),(51 2981831.8),(52 2971861.3),(53 2985392),(54 3031306),(55 3102123),(56 3214903.5),(57 3309317.8),(58 3341268),(59 3259295.5),(60 3178695.5),(61 3148329),(62 3149370.3),(63 3164029.3),(64 3214211.3),(65 3303319),(66 3350116.5),(67 3366011.3),(68 3388605.3),(69 3415748.5),(70 3391403.8),(71 3377658.3),(72 3354551.5),(73 3387733.8),(74 3473206.8),(75 3555114.5),(76 3611923),(77 3617320.5),(78 3635890.3),(79 3630851),
(1 152629.19),(2 418553.78),(3 717370.3),(4 974196.2),(5 1183487.8),(6 1357092),(7 1494739.8),(8 1591390.9),(9 1715890.9),(10 1897627.3),(11 2104822),(12 2323268),(13 2510580.5),(14 2683203.8),(15 2855478.5),(16 2978421),(17 3054891.8),(18 3099724.8),(19 3094501.5),(20 3154774.5),(21 3271983.8),(22 3450686.5),(23 3639376.8),(24 3774898.5),(25 3881853.8),(26 3918595.8),(27 3920733.8),(28 3896673.8),(29 3818150.5),(30 3783357.8),(31 3750789.8),(32 3759583.3),(33 3804960),(34 3870147),(35 3889164.8),(36 3890435),(37 3822035.8),(38 3707190.5),(39 3608966.5),(40 3533190.5),(41 3496545.5),(42 3449929.5),(43 3430620.3),(44 3481908.3),(45 3537126.3),(46 3607032.8),(47 3658868.8),(48 3658671.3),(49 3613734.5),(50 3571740.3),(51 3568274.3),(52 3551719.8),(53 3555414.5),(54 3601936.8),(55 3662955.8),(56 3773701.8),(57 3881497.5),(58 3978254.5),(59 4017267.8),(60 4001156.3),(61 3991456),(62 4011696.8),(63 3988632.8),(64 3991080),(65 4019575.3),(66 4118856.3),(67 4178912),(68 4246936),(69 4322814),(70 4342870),(71 4424628.5),(72 4476354),(73 4528898),(74 4606608),(75 4721749),(76 4858979),(77 4988260.5),(78 5148639.5),(79 5269066),
(1 141681.2),(2 391499.6),(3 650044.75),(4 898067.6),(5 1088970.8),(6 1285994),(7 1447109.3),(8 1561075.5),(9 1701801.3),(10 1860831.6),(11 2070051.6),(12 2271849.3),(13 2452701.8),(14 2593349.5),(15 2693854.3),(16 2746521.5),(17 2771432.8),(18 2766762),(19 2714072.5),(20 2666802.5),(21 2720562.8),(22 2848369.3),(23 2956560.5),(24 3062095.5),(25 3209320.5),(26 3278613.5),(27 3289962),(28 3310408.8),(29 3345018.3),(30 3382046.8),(31 3418292),(32 3495164.8),(33 3537834.5),(34 3608760),(35 3664648.5),(36 3722812.8),(37 3717330.8),(38 3704240),(39 3657782),(40 3575516),(41 3518133.3),(42 3501608.5),(43 3522020.8),(44 3559620.8),(45 3580646.5),(46 3641580.8),(47 3759329.5),(48 3840453.5),(49 3891322.5),(50 3990308),(51 4123546.5),(52 4191404.8),(53 4269511),(54 4358793.5),(55 4441084),(56 4533081.5),(57 4588397),(58 4654619),(59 4724397.5),(60 4688715.5),(61 4690491),(62 4656475),(63 4659033.5),(64 4662770.5),(65 4676065.5),(66 4726631),(67 4764257.5),(68 4775548),(69 4737373.5),(70 4672037.5),(71 4652171),(72 4607304),(73 4598681),(74 4637016.5),(75 4684118),(76 4714016),(77 4730322.5),(78 4790915),(79 4817571),
(1 147557.4),(2 398608.72),(3 639733.75),(4 859943.25),(5 1036204.7),(6 1182361.5),(7 1289395),(8 1377899.5),(9 1476556.9),(10 1592904.5),(11 1783311.4),(12 2003641.8),(13 2170658.3),(14 2288938.3),(15 2377514.3),(16 2521985),(17 2622727.8),(18 2699589),(19 2759679),(20 2796536),(21 2850186.5),(22 2929583.5),(23 3042135),(24 3142696.3),(25 3257931.5),(26 3352677.8),(27 3389973),(28 3362757.8),(29 3345760.3),(30 3326098.3),(31 3299214.8),(32 3286688.5),(33 3241743),(34 3191235.5),(35 3153142.5),(36 3128552),(37 3082196.5),(38 3012953),(39 2934272),(40 2820864),(41 2737215),(42 2693912),(43 2689975.8),(44 2676305.5),(45 2697381),(46 2724547.5),(47 2730197.5),(48 2727772.5),(49 2709535),(50 2714056.3),(51 2715142.5),(52 2718945.8),(53 2695960.3),(54 2722426.3),(55 2767043.8),(56 2807351.5),(57 2841904.5),(58 2899929.5),(59 2919661.5),(60 2890255),(61 2890075.5),(62 2851378.5),(63 2847713.5),(64 2873464.5),(65 2916795.8),(66 2959057.5),(67 2972561.8),(68 2982119),(69 3019574.8),(70 3032774.5),(71 3004040),(72 2959773.5),(73 2902175),(74 2873886.8),(75 2877178.8),(76 2903685.5),(77 2936478.8),(78 2997137.8),(79 3022414.3),
(1 158869.22),(2 453699.88),(3 748477.25),(4 1015277.2),(5 1231884),(6 1348499.8),(7 1400271.4),(8 1430100.8),(9 1481471.5),(10 1595304.8),(11 1774178.9),(12 1995351.5),(13 2181904),(14 2318558.3),(15 2426454.5),(16 2527145.3),(17 2555986.3),(18 2571118.5),(19 2582898.8),(20 2604144.3),(21 2675241.8),(22 2774498.3),(23 2914200.8),(24 3092675),(25 3264208.5),(26 3420311.5),(27 3528612.3),(28 3526273.5),(29 3492767),(30 3407603.8),(31 3304784),(32 3249343.5),(33 3247745),(34 3265742.5),(35 3291771.3),(36 3333475.3),(37 3333367.5),(38 3271235.8),(39 3165264.5),(40 3033395.3),(41 2938635.8),(42 2897545.5),(43 2886049),(44 2903909.8),(45 2927982.8),(46 2949453.5),(47 2952489.8),(48 2910962.3),(49 2807191.5),(50 2725271.8),(51 2684683.3),(52 2690459.3),(53 2721661.8),(54 2765810.3),(55 2772863),(56 2786662.5),(57 2767025.5),(58 2749003.3),(59 2695633.3),(60 2622206.8),(61 2557584.3),(62 2548461.8),(63 2598675.5),(64 2648807),(65 2684521.8),(66 2696239),(67 2697181.8),(68 2684869.5),(69 2714292.3),(70 2703621),(71 2706240),(72 2742833),(73 2817639),(74 2865751.5),(75 2892139.5),(76 2936679),(77 2970040.8),(78 3016106.5),(79 3019932.3),
(1 149735.61),(2 400614.34),(3 659709.3),(4 913224.8),(5 1151969.8),(6 1341101.5),(7 1486755),(8 1596532.3),(9 1692003.8),(10 1816418.3),(11 2006851.8),(12 2216551.8),(13 2397026.8),(14 2576482),(15 2720149.3),(16 2802536),(17 2851203.5),(18 2846586),(19 2852749),(20 2905394.3),(21 3001874.3),(22 3121944.5),(23 3251772),(24 3384944.3),(25 3514596.3),(26 3647896),(27 3709434.3),(28 3700812.8),(29 3702231.5),(30 3724591),(31 3727393.3),(32 3717797.8),(33 3690931.3),(34 3670470),(35 3653810),(36 3633857),(37 3593817.8),(38 3472063.8),(39 3324174.3),(40 3185841.8),(41 3047515),(42 2955007.5),(43 2923068),(44 2928954.8),(45 2942142.5),(46 2953838),(47 2954695.3),(48 2927626.8),(49 2912994.8),(50 2901316.3),(51 2899803.8),(52 2920794.3),(53 2995152),(54 3076846.3),(55 3148598.5),(56 3207679.5),(57 3237548),(58 3239919.5),(59 3194370),(60 3130647.5),(61 3092013.8),(62 3074578.8),(63 3101483.3),(64 3134592.5),(65 3192949.3),(66 3248909.3),(67 3297603.5),(68 3366967.3),(69 3394442.3),(70 3397569.8),(71 3410979),(72 3437503.5),(73 3505953.3),(74 3568169),(75 3635614.5),(76 3686117.8),(77 3729341),(78 3734062.5),(79 3698294.5),
(1 162218.33),(2 455139.16),(3 763652.7),(4 1053391),(5 1299005.6),(6 1477643.5),(7 1583534.9),(8 1643169.4),(9 1706171.3),(10 1812179.5),(11 2000476.6),(12 2231804),(13 2462945.3),(14 2665389.8),(15 2823794.3),(16 2927164),(17 2973245.8),(18 2991047.3),(19 3002802.8),(20 3034568.5),(21 3124214.3),(22 3286108),(23 3471172.5),(24 3665715.3),(25 3809733.3),(26 3912506.8),(27 3956267.5),(28 3939082.8),(29 3898666.8),(30 3879177.8),(31 3893311),(32 3932320.5),(33 3973051.5),(34 4006079.5),(35 4037115.5),(36 4010260),(37 3952079.5),(38 3863937),(39 3742721),(40 3601194.3),(41 3497797.8),(42 3450640),(43 3477648.8),(44 3557948.5),(45 3627298.3),(46 3696888),(47 3742665.8),(48 3746399.5),(49 3748597),(50 3715703.5),(51 3684776.3),(52 3651494.8),(53 3663658.5),(54 3708031.8),(55 3768643.5),(56 3819481.8),(57 3859860.5),(58 3883357),(59 3858048),(60 3811268.5),(61 3778820.5),(62 3738201.8),(63 3745527),(64 3775540),(65 3843128.5),(66 3952433.3),(67 4062130.8),(68 4167102.3),(69 4216937),(70 4215603.5),(71 4239687),(72 4256141),(73 4302470),(74 4351154),(75 4440118.5),(76 4526981.5),(77 4637107.5),(78 4726299.5),(79 4801406),
(1 165608.38),(2 462189.34),(3 768043.25),(4 1048379.6),(5 1298348.1),(6 1488660.9),(7 1612383.8),(8 1715302.5),(9 1817769.6),(10 1952440.9),(11 2145202.5),(12 2411400.8),(13 2644692.5),(14 2864092.8),(15 3015882.3),(16 3137827.8),(17 3222457),(18 3286982.5),(19 3328270),(20 3373346.3),(21 3466647.3),(22 3621575),(23 3812918.3),(24 3978453.8),(25 4102873.5),(26 4175738.8),(27 4183568),(28 4167322.3),(29 4103235.8),(30 4055192),(31 4047287),(32 4089415.5),(33 4126226.8),(34 4154805.8),(35 4154227.3),(36 4100632.5),(37 4012126),(38 3871209.5),(39 3720991.5),(40 3556125.8),(41 3420302.8),(42 3365730.8),(43 3327664.3),(44 3351730),(45 3411834.3),(46 3442256.8),(47 3471987.3),(48 3485436),(49 3459707),(50 3396479.8),(51 3331046),(52 3305173.8),(53 3328219.3),(54 3401121.3),(55 3471971.8),(56 3524999.5),(57 3581921),(58 3608693.5),(59 3593418),(60 3513962.3),(61 3480061.5),(62 3412826),(63 3379231.8),(64 3407091),(65 3479286.3),(66 3571373.3),(67 3644024.3),(68 3698082.3),(69 3725641.8),(70 3767212),(71 3795481),(72 3806666.5),(73 3872090),(74 3982725.8),(75 4085539.3),(76 4211822),(77 4357543),(78 4498989.5),(79 4611536),
(1 151913.77),(2 428072.88),(3 719869.1),(4 996954.2),(5 1238651.5),(6 1405850.1),(7 1504587),(8 1555470.3),(9 1581989.9),(10 1634947.1),(11 1768276.5),(12 1930285.3),(13 2097516.8),(14 2257619.8),(15 2395848),(16 2511673),(17 2566957.3),(18 2592583.8),(19 2587489.8),(20 2623741.5),(21 2724592),(22 2857345.5),(23 3005155.3),(24 3169101.3),(25 3317220.5),(26 3436353.5),(27 3511982.5),(28 3551295.3),(29 3551740.5),(30 3544544),(31 3528381.3),(32 3542588.3),(33 3539433),(34 3557044.5),(35 3577400.3),(36 3593428.8),(37 3570056.3),(38 3529392.3),(39 3456346.5),(40 3376952.3),(41 3313545.8),(42 3289416.3),(43 3261865),(44 3286766),(45 3336597.3),(46 3403887.8),(47 3441500.5),(48 3474204.5),(49 3467009.5),(50 3454067.5),(51 3430114.8),(52 3421968),(53 3426050.8),(54 3473123.5),(55 3546352.8),(56 3612097.8),(57 3691475.3),(58 3754122.8),(59 3804855),(60 3797598),(61 3776331.8),(62 3766825.8),(63 3754772.3),(64 3793429.5),(65 3845515.8),(66 3935295.3),(67 4037959),(68 4126065),(69 4165618.8),(70 4227072),(71 4258891),(72 4259248),(73 4283041.5),(74 4333084),(75 4367695.5),(76 4415678),(77 4491945.5),(78 4557458),(79 4585873.5),
(1 153823.2),(2 423298.84),(3 703397.44),(4 948448.7),(5 1154328.9),(6 1302583.5),(7 1408016.6),(8 1481289.6),(9 1562838.4),(10 1680433.4),(11 1890426.9),(12 2126605.3),(13 2362463),(14 2564731.3),(15 2718840.3),(16 2842844),(17 2924539.3),(18 2978787.3),(19 3000616.8),(20 3030262.8),(21 3086101.3),(22 3211301.8),(23 3333110),(24 3459655),(25 3549941.8),(26 3581346.8),(27 3598092),(28 3614319.8),(29 3628684.8),(30 3626080),(31 3575963.3),(32 3568622.8),(33 3593808),(34 3617921.8),(35 3656649.3),(36 3677050.8),(37 3648805),(38 3578053.8),(39 3469357.8),(40 3339248),(41 3225285),(42 3180031),(43 3176407.3),(44 3219518.8),(45 3285960),(46 3338004.3),(47 3378103.8),(48 3364382),(49 3335169.3),(50 3272414.8),(51 3216946.8),(52 3206013),(53 3203812),(54 3221838.8),(55 3269211.3),(56 3316739.3),(57 3345464),(58 3339553.3),(59 3320506),(60 3294676),(61 3242977.3),(62 3225164.3),(63 3217030.8),(64 3237554),(65 3279499.8),(66 3327134.8),(67 3385567.3),(68 3416753.3),(69 3446812.3),(70 3501032.8),(71 3540354.8),(72 3583094.8),(73 3651282.8),(74 3705457),(75 3738272.8),(76 3745521.3),(77 3766860),(78 3753071.3),(79 3742692),
(1 152231.6),(2 422782.63),(3 706938.06),(4 957848.56),(5 1151375.9),(6 1296327.8),(7 1374231.4),(8 1417003.6),(9 1471836.1),(10 1575113.6),(11 1764640.4),(12 1974683.9),(13 2180649.8),(14 2356774),(15 2492440.8),(16 2592897),(17 2624687.3),(18 2630958),(19 2602876),(20 2623514),(21 2684399.3),(22 2769499),(23 2880680.8),(24 2980066.3),(25 3063248.3),(26 3114373.8),(27 3124891.5),(28 3090451.8),(29 3031025.3),(30 2974019.3),(31 2927487),(32 2883863.8),(33 2850144.8),(34 2829672.3),(35 2815899),(36 2795625),(37 2740698.5),(38 2675394.3),(39 2620351.3),(40 2552289.3),(41 2470119),(42 2435052.3),(43 2430895),(44 2474887.8),(45 2529769),(46 2603979.8),(47 2688948.3),(48 2754931.8),(49 2797703.8),(50 2826442.3),(51 2842439.3),(52 2859909),(53 2919158.5),(54 3029845),(55 3158654),(56 3315441.5),(57 3454083),(58 3555452.3),(59 3585783),(60 3578631.8),(61 3560894),(62 3538503.8),(63 3564575.3),(64 3613011.3),(65 3681989.8),(66 3760239),(67 3846393.5),(68 3913414),(69 4008068.5),(70 4068538.3),(71 4047777.5),(72 3980693),(73 3983028.3),(74 3996882.5),(75 3999955.8),(76 4019326),(77 4048386),(78 4045936.8),(79 4028000),
(1 147570.94),(2 413670.75),(3 700897.44),(4 969457.8),(5 1179884.5),(6 1333352.4),(7 1408629.8),(8 1442571.6),(9 1467713.1),(10 1538333.8),(11 1670600.5),(12 1849287.9),(13 2038016.8),(14 2241287),(15 2387742),(16 2471949.5),(17 2499448.3),(18 2474607),(19 2448727),(20 2437505.3),(21 2455094.5),(22 2554888.3),(23 2720248.8),(24 2896268.3),(25 3026321.3),(26 3139577.5),(27 3221101.5),(28 3261165.8),(29 3260887),(30 3260649),(31 3258334.8),(32 3272502.5),(33 3319372.5),(34 3380039),(35 3415030.5),(36 3402079.3),(37 3373719.3),(38 3302397),(39 3187197.5),(40 3057009.3),(41 2930617),(42 2852485.5),(43 2815224),(44 2807046),(45 2796026),(46 2810784.8),(47 2828264),(48 2834339),(49 2835164.8),(50 2853631.8),(51 2852392.3),(52 2884989),(53 2929664),(54 2974878.5),(55 3057514.3),(56 3143973),(57 3207274.3),(58 3250315),(59 3286971.8),(60 3274571.8),(61 3281889.5),(62 3335681),(63 3411583.3),(64 3495123.8),(65 3599355.8),(66 3679891.8),(67 3759371.5),(68 3830790),(69 3937056.8),(70 4034400.3),(71 4066366),(72 4039001),(73 3998838),(74 3960177.3),(75 3982917.8),(76 3986196.3),(77 3990922.5),(78 4011414.5),(79 4018580.8),
(1 151866.48),(2 414721.03),(3 685422.5),(4 928618.56),(5 1135206.6),(6 1274518.5),(7 1362130.4),(8 1408328.9),(9 1457030.9),(10 1523047.4),(11 1634040.9),(12 1782636.9),(13 1924851.4),(14 2048371.8),(15 2132321),(16 2168801.3),(17 2115295),(18 2053931),(19 1982596.1),(20 1959399.3),(21 1980944.3),(22 2062322.6),(23 2154977.3),(24 2251974),(25 2322202.3),(26 2375667.5),(27 2412563),(28 2418880.3),(29 2370610),(30 2339057.3),(31 2322923.5),(32 2331342.3),(33 2372366.3),(34 2414515.3),(35 2461697.3),(36 2493098),(37 2495151.5),(38 2447335.8),(39 2360854.3),(40 2283754),(41 2245527.5),(42 2264128.3),(43 2325231.8),(44 2393308),(45 2484959.8),(46 2581597.8),(47 2663292.3),(48 2720675.8),(49 2732082.8),(50 2739319),(51 2755809.3),(52 2791669.8),(53 2860394.8),(54 2958219.8),(55 3037966.5),(56 3115862.5),(57 3198723.5),(58 3283918.3),(59 3336308.8),(60 3426371),(61 3471369),(62 3552173.8),(63 3641957.3),(64 3718100.3),(65 3808195.5),(66 3877702.5),(67 3948713),(68 3981468.5),(69 4017287.5),(70 4029682.3),(71 4062323),(72 4064550),(73 4070571.3),(74 4075340.8),(75 4082002.3),(76 4096088),(77 4088034.8),(78 4091312.5),(79 4073362.8),
(1 158643.4),(2 431241.1),(3 726407),(4 983664.4),(5 1182841.1),(6 1330220.4),(7 1433179.6),(8 1473710.6),(9 1518648.8),(10 1599232.1),(11 1753265.4),(12 1945249.4),(13 2117723.8),(14 2269026.3),(15 2367315.3),(16 2412037.3),(17 2396739.5),(18 2374521.8),(19 2350421),(20 2354906.3),(21 2402940),(22 2500644.8),(23 2616377.3),(24 2747380.5),(25 2846813.8),(26 2900447),(27 2951611.5),(28 2959406.8),(29 2941573),(30 2918085.5),(31 2921472.8),(32 2968558.3),(33 3030181.8),(34 3064514.3),(35 3082677.3),(36 3070931.3),(37 3030276.8),(38 2978979.8),(39 2893532.3),(40 2805335.3),(41 2711978.8),(42 2642683.5),(43 2637979.8),(44 2675761),(45 2705242.8),(46 2752243.3),(47 2786685.3),(48 2801035.8),(49 2808321.3),(50 2797922.8),(51 2776281.5),(52 2762507.3),(53 2768343.3),(54 2793695),(55 2832882.8),(56 2861156.3),(57 2866307.8),(58 2876148.3),(59 2863680),(60 2870345.3),(61 2845832),(62 2830400),(63 2842232),(64 2871056.5),(65 2909513),(66 2938848),(67 2947229.8),(68 2945331),(69 2939938.8),(70 2908973.8),(71 2872954.3),(72 2828932),(73 2801821.8),(74 2799641.8),(75 2800447.5),(76 2800849.5),(77 2817201.8),(78 2853132.8),(79 2903755.8),
(1 159549.97),(2 434795.38),(3 715625.7),(4 955232.9),(5 1148349.3),(6 1298804.1),(7 1394958.5),(8 1448634.1),(9 1513257.1),(10 1619867.4),(11 1776055.8),(12 1953596.5),(13 2107693),(14 2247012.8),(15 2333267.5),(16 2373789.8),(17 2397467.8),(18 2401989.8),(19 2415577.8),(20 2431836.8),(21 2498880.3),(22 2598595.5),(23 2705715.5),(24 2818469.5),(25 2889936),(26 2915534.5),(27 2933334.8),(28 2921056),(29 2910999.3),(30 2906125.8),(31 2923929.3),(32 2944231.3),(33 2956970),(34 2945358),(35 2923011),(36 2885495.8),(37 2840530.8),(38 2778908.5),(39 2663949.5),(40 2525319.8),(41 2400470.8),(42 2323889),(43 2294332.5),(44 2283145.3),(45 2256992.5),(46 2239604.8),(47 2231885.5),(48 2222919.3),(49 2210494.5),(50 2180627),(51 2184569.3),(52 2207998.8),(53 2260545),(54 2326133.8),(55 2383297.8),(56 2440192.5),(57 2486103.3),(58 2519087.5),(59 2516548.5),(60 2528122.5),(61 2543251),(62 2581161.3),(63 2627506.5),(64 2660688.5),(65 2697072),(66 2739812.8),(67 2788088.3),(68 2820741.5),(69 2839299),(70 2871118),(71 2918133.3),(72 2955398.5),(73 3013871.5),(74 3072377.8),(75 3095865.3),(76 3117726.8),(77 3158632),(78 3191544.3),(79 3218773),
(1 151904.53),(2 414675.22),(3 693579.25),(4 924992.94),(5 1088754.5),(6 1196426.4),(7 1243913.3),(8 1260922.6),(9 1312576.5),(10 1401831.8),(11 1517648.3),(12 1670533.6),(13 1802271.4),(14 1925061.4),(15 2001990.3),(16 2025535.5),(17 2020207),(18 1980407.3),(19 1944023.8),(20 1920928.5),(21 1933041.8),(22 1979831.8),(23 2070622.5),(24 2156508.5),(25 2218578.5),(26 2242543),(27 2240007.5),(28 2216969),(29 2184629.8),(30 2143683),(31 2152066.3),(32 2173347.5),(33 2209096.3),(34 2248687.5),(35 2295092.3),(36 2317394.8),(37 2319431.5),(38 2296562),(39 2255186.3),(40 2203215.8),(41 2147253.5),(42 2102286),(43 2097403.5),(44 2104124.3),(45 2126638.3),(46 2151594.3),(47 2180468.3),(48 2195690.3),(49 2223127.5),(50 2227746.8),(51 2217635.8),(52 2215019.3),(53 2262206.5),(54 2313465.3),(55 2368333),(56 2408346.3),(57 2453336.3),(58 2465043),(59 2447681),(60 2432858.8),(61 2409082.5),(62 2394224.5),(63 2423738.3),(64 2470568.3),(65 2507893.3),(66 2549504.3),(67 2577541.3),(68 2599176.8),(69 2641226.3),(70 2657088),(71 2691964),(72 2730650.3),(73 2766651.3),(74 2820783.8),(75 2894580.8),(76 2955774),(77 3014018.5),(78 3058121.8),(79 3067927.3),
(1 146692.4),(2 390792.8),(3 641799.75),(4 856570.4),(5 1005279.25),(6 1111220.5),(7 1162761.8),(8 1195626.1),(9 1226949),(10 1269961.5),(11 1349112),(12 1446613.5),(13 1540444.3),(14 1629051.1),(15 1689818.8),(16 1705859.3),(17 1688097.4),(18 1645059.6),(19 1616072.8),(20 1603399),(21 1605545),(22 1638151.8),(23 1710256.3),(24 1784284.3),(25 1835476.4),(26 1857178.9),(27 1850646.8),(28 1834697.5),(29 1813968.1),(30 1803485.8),(31 1816303.1),(32 1851604.5),(33 1893278.5),(34 1941950.5),(35 2002369.8),(36 2041548.4),(37 2068093.9),(38 2080976.3),(39 2079787),(40 2039188.9),(41 1999598.8),(42 2002503),(43 2035511.5),(44 2093874.3),(45 2151232.3),(46 2202461.8),(47 2261225.5),(48 2299238.5),(49 2343110),(50 2361465),(51 2379933.5),(52 2390134),(53 2392743),(54 2418057.8),(55 2439725.3),(56 2444119),(57 2457948.5),(58 2467929),(59 2458640.5),(60 2449803.8),(61 2432182.3),(62 2403686),(63 2413688.5),(64 2441969),(65 2481728.8),(66 2515374),(67 2544909.8),(68 2570159.8),(69 2593013),(70 2589158.8),(71 2562436.8),(72 2499714),(73 2468936),(74 2470219),(75 2477625.8),(76 2490003),(77 2511131),(78 2528297.5),(79 2530365),
(1 142364.66),(2 378309.66),(3 618743.4),(4 816491),(5 953387.8),(6 1052121.3),(7 1119464.6),(8 1165118),(9 1204706.9),(10 1270994),(11 1386422.9),(12 1521470),(13 1639603.6),(14 1749564.4),(15 1810682),(16 1845576.3),(17 1851052.5),(18 1825968.6),(19 1790596.5),(20 1753723.5),(21 1776569.6),(22 1842280),(23 1922434.6),(24 1978077.4),(25 2024452.8),(26 2051287.1),(27 2066289.1),(28 2056489.1),(29 2048789),(30 2024248),(31 2014486.9),(32 2036299.9),(33 2077552.9),(34 2131241.5),(35 2180604.3),(36 2193917.8),(37 2215104.8),(38 2212255.3),(39 2166800.3),(40 2094704),(41 2035792.6),(42 2031741.9),(43 2056511.4),(44 2111768.3),(45 2174466.3),(46 2239143.3),(47 2287896.5),(48 2313171.5),(49 2335833.5),(50 2371523.3),(51 2378596),(52 2380459),(53 2392820.8),(54 2415860.3),(55 2429807.8),(56 2457758.5),(57 2498017.5),(58 2550063.5),(59 2583548),(60 2594157.8),(61 2595461.5),(62 2602736.3),(63 2601128.3),(64 2603513.5),(65 2619331),(66 2658239.5),(67 2682024.8),(68 2691506.5),(69 2697187),(70 2701942),(71 2706747.3),(72 2691656.8),(73 2658788.3),(74 2643435.8),(75 2635302.5),(76 2669062.5),(77 2707204.5),(78 2742787.5),(79 2746664),
(1 140832.92),(2 383863.1),(3 627646.9),(4 822564.06),(5 942297.25),(6 1029527),(7 1070290.5),(8 1091466),(9 1116160.6),(10 1156806.9),(11 1216227.1),(12 1301522.6),(13 1382455.4),(14 1460868.4),(15 1509517),(16 1527198.9),(17 1520110.3),(18 1485126.8),(19 1444155.6),(20 1429268.5),(21 1441594.3),(22 1494844.6),(23 1567356.5),(24 1651892.6),(25 1730813.8),(26 1796749),(27 1844866.9),(28 1869745),(29 1853048.5),(30 1836784.6),(31 1832405.8),(32 1843505.5),(33 1875952.3),(34 1917752),(35 1939929.4),(36 1950353.6),(37 1952229.8),(38 1948567.8),(39 1938037.5),(40 1927795.6),(41 1905839.6),(42 1907562.5),(43 1934480.9),(44 1947181.5),(45 1971723),(46 2006251.4),(47 2017277.3),(48 2015296.5),(49 1990181.3),(50 1959123.3),(51 1919302),(52 1874075.3),(53 1853428.6),(54 1864233.9),(55 1875965.3),(56 1897872.1),(57 1911829.6),(58 1926471.8),(59 1933470.6),(60 1921615.5),(61 1912055.4),(62 1886685),(63 1899940.1),(64 1909215.6),(65 1927889.4),(66 1960567.4),(67 1988840.3),(68 2012669),(69 2025822.6),(70 2032598.9),(71 2014314.8),(72 1986688.6),(73 1972349.8),(74 1963817.6),(75 1963913.1),(76 1978198.9),(77 1990628.8),(78 2001337.6),(79 2005217.1),
(1 138113.9),(2 371668.06),(3 596879.2),(4 787912.3),(5 938799.7),(6 1041913.3),(7 1126555),(8 1187020.4),(9 1235649.9),(10 1300675.6),(11 1420798.1),(12 1541145.6),(13 1653833.8),(14 1762829.4),(15 1849777.1),(16 1874568.9),(17 1860678.9),(18 1830830.6),(19 1827352.6),(20 1822243.3),(21 1842955),(22 1908120.5),(23 1970292),(24 2043560.3),(25 2116443.3),(26 2173802.3),(27 2225315),(28 2277793),(29 2321654),(30 2335805),(31 2329213.5),(32 2334495.5),(33 2336665.8),(34 2365211),(35 2389261),(36 2401232.8),(37 2396521.5),(38 2357537.3),(39 2302069),(40 2253395.8),(41 2195024.3),(42 2162497.3),(43 2150837.3),(44 2153548),(45 2145147),(46 2126938.3),(47 2101344.8),(48 2063841.4),(49 2029561.1),(50 1992956.9),(51 1954381.8),(52 1911280.3),(53 1873524),(54 1862013.1),(55 1862108.9),(56 1853441.5),(57 1847510),(58 1855461.5),(59 1867107.4),(60 1864522.5),(61 1849996.4),(62 1828481.5),(63 1827759.6),(64 1839490.8),(65 1843950.5),(66 1855338.1),(67 1871949.8),(68 1875407.5),(69 1892642.5),(70 1919576.6),(71 1950801.8),(72 1952055.1),(73 1962692),(74 1968631.5),(75 1979988.6),(76 1990644.3),(77 1992940.3),(78 1997202.6),(79 2003585.1),
(1 135252.25),(2 346332.2),(3 543009.75),(4 705844.5),(5 828422.9),(6 911863.56),(7 974285.75),(8 1019048.56),(9 1061584.4),(10 1120737.3),(11 1219131.9),(12 1329849.6),(13 1416128.5),(14 1506376.8),(15 1574845.8),(16 1606713.6),(17 1611879.3),(18 1591644.5),(19 1575102.1),(20 1564861.4),(21 1575436.6),(22 1627131.9),(23 1698067.4),(24 1774675.4),(25 1847195.5),(26 1893367.9),(27 1908021.3),(28 1897321.5),(29 1892814.5),(30 1894415.6),(31 1912925.8),(32 1934539.5),(33 1962682.8),(34 2008829.8),(35 2078757),(36 2100211),(37 2112398.3),(38 2087044.6),(39 2053208.5),(40 2015091),(41 1972725.6),(42 1970161.1),(43 1998948.5),(44 2035108.3),(45 2068838.5),(46 2089640.9),(47 2089576),(48 2079986.4),(49 2070373.3),(50 2068584),(51 2052967.5),(52 2039007.6),(53 2041233.9),(54 2057544.5),(55 2068524.9),(56 2066651),(57 2069952.4),(58 2061938.6),(59 2058829.6),(60 2060745.3),(61 2054899.5),(62 2037421.4),(63 2039820.5),(64 2045845.6),(65 2049678.5),(66 2039034),(67 2038311.5),(68 2044067.9),(69 2042971.8),(70 2049243.1),(71 2054443.5),(72 2039722),(73 2025493.3),(74 2018296.5),(75 2028471.9),(76 2063028.9),(77 2068826.6),(78 2081321.6),(79 2096467.1),
(1 131624.42),(2 346000.34),(3 546050.3),(4 698719.6),(5 820709.9),(6 909469.25),(7 978410.3),(8 1035616.44),(9 1077343.4),(10 1117238.8),(11 1198904.9),(12 1301014.6),(13 1382856.5),(14 1449674.1),(15 1495989.4),(16 1501840.5),(17 1491329.1),(18 1466726.3),(19 1425212.8),(20 1379611.9),(21 1381317.4),(22 1423087.9),(23 1480762.3),(24 1543229.8),(25 1607208.4),(26 1641242.3),(27 1672596.8),(28 1692718.8),(29 1710921.4),(30 1712199.1),(31 1711531),(32 1739224.1),(33 1773477.8),(34 1792423.1),(35 1794974),(36 1768070.3),(37 1748262.3),(38 1713293.1),(39 1677606.8),(40 1627299.8),(41 1596635.9),(42 1592190),(43 1612147.3),(44 1655330.1),(45 1694186.1),(46 1712735.6),(47 1726760.5),(48 1745092.3),(49 1754674.1),(50 1743718.6),(51 1725252.8),(52 1732031.9),(53 1761590.9),(54 1802872),(55 1816952.5),(56 1833474.9),(57 1852463.1),(58 1868352.4),(59 1858075.8),(60 1838720.8),(61 1816917.9),(62 1784097.1),(63 1783357.5),(64 1807888.8),(65 1839679.3),(66 1841632),(67 1849777.4),(68 1865450.1),(69 1874006),(70 1877246.9),(71 1868463.1),(72 1862283.4),(73 1864726),(74 1845674.3),(75 1838075.8),(76 1844167.1),(77 1837684.6),(78 1828952),(79 1812327.1),
(1 130988.9),(2 341601.22),(3 529605.3),(4 668616.8),(5 777295.56),(6 846587.3),(7 893201.9),(8 938360.56),(9 974376.9),(10 1020358.75),(11 1088128.8),(12 1176350.5),(13 1260975.8),(14 1331101.1),(15 1381939.4),(16 1409114.1),(17 1414441.6),(18 1400474.8),(19 1386130.3),(20 1379561.4),(21 1402661.8),(22 1442459),(23 1496336.8),(24 1544746.3),(25 1582445),(26 1618870.8),(27 1663131.5),(28 1692474.3),(29 1706643),(30 1710726.3),(31 1713254.4),(32 1731320.4),(33 1754501.8),(34 1775130.6),(35 1786559.1),(36 1787255.9),(37 1772672.4),(38 1755370.3),(39 1708973.4),(40 1660547.5),(41 1634635),(42 1619731.3),(43 1645014.8),(44 1673439.9),(45 1693582.6),(46 1710849.1),(47 1706774.8),(48 1720843.8),(49 1729427.9),(50 1727925.1),(51 1728588.1),(52 1719238.9),(53 1725845.8),(54 1738648.4),(55 1739142.9),(56 1754084.5),(57 1773354.9),(58 1789344.1),(59 1791021.4),(60 1800774.8),(61 1808327.1),(62 1820699.5),(63 1858186.5),(64 1911004.1),(65 1947833.4),(66 1982461.1),(67 2018352),(68 2059656.5),(69 2068824.9),(70 2069392.5),(71 2055706.9),(72 2060211.3),(73 2061962.6),(74 2065287.5),(75 2077854.3),(76 2073733.4),(77 2074050.9),(78 2082812.8),(79 2070118.8),
(1 129114.19),(2 328326.38),(3 507108.9),(4 641775.1),(5 728596.9),(6 778609.7),(7 799959.7),(8 816612.56),(9 842325.5),(10 881588.56),(11 963013.1),(12 1054983.8),(13 1133956.8),(14 1200239.4),(15 1234707.8),(16 1249720.6),(17 1251214),(18 1241973),(19 1246943),(20 1266979),(21 1301773.9),(22 1330840),(23 1346602.4),(24 1360134.1),(25 1370326.3),(26 1384709.9),(27 1405516.3),(28 1412983.4),(29 1408126.3),(30 1421324.1),(31 1444210),(32 1461556.6),(33 1483700),(34 1503721.4),(35 1523270.9),(36 1548930.3),(37 1557750.3),(38 1560678.1),(39 1544260.6),(40 1508397.1),(41 1461564.1),(42 1440162.1),(43 1459410.8),(44 1489173.8),(45 1516178.9),(46 1544324.8),(47 1568448.6),(48 1589894.3),(49 1601696.8),(50 1609189.4),(51 1607383.8),(52 1618721.5),(53 1653950.3),(54 1697267.8),(55 1742678.1),(56 1772585.9),(57 1805458.6),(58 1797970.3),(59 1776372),(60 1749724.8),(61 1732492.6),(62 1708392.4),(63 1705936.6),(64 1716729.1),(65 1727665.1),(66 1744115),(67 1765410.9),(68 1759911.6),(69 1737676.6),(70 1710181.4),(71 1692522.9),(72 1690140.4),(73 1686721.4),(74 1714579),(75 1746474.3),(76 1791830.5),(77 1821041.8),(78 1840844.6),(79 1849304.4),
(1 128016.84),(2 322803.72),(3 494518.03),(4 615431.6),(5 703483.3),(6 774677.9),(7 810384),(8 830856.2),(9 856980),(10 891050.94),(11 958089.9),(12 1030579.4),(13 1091874),(14 1143793.1),(15 1166268.5),(16 1179297.9),(17 1174208.5),(18 1153598.6),(19 1133230),(20 1118737.8),(21 1121051.3),(22 1151747.4),(23 1193543.4),(24 1225414.4),(25 1253364.6),(26 1275573.3),(27 1293789.6),(28 1302459.8),(29 1308411),(30 1297975.5),(31 1295238.3),(32 1286246.8),(33 1286584.4),(34 1282857.1),(35 1281429.8),(36 1296710),(37 1295702.1),(38 1291047.8),(39 1288786.1),(40 1282280.1),(41 1275786.3),(42 1294714.5),(43 1309708.5),(44 1334951.1),(45 1354980.3),(46 1371217.3),(47 1398301.4),(48 1413204.6),(49 1417982.3),(50 1421157.8),(51 1408358.9),(52 1406218.1),(53 1407913.1),(54 1422491.5),(55 1455150.6),(56 1482844.8),(57 1493334),(58 1489339.3),(59 1492985.6),(60 1476051),(61 1456380.1),(62 1422946.1),(63 1399678.8),(64 1395507.4),(65 1404765.8),(66 1423171.8),(67 1442284.1),(68 1456251.6),(69 1448209.8),(70 1447954),(71 1443232),(72 1431811.5),(73 1434633.8),(74 1438190.3),(75 1450929),(76 1475708.5),(77 1496835.3),(78 1508589.4),(79 1519337.8),
(1 123114.07),(2 315159.47),(3 485710.44),(4 618168.7),(5 712723.44),(6 772449),(7 799812.25),(8 804644),(9 800348.4),(10 823860.56),(11 892861.2),(12 975796.3),(13 1040503.44),(14 1105053.4),(15 1152328.4),(16 1181924.1),(17 1188273.4),(18 1168408.5),(19 1143825.1),(20 1132937.4),(21 1142328.3),(22 1183541.8),(23 1220001.4),(24 1249886.5),(25 1271798),(26 1285470.4),(27 1284800.9),(28 1284321.9),(29 1271134.4),(30 1262973),(31 1258162.5),(32 1258968.6),(33 1269366.3),(34 1270937),(35 1259672.8),(36 1262352.4),(37 1261105),(38 1262802.3),(39 1252212.4),(40 1242002.9),(41 1243470.9),(42 1257781.8),(43 1275367),(44 1293843),(45 1320065.1),(46 1342181.6),(47 1355958.6),(48 1363494),(49 1372593.6),(50 1386246.6),(51 1404030.3),(52 1421448.8),(53 1419722.6),(54 1424060.9),(55 1436523.3),(56 1453035.6),(57 1467737.6),(58 1486891.3),(59 1497723.6),(60 1498021.8),(61 1488785),(62 1467074.9),(63 1467657.8),(64 1470333),(65 1481669.1),(66 1483387.1),(67 1481954.5),(68 1477301.8),(69 1473787),(70 1488459.5),(71 1496904.1),(72 1488176),(73 1470161.9),(74 1471209.6),(75 1476613),(76 1486679.9),(77 1499911.6),(78 1514998.3),(79 1521574.3),
(1 121400.695),(2 305637.88),(3 469299.5),(4 591005.5),(5 683221.9),(6 751774.44),(7 786377.94),(8 814660.44),(9 826004.7),(10 864718.75),(11 933542.5),(12 1005595.94),(13 1065248.3),(14 1103342.6),(15 1116298.4),(16 1104297.6),(17 1071559.4),(18 1045925.5),(19 1023908.2),(20 1012047.7),(21 1016205.2),(22 1043862.8),(23 1080580.6),(24 1127947.1),(25 1156720.5),(26 1169454.9),(27 1186093),(28 1200948.4),(29 1212521),(30 1234237.1),(31 1241401.5),(32 1250494.1),(33 1275396),(34 1282539.4),(35 1277899.6),(36 1259304.5),(37 1247306),(38 1229453.5),(39 1200020.3),(40 1173550.4),(41 1150956.8),(42 1151256.3),(43 1160400.1),(44 1171761),(45 1182726.6),(46 1197209.1),(47 1198199.9),(48 1186865.6),(49 1170972),(50 1153069.8),(51 1139934.1),(52 1129328),(53 1130648.1),(54 1135082.6),(55 1154152.4),(56 1176774.5),(57 1187068.1),(58 1187727.1),(59 1177840.4),(60 1173629.8),(61 1172452.6),(62 1175552.5),(63 1187165.5),(64 1197496.5),(65 1205200.1),(66 1208108.1),(67 1204800.1),(68 1190905.3),(69 1188208.1),(70 1177138),(71 1155564.9),(72 1142015),(73 1139399.9),(74 1140434.6),(75 1149642.9),(76 1174909.1),(77 1196154.9),(78 1212833.1),(79 1233733),
(1 119049.81),(2 303357.84),(3 460998),(4 585373.7),(5 671207.9),(6 720056.3),(7 748655.9),(8 766960.75),(9 778233.75),(10 803506.1),(11 850565.5),(12 895052.5),(13 945709.8),(14 989388.6),(15 1016602.6),(16 1032505.5),(17 1043038.3),(18 1028489.56),(19 1016335),(20 1024512.4),(21 1048433.44),(22 1085971.5),(23 1129450.6),(24 1167937.9),(25 1178838.3),(26 1173940.5),(27 1173822.1),(28 1175042.5),(29 1172466.4),(30 1159055),(31 1156164.6),(32 1153785),(33 1163737.8),(34 1171482.6),(35 1173356.1),(36 1163975.6),(37 1153762.9),(38 1132797.4),(39 1118268.1),(40 1103467.4),(41 1093826.3),(42 1094111.4),(43 1106074.8),(44 1122095.9),(45 1143912.9),(46 1167996),(47 1176948.9),(48 1189719.5),(49 1194815.5),(50 1188928.9),(51 1189123.5),(52 1205054.3),(53 1235243.1),(54 1272619.5),(55 1310773.4),(56 1332802.8),(57 1337797.4),(58 1327226),(59 1313006.5),(60 1285988.3),(61 1267453.4),(62 1249137.6),(63 1247021.4),(64 1264937),(65 1281748.4),(66 1290504.5),(67 1286886.5),(68 1272671.1),(69 1263890.1),(70 1241062),(71 1235809.9),(72 1230398.5),(73 1225523.1),(74 1227588.5),(75 1233312.8),(76 1253711.4),(77 1285194.8),(78 1296576),(79 1299606.5),
(1 107071.66),(2 263790.9),(3 396024.2),(4 490151.03),(5 568429.5),(6 628754.1),(7 668718.1),(8 681200.06),(9 677700.7),(10 693047.1),(11 726746.25),(12 776114.06),(13 823702.4),(14 861773.8),(15 892857),(16 921259.1),(17 937318.2),(18 942528.7),(19 929333),(20 934516.7),(21 957911.06),(22 996370.4),(23 1033295.1),(24 1062845.4),(25 1097593.1),(26 1130790.5),(27 1153441.4),(28 1148660.5),(29 1133310),(30 1122962.6),(31 1114565.4),(32 1110719),(33 1111518),(34 1121436.8),(35 1125544.5),(36 1134188.4),(37 1128073.1),(38 1126832.6),(39 1104053.4),(40 1079620.9),(41 1073057.6),(42 1083062.3),(43 1095447.4),(44 1116100.5),(45 1131795.6),(46 1140413.1),(47 1164926.9),(48 1185513.5),(49 1181717.8),(50 1172407.6),(51 1159085.8),(52 1150849.4),(53 1153616.8),(54 1172065.5),(55 1193934),(56 1202434.1),(57 1192329.8),(58 1180388.4),(59 1157513.5),(60 1135460.6),(61 1118690.6),(62 1103437.4),(63 1098030),(64 1102317.4),(65 1104540.6),(66 1111812),(67 1119694.9),(68 1126093),(69 1125479.5),(70 1121442.6),(71 1116612.5),(72 1104530.9),(73 1092575),(74 1089935.6),(75 1088056.6),(76 1093517.1),(77 1102574.9),(78 1105330.9),(79 1110562.6),
(1 110275.79),(2 268152.78),(3 413629.2),(4 527245.25),(5 610606.1),(6 655061.4),(7 681205.5),(8 690669.06),(9 707033.44),(10 739780),(11 795019.25),(12 853029.4),(13 905900.4),(14 957078.75),(15 985187.44),(16 999726.2),(17 997610.06),(18 978205.3),(19 960754.3),(20 954244.8),(21 969055.7),(22 987504.3),(23 1017468.94),(24 1036975.7),(25 1060292.3),(26 1074101.3),(27 1076284.5),(28 1075395.8),(29 1075825.8),(30 1061736.8),(31 1043186.94),(32 1040922.94),(33 1041238.06),(34 1042747.94),(35 1034283.7),(36 1029951.7),(37 1025099.6),(38 1011966.25),(39 996416.1),(40 991133.06),(41 986138.06),(42 991561.9),(43 1004334.6),(44 1029044.3),(45 1044794.25),(46 1049924.4),(47 1059266.9),(48 1053728.3),(49 1051842.1),(50 1044985.6),(51 1027232.75),(52 1015251.7),(53 1008074.6),(54 1012011.2),(55 1021023.5),(56 1021623.94),(57 1023267.1),(58 1018863.9),(59 1016645),(60 1016050.94),(61 1020480.1),(62 1040060.06),(63 1055157.5),(64 1061216.6),(65 1067525),(66 1067893.9),(67 1065308.4),(68 1069473.1),(69 1074391.6),(70 1089942.8),(71 1105085.3),(72 1118966.8),(73 1126459.5),(74 1146895.6),(75 1173696.1),(76 1185741.6),(77 1204515.9),(78 1226868.4),(79 1236931.6),
(1 106423.375),(2 259442.1),(3 386358.5),(4 477282.06),(5 550802.25),(6 598433.44),(7 634410.8),(8 654023.75),(9 665576.8),(10 689980.8),(11 731776.06),(12 782105.6),(13 829169.44),(14 875357.75),(15 903815.75),(16 910818.4),(17 905623.2),(18 888982.25),(19 874183.8),(20 865511.44),(21 872870),(22 893774.4),(23 916670.1),(24 926857.56),(25 939848.44),(26 936729.4),(27 929627.75),(28 929184.4),(29 926092),(30 920528.1),(31 910460.1),(32 904204.75),(33 905165.94),(34 908093),(35 920068.7),(36 913103.3),(37 903720.44),(38 888840.1),(39 878593.3),(40 872887.06),(41 877871.94),(42 889499.25),(43 908300.7),(44 934575.44),(45 955721),(46 977818.75),(47 992563.44),(48 996016.44),(49 1005483.06),(50 1009157.3),(51 1019176.8),(52 1021006.1),(53 1029419.25),(54 1030872.75),(55 1033965.44),(56 1034201.6),(57 1034627.2),(58 1040728.56),(59 1042115.25),(60 1039267.6),(61 1036539.44),(62 1034978.56),(63 1049199),(64 1070257.5),(65 1085484.6),(66 1101602.9),(67 1119213.1),(68 1130619.6),(69 1130947.8),(70 1134935.6),(71 1127449.9),(72 1119895.9),(73 1114439.8),(74 1113834),(75 1114609.3),(76 1114076.6),(77 1111846.3),(78 1115023.5),(79 1117139.3),
(1 107603.32),(2 265725.75),(3 403515.56),(4 498074.5),(5 560053.3),(6 608439.4),(7 636808.8),(8 653148.25),(9 675195.4),(10 704563.75),(11 738243.56),(12 787893.75),(13 826238.06),(14 859254.5),(15 886090.7),(16 887562.8),(17 882718.9),(18 879052.7),(19 860947.9),(20 842034.25),(21 844259.75),(22 872185.7),(23 897608.6),(24 923051.5),(25 943541.5),(26 945914.5),(27 941308.4),(28 942500.4),(29 943270.94),(30 939201.5),(31 940985.44),(32 940746.9),(33 949031.4),(34 953736.9),(35 950373.3),(36 941889.56),(37 927191.3),(38 912887.2),(39 900413.56),(40 896591.2),(41 896799.7),(42 897985.94),(43 912579.94),(44 935236.44),(45 955686.3),(46 968493.7),(47 974993.8),(48 976286.3),(49 985239.9),(50 985236.7),(51 983177.2),(52 984515.2),(53 991350.6),(54 1012299.5),(55 1022554.6),(56 1034909.2),(57 1051050),(58 1060448.8),(59 1054477.9),(60 1042706.3),(61 1028470.56),(62 1003256.9),(63 992303),(64 998244.75),(65 996291),(66 1001449.44),(67 1004294.7),(68 1003401.06),(69 998529.4),(70 1006574.5),(71 1023683.2),(72 1037011.4),(73 1034916.06),(74 1026127.56),(75 1026043.56),(76 1023699.7),(77 1017013.4),(78 1011646.56),(79 1005132.1),
(1 100319.984),(2 236521.38),(3 343881.16),(4 420057.3),(5 478121.8),(6 518997.7),(7 553684.56),(8 567669.3),(9 574675.5),(10 583052.44),(11 608368.4),(12 648293.56),(13 680284),(14 705620),(15 723353.06),(16 725597.4),(17 723638.1),(18 714130.1),(19 701199.7),(20 698272.56),(21 711922.75),(22 723752.3),(23 744260.25),(24 769007.25),(25 798889.56),(26 813802.75),(27 819394.7),(28 820458.9),(29 816960.9),(30 815139.1),(31 817964.5),(32 829988.75),(33 839950.44),(34 840522.75),(35 834655.5),(36 821545.7),(37 802956.06),(38 785884.9),(39 774771.8),(40 761013.25),(41 748303.06),(42 743056.25),(43 755463.7),(44 768034.1),(45 785459.44),(46 798777.06),(47 805212.75),(48 811549.44),(49 810870.7),(50 807621.56),(51 801480.1),(52 802230.75),(53 805784.4),(54 816199.56),(55 826566.1),(56 833069.5),(57 838024.4),(58 843300.9),(59 850637.3),(60 854568.1),(61 851489.56),(62 840043.1),(63 835538.6),(64 839911.6),(65 846811.44),(66 856683.44),(67 874238.94),(68 881550.1),(69 870768.2),(70 857188.2),(71 837623.75),(72 829206.44),(73 829832.44),(74 835026.25),(75 848231.1),(76 858773.8),(77 871148.75),(78 875208.6),(79 876307),
(1 96500.35),(2 232573.4),(3 340318.72),(4 424407.8),(5 481465),(6 526220.1),(7 554553.25),(8 564518),(9 564046.2),(10 582010.2),(11 609050.75),(12 642826.2),(13 669162.7),(14 692518.4),(15 705007.2),(16 713794.9),(17 722546.7),(18 714530.2),(19 709157.25),(20 717089.3),(21 734777.94),(22 752537.6),(23 776942.7),(24 803685.94),(25 820900),(26 833387.75),(27 842916.75),(28 841188.75),(29 839915.44),(30 840286.06),(31 837473.6),(32 833533.75),(33 835868.5),(34 836815.56),(35 841724.1),(36 846351.4),(37 847365.4),(38 839963.3),(39 831583.94),(40 830473.6),(41 827212.06),(42 828137.9),(43 835607.5),(44 834669.4),(45 838652.2),(46 849275.3),(47 859163.56),(48 866683.75),(49 864162.5),(50 849677.25),(51 853689.25),(52 857747.2),(53 870355.9),(54 886180.44),(55 893647.44),(56 899580.5),(57 893396.5),(58 890075.06),(59 888829.5),(60 885962.4),(61 877866.1),(62 874306.7),(63 866425.6),(64 858108.4),(65 852854.7),(66 850313.1),(67 854479.2),(68 858660.56),(69 859366.9),(70 855622.06),(71 848739.4),(72 839122.4),(73 832033.1),(74 828570.56),(75 824686.44),(76 812860.75),(77 805911.56),(78 810711.4),(79 815126.1),
(1 93091.305),(2 220207.34),(3 323106.3),(4 403952.13),(5 458257.6),(6 489629.16),(7 504416.97),(8 511281.78),(9 514965.84),(10 530375.2),(11 560597.56),(12 599447.3),(13 633759.5),(14 647326.8),(15 661929.56),(16 663523.25),(17 661068.3),(18 641049.2),(19 626703.75),(20 625347),(21 629265.56),(22 639450.75),(23 662389.6),(24 684205.1),(25 702402.7),(26 707720.7),(27 720584.8),(28 731276.6),(29 741807.75),(30 744650.25),(31 754384.7),(32 756354),(33 753436.7),(34 756152.1),(35 763464.9),(36 768618.2),(37 768180.94),(38 766144),(39 763573),(40 764986.25),(41 769002.4),(42 775538.06),(43 776445.25),(44 781434.06),(45 786067.1),(46 788037.06),(47 793899),(48 800593.9),(49 797895.06),(50 789471.94),(51 781324.94),(52 778901.5),(53 785359.75),(54 795994.5),(55 810044.7),(56 818427.5),(57 820501.06),(58 814289.5),(59 811101.7),(60 808206.2),(61 803445.6),(62 799375.5),(63 802391.75),(64 815756.44),(65 820731.8),(66 827136.7),(67 838430.94),(68 849715.25),(69 857528.1),(70 856086.56),(71 842197.56),(72 820501),(73 803006.8),(74 804797.6),(75 811585.7),(76 821223.3),(77 826147.1),(78 836586.4),(79 848193.44),
(1 90381.03),(2 212874.73),(3 303748.88),(4 366538.84),(5 418826.47),(6 455692.63),(7 473505.22),(8 486759.66),(9 494631.56),(10 511451),(11 535499.56),(12 564779.75),(13 591245.7),(14 614460),(15 633959.44),(16 643142.6),(17 653844.8),(18 647794),(19 638875.8),(20 623814.6),(21 629509.56),(22 641717.7),(23 659557.8),(24 673167.25),(25 687970.75),(26 697716),(27 701341.94),(28 698090.8),(29 699186.8),(30 696403.75),(31 693553.1),(32 702725.3),(33 720271.6),(34 726623.94),(35 726505.9),(36 725334.25),(37 721211.4),(38 719508.44),(39 708525.7),(40 701635.7),(41 682862.1),(42 676277.6),(43 677472.5),(44 687504.2),(45 694681.1),(46 702821.7),(47 717887.25),(48 737796.3),(49 754592),(50 766329.1),(51 766101.3),(52 771307.6),(53 781636.2),(54 790842.3),(55 803997.7),(56 816486.9),(57 819368),(58 813648.06),(59 809922.94),(60 809638.06),(61 803414.2),(62 789434.7),(63 781344.56),(64 786901.2),(65 790930),(66 791968.9),(67 789481.25),(68 788973.7),(69 786437.44),(70 782597.44),(71 773644.75),(72 754236.2),(73 755656.75),(74 757809),(75 760496.2),(76 762304.5),(77 766813.44),(78 769516.56),(79 772568.25),
(1 87652.164),(2 204668.44),(3 288159.1),(4 348647.9),(5 399488.03),(6 443486.03),(7 471553.34),(8 487390.06),(9 507167.72),(10 522748.75),(11 549654.06),(12 579620.1),(13 607912.2),(14 628945.5),(15 643431.56),(16 650032),(17 652577.44),(18 641482.75),(19 629820.8),(20 620995.56),(21 621988.06),(22 635918.56),(23 649982.2),(24 662848.1),(25 672905.44),(26 682332.9),(27 696739.5),(28 702029.8),(29 703429.2),(30 698912.06),(31 698811.1),(32 712373.8),(33 719652.7),(34 710501.56),(35 701604.8),(36 699157.25),(37 693963.06),(38 688530),(39 677942.6),(40 678124.1),(41 676954.3),(42 677233.1),(43 677256),(44 685668.25),(45 697211.3),(46 711568.2),(47 726957.7),(48 734368),(49 733095.3),(50 727060.9),(51 726383.3),(52 724487.56),(53 731852.2),(54 734176.25),(55 740816.6),(56 748793.3),(57 753199.1),(58 755837.3),(59 761720.4),(60 759133.3),(61 754493.3),(62 747112.2),(63 752827.75),(64 760499.75),(65 766906.3),(66 767648.3),(67 772338.94),(68 768539.5),(69 759494.4),(70 749887.2),(71 736697.3),(72 726306.6),(73 723710.2),(74 721610.8),(75 721304.94),(76 723090),(77 733495.7),(78 739439.75),(79 743270.4),
(1 83816.76),(2 199576.05),(3 284425.53),(4 346280),(5 395208.38),(6 434897.6),(7 464524.94),(8 485979.38),(9 504591.4),(10 523690.66),(11 549141.3),(12 574170.9),(13 599040.44),(14 620850.4),(15 635973.94),(16 646373.9),(17 649905.2),(18 644262.25),(19 636494.75),(20 632050.2),(21 636272.7),(22 642158),(23 659460.3),(24 672832.94),(25 677849.06),(26 674614.94),(27 672264.94),(28 666300.06),(29 664367.44),(30 665451.6),(31 670028.06),(32 673939.7),(33 674642.7),(34 676527.06),(35 678316.06),(36 677166.06),(37 680132.94),(38 681374.8),(39 673942.5),(40 668695.6),(41 666563.75),(42 663712.44),(43 655759.6),(44 655856.4),(45 663761.6),(46 671925.9),(47 670243.94),(48 666657),(49 666361.2),(50 663827.4),(51 660464.06),(52 664203.6),(53 670162.25),(54 677806.6),(55 693850.44),(56 702936.56),(57 708101.2),(58 719253.75),(59 724619.94),(60 720773.8),(61 713734),(62 709984.4),(63 705069.4),(64 704060.9),(65 701361.9),(66 698903.44),(67 701668.6),(68 699489.56),(69 696844.4),(70 698310.8),(71 686926.7),(72 682226),(73 680220.4),(74 676964.4),(75 680218.6),(76 680390.5),(77 692961.25),(78 697788.06),(79 703330.3),
(1 80809.414),(2 185175.17),(3 258220.89),(4 312173.56),(5 354580.44),(6 389395.88),(7 416632.53),(8 427869.44),(9 434139.7),(10 445705.84),(11 462693.1),(12 482576.2),(13 499890.38),(14 512855.88),(15 517666.44),(16 522468.66),(17 523503.88),(18 518589.97),(19 512117.63),(20 500859),(21 503756),(22 515118.34),(23 535471.8),(24 555446.75),(25 568731.4),(26 581382.06),(27 585471.56),(28 589515.4),(29 591577.1),(30 593085.25),(31 592320.3),(32 597994.9),(33 599469.25),(34 595607.2),(35 601067.56),(36 604674.94),(37 606402.25),(38 609560.94),(39 606106.5),(40 606509.4),(41 609454.25),(42 605831.4),(43 603082.75),(44 609384.94),(45 616119.06),(46 627493.56),(47 626038.25),(48 623593.7),(49 622571.2),(50 624763.7),(51 619468),(52 614513.25),(53 615656.7),(54 623776.7),(55 630322.3),(56 630761.3),(57 628903),(58 634878.44),(59 639282.25),(60 643039.44),(61 637510.8),(62 626265.9),(63 624521.4),(64 631705.75),(65 636263.06),(66 637190.75),(67 637342.7),(68 647200.1),(69 657596.7),(70 666653.1),(71 663210.06),(72 656729.3),(73 649601.2),(74 647150),(75 654700.2),(76 656772.9),(77 663304.5),(78 669769.06),(79 674878.2),
(1 79882.96),(2 186700.1),(3 263857.53),(4 318803.06),(5 359631.34),(6 391571.66),(7 414089.63),(8 426502.8),(9 431398.56),(10 436893.78),(11 450239.88),(12 469381.44),(13 485247.44),(14 502994.97),(15 517416.5),(16 523379.34),(17 521126.78),(18 516260.44),(19 504236.94),(20 499605.44),(21 505274.25),(22 516119.56),(23 525762.94),(24 534113.4),(25 539055.9),(26 542754.7),(27 552394.44),(28 564812.4),(29 573647.1),(30 559300.8),(31 557167.3),(32 556631.25),(33 564739.25),(34 561542.6),(35 561890.06),(36 558224.3),(37 561863.56),(38 561293.25),(39 556959),(40 558902.3),(41 557539.6),(42 561869.2),(43 565656.1),(44 570057.4),(45 568702),(46 571266.94),(47 571804.06),(48 573651.9),(49 572056),(50 571892.94),(51 576231.3),(52 586241.56),(53 592577.56),(54 599576.2),(55 603111.44),(56 601420.8),(57 601759.8),(58 604889.9),(59 609143),(60 609790.9),(61 608533.44),(62 606742.06),(63 608645.25),(64 615442.5),(65 619848.25),(66 622034.44),(67 619357.44),(68 617545.75),(69 624186),(70 632074.3),(71 636123.3),(72 628049.56),(73 621990.44),(74 616373.4),(75 615512.2),(76 617503.9),(77 619293.25),(78 621181.5),(79 629785.44),
(1 75065.89),(2 173894.77),(3 248389.94),(4 299090.13),(5 335107.13),(6 363380.22),(7 374378.88),(8 381982.5),(9 394550.8),(10 410340.63),(11 436616.22),(12 462632.75),(13 487923.56),(14 507628.06),(15 519949.16),(16 524780),(17 530122.3),(18 527911.8),(19 515156.5),(20 507130.88),(21 512093.13),(22 528748.06),(23 540238.94),(24 553565.75),(25 555869.06),(26 557933.56),(27 555710),(28 555858.94),(29 559373),(30 563969.1),(31 565384.3),(32 564068.75),(33 563354.25),(34 562656),(35 563365.44),(36 562301.25),(37 562195.9),(38 560023.9),(39 554455.56),(40 556359.1),(41 553454),(42 548454.5),(43 542857.75),(44 545937.06),(45 544907.06),(46 548424.94),(47 553947.8),(48 558785.94),(49 560740.25),(50 555806),(51 549280.2),(52 541801.25),(53 541277.5),(54 547774.5),(55 555012.25),(56 560661.5),(57 564805.75),(58 572054.75),(59 570917.1),(60 564145.56),(61 557749.25),(62 554611.6),(63 556391.75),(64 566422.7),(65 574158.7),(66 574677.7),(67 573967.1),(68 571812.1),(69 574143.7),(70 573381.4),(71 566450.8),(72 563310.5),(73 558475.94),(74 558396.56),(75 563895.94),(76 565083.44),(77 566162.3),(78 568609.5),(79 567137.4),
(1 72750.016),(2 169437.06),(3 243994.72),(4 295554.5),(5 337439.28),(6 371362.1),(7 390071.03),(8 400895.6),(9 408263),(10 420592.3),(11 434749.1),(12 455095.13),(13 469976.66),(14 479592),(15 485990.9),(16 487939.8),(17 489768.75),(18 486652.88),(19 485725.7),(20 486852.06),(21 500189.16),(22 523756.63),(23 536709.1),(24 544765.3),(25 545874.5),(26 541613),(27 541520.1),(28 537447.5),(29 532007.2),(30 523070.56),(31 514168.47),(32 509787.25),(33 508253),(34 511170.44),(35 516091),(36 516831.53),(37 515255.4),(38 517243.6),(39 517309.56),(40 515363.88),(41 517384.34),(42 517572.7),(43 522085.84),(44 528559.2),(45 532518.25),(46 532144.44),(47 532744.5),(48 533522.06),(49 527502.94),(50 527048.94),(51 525778.56),(52 529767.9),(53 540799.9),(54 553836.4),(55 565319.2),(56 572883.7),(57 582069),(58 591074),(59 587964.8),(60 585819.6),(61 585779.94),(62 592593.7),(63 600090.2),(64 610787.1),(65 618620.25),(66 617361.25),(67 615490.56),(68 618793.2),(69 616819.7),(70 612464.3),(71 608528.94),(72 605240.8),(73 608478),(74 605556.06),(75 612163.6),(76 609929.56),(77 609174.6),(78 603490.75),(79 594192.7),
(1 72093.93),(2 164734.22),(3 232105.23),(4 280507.63),(5 317522.34),(6 343521.38),(7 358961.56),(8 365447.13),(9 372850.63),(10 388299.1),(11 410211.25),(12 435791.1),(13 453728.53),(14 461922.34),(15 471710.8),(16 477390.28),(17 478592.1),(18 477065.88),(19 468858.4),(20 469912.3),(21 479728.16),(22 488132.06),(23 494695.25),(24 503239.16),(25 511297.72),(26 516869.22),(27 520851.53),(28 524421.44),(29 526923.25),(30 525628.06),(31 517172.16),(32 507690.47),(33 504538.94),(34 503681.28),(35 505607.25),(36 508626.5),(37 506050.88),(38 505611),(39 509092.7),(40 508492.97),(41 507213.6),(42 509861.75),(43 513701.75),(44 514706.47),(45 518660.6),(46 524447.44),(47 526915.9),(48 525970.2),(49 526212.1),(50 524153.8),(51 516069.97),(52 508564.47),(53 503582.47),(54 502686.25),(55 504364),(56 509996.9),(57 513192.97),(58 517320.63),(59 516607.78),(60 514938.88),(61 513956.9),(62 510668),(63 512898.1),(64 515997.8),(65 518716.7),(66 517038.1),(67 522793.72),(68 528628.2),(69 530238.75),(70 532081.5),(71 527815.8),(72 524024.9),(73 525564.94),(74 526921.6),(75 532561.8),(76 538264.9),(77 547194),(78 548814.06),(79 556947.5),
(1 68062.07),(2 154341.3),(3 213050.7),(4 256669.95),(5 288824.3),(6 312479.72),(7 325674.63),(8 331031.8),(9 336027.88),(10 346461.3),(11 367156.22),(12 389470.53),(13 406194.56),(14 421007.78),(15 435507.03),(16 442927.13),(17 444223.63),(18 442767.38),(19 440832.13),(20 444815.1),(21 453206),(22 456788.75),(23 461579.2),(24 468630.53),(25 470192.5),(26 468144.5),(27 469867.56),(28 474313.03),(29 471588.38),(30 464552.66),(31 456357.3),(32 448320.53),(33 446731.13),(34 454148.38),(35 462031.34),(36 466805.13),(37 468548.28),(38 466076.1),(39 463541.9),(40 461033.72),(41 455741.5),(42 454175.5),(43 455980.1),(44 452417.72),(45 447229.7),(46 453310.22),(47 460504.44),(48 461983.84),(49 460735.78),(50 453223.7),(51 448194.1),(52 445507.4),(53 448010.6),(54 454258),(55 458436.3),(56 462583.1),(57 466085.5),(58 468487.2),(59 470411.34),(60 470504),(61 465652.7),(62 461883.63),(63 464880.8),(64 469371.7),(65 471696.66),(66 471766.3),(67 476986.53),(68 481508.44),(69 481914.44),(70 476024.7),(71 473795.9),(72 475352.06),(73 477369.72),(74 481843.2),(75 485517.72),(76 483554.22),(77 483965.47),(78 484154.53),(79 488424.7),
(1 66033.85),(2 148626.9),(3 210784.94),(4 260726.61),(5 294001.53),(6 320770.88),(7 337838.06),(8 338620.72),(9 340701.28),(10 346400.5),(11 355457.66),(12 368508.1),(13 379721.28),(14 389822.1),(15 395147),(16 399294.47),(17 405336.7),(18 406920.2),(19 403189.53),(20 397626.97),(21 403283.25),(22 412424.63),(23 426702.84),(24 437491.9),(25 441401.28),(26 446625.28),(27 456976.72),(28 462262.44),(29 467486.2),(30 464241.66),(31 465551.6),(32 465602.2),(33 469596.3),(34 475645.56),(35 482923.75),(36 480715.9),(37 477758.84),(38 471578.44),(39 463693.88),(40 455043.25),(41 441996.5),(42 431767.13),(43 431145.06),(44 431029.8),(45 432469.13),(46 441558.38),(47 445502.22),(48 452944.47),(49 455189),(50 457218.2),(51 454543.4),(52 453164.1),(53 450652.5),(54 451140.06),(55 456693.22),(56 462808.16),(57 463306.34),(58 467736.1),(59 466020.4),(60 463333.53),(61 460684.3),(62 461095.75),(63 468638.88),(64 477328.2),(65 487525.28),(66 490647.84),(67 492412.2),(68 495723.75),(69 492660.75),(70 483964.66),(71 476331.4),(72 470122.94),(73 467961.8),(74 469839.66),(75 474986.94),(76 479706.22),(77 483559.1),(78 488266.06),(79 489562.53),
(1 62709.563),(2 137842.81),(3 189887.36),(4 230598.73),(5 256077.66),(6 276911.5),(7 292733.2),(8 299393.47),(9 304325.34),(10 309458.88),(11 320815.44),(12 335948.56),(13 347150.6),(14 359063.8),(15 368475.53),(16 370596.7),(17 370954.97),(18 366210.2),(19 360590.97),(20 358626.9),(21 365899.78),(22 375427),(23 385656.28),(24 393272.5),(25 397241.94),(26 400182.97),(27 401200.2),(28 400142.13),(29 400869.16),(30 404085.5),(31 408781.13),(32 411805),(33 417096.78),(34 421799.16),(35 432560.66),(36 436385.1),(37 438461.53),(38 438233.7),(39 431256.28),(40 421791.22),(41 414459.22),(42 411197.34),(43 413278.63),(44 412833.34),(45 410656.44),(46 417275.56),(47 419655.3),(48 416359.34),(49 409029.34),(50 404339.16),(51 395470.94),(52 389398.47),(53 392765.1),(54 399959.5),(55 405345.97),(56 407819.28),(57 408416.78),(58 410863.03),(59 405830.78),(60 402369.28),(61 401856.3),(62 404175.72),(63 407821.1),(64 408442.72),(65 411465.88),(66 410888.63),(67 407103.06),(68 407758.66),(69 412698.47),(70 415144.5),(71 414823.6),(72 412375.63),(73 412457.66),(74 415087.5),(75 416357.53),(76 417824.28),(77 419655.06),(78 419748.28),(79 417570.75),
(1 60052.516),(2 133246.3),(3 186686.81),(4 226848.72),(5 254889.4),(6 271247.97),(7 283374.56),(8 291563.5),(9 300435.38),(10 313687.5),(11 326109.1),(12 343208.47),(13 357846.9),(14 367302.44),(15 370730.3),(16 372059.63),(17 370187.38),(18 365626.44),(19 362935.1),(20 360175.2),(21 360413.28),(22 361637.3),(23 361453.03),(24 361584.1),(25 365668),(26 371177.03),(27 373368.66),(28 378389),(29 380657.66),(30 383330.53),(31 385171.38),(32 384415.13),(33 388122.22),(34 388874.22),(35 388883.22),(36 383258.63),(37 380385.8),(38 377392.56),(39 377199.25),(40 374578.47),(41 374451.84),(42 380513.44),(43 382135.9),(44 385892.47),(45 390228.38),(46 398522.3),(47 402211.1),(48 402279.03),(49 398694.84),(50 394783.44),(51 394968.28),(52 394913.06),(53 393430.34),(54 392632.6),(55 392621.25),(56 393477.78),(57 396335.7),(58 403691.8),(59 402622.94),(60 404255.53),(61 404652.66),(62 400610.8),(63 393218.9),(64 389989.78),(65 393141.1),(66 393433.84),(67 392918.9),(68 390258.8),(69 393908.9),(70 398519.25),(71 403420.3),(72 402097),(73 400475.13),(74 405797.28),(75 412607.8),(76 413683.78),(77 415086.9),(78 413501.66),(79 415753.78),
(1 57373.168),(2 129157.87),(3 182007.97),(4 220779.05),(5 246936.13),(6 262480.16),(7 269900.06),(8 272570),(9 275107),(10 279671.63),(11 292595.84),(12 309788.2),(13 322221.3),(14 328790.2),(15 333779.88),(16 335720.03),(17 335363.25),(18 333688.66),(19 330700.16),(20 327380.34),(21 326170.06),(22 331078.4),(23 333969.94),(24 338282.38),(25 345831.1),(26 344802.94),(27 343109.78),(28 342119.72),(29 345510.94),(30 347628.06),(31 353336.94),(32 355595.47),(33 356916.25),(34 358430.25),(35 358085.38),(36 355199.38),(37 352803.84),(38 350369.47),(39 354876.84),(40 359946.28),(41 356747.06),(42 363732.25),(43 370849.16),(44 376719.8),(45 378590.8),(46 381637.84),(47 384913.44),(48 389951.66),(49 389287.56),(50 387208.5),(51 380965.16),(52 378424.94),(53 378808.03),(54 380112.1),(55 384633.16),(56 391138.56),(57 401587.9),(58 410897.9),(59 417419),(60 419258.47),(61 419765.9),(62 420241.28),(63 420520.94),(64 420213.66),(65 422351.2),(66 421954.34),(67 420003.9),(68 413740.38),(69 412538.2),(70 411700.28),(71 412733.38),(72 417846.94),(73 418088.75),(74 418430.25),(75 421517.72),(76 419510.38),(77 416995.28),(78 416284.94),(79 418081.28),
(1 55064.566),(2 121917.234),(3 171149.83),(4 205577.64),(5 228135.44),(6 248158.42),(7 259071.16),(8 263275.94),(9 266410.75),(10 275829.8),(11 290346.53),(12 305205.47),(13 316846.56),(14 324585.6),(15 326001.13),(16 324324.28),(17 320920.16),(18 320188.06),(19 320500.7),(20 317650.8),(21 319961.16),(22 321774.88),(23 326795.1),(24 334611.06),(25 339854.2),(26 345782.88),(27 348325.7),(28 348176.75),(29 350485.53),(30 349583.4),(31 353882.78),(32 361297.1),(33 366445.97),(34 366474.47),(35 364654.22),(36 363706.53),(37 361360.2),(38 362941.53),(39 361744.1),(40 360142.13),(41 357632.88),(42 359387.5),(43 368816.47),(44 375250.8),(45 374342.9),(46 369900.6),(47 363665.53),(48 361786.66),(49 355072.16),(50 353992.06),(51 354628.56),(52 359096.28),(53 359448.75),(54 366944.13),(55 374413.03),(56 379817.63),(57 386226.44),(58 391627.94),(59 388113.13),(60 383660.6),(61 380727.78),(62 377296.75),(63 372288.16),(64 365392.78),(65 365821.56),(66 367904.56),(67 368955.4),(68 369538.8),(69 367482.4),(70 362995.4),(71 363401.88),(72 361136.7),(73 357876.56),(74 363185.3),(75 366411.06),(76 367048.5),(77 368112.88),(78 370178.03),(79 371153.13),
(1 51994.85),(2 111867.336),(3 154017.47),(4 186985.38),(5 209374.53),(6 227367.7),(7 236654.84),(8 239775.11),(9 240591.66),(10 249502.14),(11 258918.44),(12 270636.16),(13 279735.88),(14 288327.7),(15 293636.25),(16 292930.9),(17 291256.47),(18 285054.06),(19 281846.6),(20 283041.63),(21 292233.78),(22 303622.9),(23 310722.9),(24 316233.1),(25 327020.88),(26 332772.06),(27 332210.63),(28 327518.4),(29 325638.56),(30 323943.03),(31 326720),(32 328190.34),(33 328764.16),(34 330745.34),(35 333933.5),(36 331781.2),(37 328998.13),(38 326118.75),(39 321352.22),(40 320668.5),(41 319539.97),(42 319826.84),(43 321324.78),(44 324741),(45 327388.13),(46 332257.8),(47 335841.4),(48 335257.38),(49 330795.38),(50 326046.7),(51 326583.1),(52 328970.56),(53 333134.53),(54 337887.3),(55 340952.47),(56 340931.88),(57 340926.6),(58 345307.4),(59 346910.16),(60 345838.47),(61 343075.6),(62 339449.47),(63 339548.8),(64 341041.44),(65 344601.88),(66 345518.3),(67 344682.56),(68 343035.28),(69 345325.53),(70 342327.25),(71 339258.72),(72 335171.78),(73 332855.1),(74 333181.88),(75 337483.5),(76 339922.47),(77 340706.13),(78 342709.22),(79 345908.6),
(1 50791.73),(2 111085.02),(3 153151.89),(4 182617.31),(5 201293.78),(6 212330),(7 215430.72),(8 221398.33),(9 226042.38),(10 235138.97),(11 248848.63),(12 263302.66),(13 274267.44),(14 283782.75),(15 289184.34),(16 288054.8),(17 289319.28),(18 289630.56),(19 287433.94),(20 284454.75),(21 286312.75),(22 288698.97),(23 294211.63),(24 302023.1),(25 309896.16),(26 311825.1),(27 309583.22),(28 304899.06),(29 301366.94),(30 294833),(31 293201.94),(32 295770.94),(33 299942.34),(34 305920.84),(35 310414.28),(36 313561.63),(37 315531.2),(38 313970.53),(39 309627.3),(40 308056.44),(41 305920.38),(42 304129.78),(43 306017.2),(44 308735.3),(45 308472.47),(46 310963.3),(47 314012.16),(48 317816.84),(49 320617.25),(50 319572.94),(51 318717.9),(52 317759.06),(53 316468.6),(54 318211.28),(55 321832.16),(56 322022.56),(57 323980.75),(58 327737.2),(59 328656.56),(60 330240.94),(61 329977.2),(62 330234.63),(63 336346.84),(64 340952.94),(65 343250.9),(66 342933.34),(67 340813.66),(68 337873),(69 338341.56),(70 336920.06),(71 338298.16),(72 338532.84),(73 339694.7),(74 342131.63),(75 343718.34),(76 345509.34),(77 347020.25),(78 344834),(79 347564.34),
(1 48587.895),(2 102190.586),(3 142629.66),(4 175829.1),(5 196904.92),(6 211189.5),(7 217498.11),(8 222345.64),(9 226246.4),(10 234903.11),(11 244845.22),(12 256953.98),(13 267117.2),(14 271190.44),(15 273863.06),(16 278523.34),(17 284656.16),(18 284429.9),(19 287249.75),(20 285063.13),(21 286274.2),(22 286134.63),(23 288199.9),(24 293191.25),(25 295429.28),(26 296054.8),(27 300286.53),(28 301839.8),(29 300217.2),(30 297059.38),(31 296657.34),(32 297356.8),(33 296624.6),(34 299518.53),(35 303903.75),(36 303378.7),(37 303541.72),(38 300102.1),(39 298125.3),(40 294198.2),(41 288200.1),(42 288908.25),(43 293658.3),(44 297975.03),(45 299896.6),(46 301986.06),(47 304995.4),(48 303428.03),(49 300994.56),(50 301407.03),(51 306148.6),(52 307447.3),(53 307705.53),(54 309221.94),(55 310298.34),(56 311989.56),(57 312183),(58 312789.22),(59 315721.28),(60 318366.3),(61 320171.97),(62 320575.06),(63 320843.25),(64 320044.75),(65 322380.47),(66 324413.2),(67 324674.94),(68 325395),(69 325928.03),(70 323817.25),(71 325620.88),(72 323184.88),(73 324148.03),(74 327112.25),(75 332338.63),(76 330805.66),(77 330203.44),(78 331245.06),(79 333330.03),
(1 46701.902),(2 99250.77),(3 137306.05),(4 165091.28),(5 186079.14),(6 200503.52),(7 208327.6),(8 213976.16),(9 215534.25),(10 223690.92),(11 231061.5),(12 244502.97),(13 255246),(14 264094.4),(15 269786.06),(16 271514.53),(17 276580.22),(18 275299.84),(19 272737.78),(20 272508.72),(21 275790.63),(22 281804.78),(23 285531),(24 289583.94),(25 292833.47),(26 297810.78),(27 302330.47),(28 302251.9),(29 298619.06),(30 294598.4),(31 289831.03),(32 291082.78),(33 292744.13),(34 295274.34),(35 297554.3),(36 294415.34),(37 292933.38),(38 290317.8),(39 286953.72),(40 281073),(41 276757.6),(42 275838.5),(43 273085.9),(44 272249.8),(45 269654.7),(46 270093.53),(47 272590.28),(48 273973.25),(49 270933.88),(50 264829.38),(51 260147.23),(52 258142.67),(53 259722.05),(54 265201.6),(55 271573.47),(56 275888.56),(57 276689.8),(58 280751.44),(59 281674.53),(60 282424.56),(61 282896.9),(62 281042.1),(63 279725.6),(64 281876.47),(65 286111.2),(66 287431.2),(67 289623.6),(68 292549.1),(69 295991.34),(70 294571.13),(71 293752.06),(72 291808.56),(73 293405.6),(74 299071.8),(75 304833.78),(76 305223.4),(77 305665.84),(78 307639.16),(79 308479.28),
(1 46739.598),(2 102071.664),(3 140063.27),(4 165386.63),(5 183259.78),(6 196632.16),(7 202977.36),(8 205296.36),(9 206784.11),(10 211999.02),(11 224050.8),(12 236255.72),(13 245454.27),(14 255734.28),(15 261243.95),(16 264096.8),(17 268393.78),(18 266612.53),(19 266352.7),(20 261860.44),(21 262725.4),(22 266677.28),(23 272497.28),(24 276737.47),(25 281279),(26 282386.38),(27 284898.1),(28 286566.63),(29 283356.38),(30 278890.53),(31 277192.22),(32 276404.22),(33 278254.7),(34 282199.8),(35 283791.22),(36 283251.75),(37 283055.28),(38 279764.75),(39 273547.3),(40 268578.25),(41 265929),(42 263814.53),(43 263679.72),(44 262551.75),(45 259257.39),(46 260704.44),(47 263554.44),(48 266470.03),(49 265707.4),(50 263163.7),(51 262366.38),(52 266728.34),(53 269299.28),(54 271977.28),(55 271786.34),(56 270633.25),(57 272754.38),(58 273009.06),(59 272569),(60 273010.66),(61 274434.03),(62 278347.47),(63 280800.97),(64 284982.6),(65 289435.38),(66 289266.75),(67 289405.22),(68 289764.3),(69 291490.4),(70 293763.38),(71 294102.72),(72 292935),(73 294145.72),(74 295396.03),(75 295867.4),(76 296854.97),(77 296643.34),(78 300112.94),(79 305253.6),
(1 42817.668),(2 92444.25),(3 127743.45),(4 151861.95),(5 169116.89),(6 182450.7),(7 189780.39),(8 192236),(9 194273.88),(10 199077.7),(11 206969.06),(12 215817.73),(13 222870),(14 228728.22),(15 230973.38),(16 234433),(17 237375.27),(18 238527.83),(19 242845.06),(20 242830.3),(21 245542.39),(22 247908.1),(23 249128.73),(24 249297.63),(25 249718.6),(26 250241.4),(27 252074.7),(28 254519.11),(29 253735.16),(30 250219.84),(31 249114.48),(32 247062.67),(33 248388.48),(34 248569.13),(35 251765.4),(36 257663.7),(37 260547.94),(38 263667.56),(39 264688.78),(40 263174.88),(41 259688.8),(42 256595.3),(43 256480.66),(44 258196.3),(45 261408.73),(46 266272.6),(47 270755.6),(48 275766.2),(49 275681.03),(50 273027.13),(51 271713.97),(52 273441.88),(53 274314.97),(54 275180.4),(55 277939.88),(56 277614.78),(57 273859.4),(58 270075.44),(59 264189.94),(60 263448.28),(61 262582.03),(62 261762.55),(63 261763.2),(64 258895.13),(65 259222.38),(66 259071.44),(67 259848.5),(68 260828.61),(69 263200.94),(70 266123.4),(71 266178.9),(72 263207.53),(73 260548.17),(74 264930.13),(75 269302.5),(76 273136.78),(77 274583.44),(78 277243.84),(79 278456.8),
(1 41402.293),(2 87029.57),(3 118646.086),(4 141053.52),(5 156937.39),(6 169703.05),(7 176860.67),(8 182422.06),(9 188149.17),(10 194512.69),(11 201030.02),(12 208022.38),(13 214115.08),(14 219588.77),(15 226072.47),(16 229900.98),(17 232742.14),(18 234029.2),(19 235893.03),(20 239001.77),(21 243936.86),(22 249134.56),(23 251104.98),(24 250680.2),(25 253664.73),(26 254528.48),(27 254482.8),(28 253626.61),(29 253993.92),(30 251927.16),(31 246838.13),(32 245776.72),(33 244917.89),(34 245301.5),(35 242661.33),(36 239224.86),(37 237020.6),(38 236498.61),(39 237156.14),(40 237703.02),(41 232151.72),(42 228973.44),(43 228016.6),(44 227683.11),(45 227702.8),(46 228207.31),(47 232381.75),(48 237676.89),(49 241609.81),(50 242288.95),(51 243178.17),(52 245503.77),(53 247575.02),(54 251711.02),(55 255435.11),(56 254897.38),(57 251101.27),(58 250944.8),(59 252009.7),(60 254081.58),(61 254575.28),(62 254842.23),(63 257098.53),(64 258399.95),(65 258836.6),(66 260006.55),(67 261911.58),(68 261476.77),(69 260739.45),(70 261459.5),(71 263202.88),(72 265373.5),(73 266260.13),(74 268883.44),(75 267823.97),(76 266979.28),(77 264832.53),(78 266294.1),(79 267131.78),
(1 39406.777),(2 83792.99),(3 115762.25),(4 140139.61),(5 159159),(6 171413.84),(7 174445.31),(8 176727.48),(9 176176.52),(10 178568.5),(11 181641.66),(12 186314.14),(13 190832.97),(14 195746),(15 198721.23),(16 201200.47),(17 201259.58),(18 200130.22),(19 199996.81),(20 201003.58),(21 204606.97),(22 206203.61),(23 209267.7),(24 213601.39),(25 218787.2),(26 221013.63),(27 220045.78),(28 219791.72),(29 220187.86),(30 218429.06),(31 215828.44),(32 213941.92),(33 214176.36),(34 216002.05),(35 217484.31),(36 219026.2),(37 218990.28),(38 217148.81),(39 214273.45),(40 214509.72),(41 213045.58),(42 210547.36),(43 209586.6),(44 209026.58),(45 209653.28),(46 209265.42),(47 205891.9),(48 205217.7),(49 207435.05),(50 210406.89),(51 212099.55),(52 215373.4),(53 215889.53),(54 218918.38),(55 223467.42),(56 228421.56),(57 230798.66),(58 232468.67),(59 236180.9),(60 239477.53),(61 241328.5),(62 242613.53),(63 242675.84),(64 241852.16),(65 242358.77),(66 242939.56),(67 246181.55),(68 246361.31),(69 246750.64),(70 246787.69),(71 247725.92),(72 246536.75),(73 247140.88),(74 246627.1),(75 245236.47),(76 244320.02),(77 244915.17),(78 246350.17),(79 247833.58),
(1 37492.56),(2 78497.85),(3 108561.81),(4 132327.13),(5 148421.52),(6 158462.94),(7 164786.84),(8 168334.38),(9 170552.22),(10 174219.8),(11 179899.75),(12 189361.55),(13 197789.78),(14 202913.48),(15 203898.27),(16 204422.19),(17 203953.11),(18 202992.05),(19 202784.31),(20 201781.13),(21 204859.13),(22 207318.13),(23 208530.89),(24 210778.25),(25 213995.55),(26 216469.4),(27 217551.39),(28 217137.73),(29 214176.94),(30 213001.6),(31 210529.13),(32 209029.84),(33 209899.39),(34 210998.11),(35 215369.69),(36 217364.34),(37 220137.38),(38 223065.34),(39 223948.13),(40 224905.6),(41 222633.55),(42 221647.75),(43 222814.13),(44 223914),(45 223468.19),(46 224738.33),(47 226711.61),(48 228271.2),(49 230148),(50 229834.98),(51 228395.48),(52 226638.33),(53 226602.73),(54 228344.05),(55 229293.25),(56 229702.94),(57 230589.55),(58 232551.86),(59 233783.95),(60 234526.4),(61 234959.16),(62 235047.73),(63 232589.61),(64 228750.78),(65 228817.69),(66 233095.63),(67 236935.58),(68 239196.69),(69 239323.06),(70 240141.63),(71 238912.73),(72 236722.58),(73 238473.16),(74 239112.95),(75 238311.55),(76 240548),(77 241337.69),(78 241593.89),(79 241388.28),
(1 35314.363),(2 73977.266),(3 102336.766),(4 126642.41),(5 143534.72),(6 152750),(7 158426.98),(8 162099.36),(9 162585.5),(10 163663.88),(11 167079.3),(12 174725.02),(13 179934.22),(14 184385.94),(15 188453.95),(16 190678.92),(17 191240.08),(18 190835.88),(19 189435.84),(20 187410.98),(21 187508.02),(22 189502.84),(23 192671.86),(24 196140.92),(25 200380.47),(26 201127.53),(27 200452.02),(28 199342.78),(29 200367.1),(30 199222.5),(31 197674.9),(32 197842.63),(33 200188.56),(34 202279.47),(35 206182.2),(36 208792.92),(37 210738.44),(38 212752.5),(39 208750.08),(40 207311.92),(41 205393.88),(42 204229.88),(43 206066.58),(44 208266.81),(45 210646.56),(46 213163.39),(47 214447.66),(48 211943.67),(49 208908.44),(50 205247.78),(51 200813.94),(52 196515.92),(53 194656.4),(54 196210.67),(55 198825.73),(56 202455.6),(57 203946.95),(58 205250.64),(59 205929.58),(60 207840.33),(61 207321.61),(62 206123.3),(63 205194),(64 205082.67),(65 207071.64),(66 207111.17),(67 205773.66),(68 206421.78),(69 208046.75),(70 207554.53),(71 206786.95),(72 204438.5),(73 203546.53),(74 203001.58),(75 202970.83),(76 204502.25),(77 206450.5),(78 206929.42),(79 208154.22),
(1 35028.688),(2 73208.66),(3 98404.234),(4 118529.08),(5 131582),(6 140138.06),(7 146881.4),(8 149467.5),(9 151062.27),(10 155743.58),(11 161432.47),(12 170017.66),(13 176250.2),(14 179739.45),(15 179619.16),(16 180225.83),(17 182757.98),(18 183194.1),(19 180247.55),(20 179427.42),(21 181855.03),(22 183423.9),(23 184756.28),(24 188217.95),(25 189681.39),(26 189781.39),(27 189319.39),(28 188906.52),(29 187783.02),(30 185981.84),(31 185176.02),(32 185629.16),(33 188454.75),(34 191213.66),(35 192941.69),(36 193709.03),(37 193621.33),(38 192720.16),(39 190344.2),(40 189262.72),(41 186798.3),(42 186876.72),(43 189018.81),(44 191712.83),(45 192109.39),(46 193081.13),(47 195936.69),(48 196864.64),(49 194571.28),(50 193179.8),(51 192366.42),(52 191493.16),(53 191482.22),(54 191530.1),(55 193760.16),(56 194266.84),(57 195115.28),(58 194816.17),(59 195643.95),(60 194879.03),(61 193492.34),(62 193287.31),(63 193223.11),(64 192019.2),(65 190939.56),(66 191909.66),(67 193086.84),(68 193847.27),(69 195239.98),(70 195427.83),(71 195692.9),(72 197001.27),(73 196054.45),(74 198198.66),(75 198355.9),(76 199015.45),(77 198187.77),(78 197249.53),(79 197981.8),
(1 32691.635),(2 67372.055),(3 89568.91),(4 106656.97),(5 118573.375),(6 127285.125),(7 132567.84),(8 135312.97),(9 135930.55),(10 139744.67),(11 144843.14),(12 152542.77),(13 157392.88),(14 159754.64),(15 162786.1),(16 163657.44),(17 164410.06),(18 166279.06),(19 165752.64),(20 165528.56),(21 167486.16),(22 169214.39),(23 169856.44),(24 171224.28),(25 171580.8),(26 173704.53),(27 176718.7),(28 177941.83),(29 177157.84),(30 177387.94),(31 176597.22),(32 175026.75),(33 175223.9),(34 177644.78),(35 179661.3),(36 179822.03),(37 179771.78),(38 179625.73),(39 178419.22),(40 176109.81),(41 173335.13),(42 172682.81),(43 175239.8),(44 178073.52),(45 180014.33),(46 182626.13),(47 182673.8),(48 185101.53),(49 183913.3),(50 182881.84),(51 181356.27),(52 179738.44),(53 179224.8),(54 182152.45),(55 183518.45),(56 183413.73),(57 184289.38),(58 186227.11),(59 186375.72),(60 186038.55),(61 184684.81),(62 186075.47),(63 187581.39),(64 187427.02),(65 188298.78),(66 189717.39),(67 192217.08),(68 194763.27),(69 195182.06),(70 193484.1),(71 194694),(72 193741.53),(73 193067.08),(74 191312.39),(75 191211.58),(76 192192.44),(77 194012.22),(78 194390.17),(79 197322.94),
(1 32012.027),(2 65850.96),(3 89788.53),(4 107066.11),(5 117570.53),(6 123856.05),(7 127146.18),(8 130147.37),(9 130186.73),(10 133677.53),(11 137056.63),(12 143361.58),(13 147230.31),(14 151235),(15 153819.58),(16 153517.06),(17 151210.97),(18 150426.16),(19 148704.08),(20 147924.13),(21 150655.7),(22 152219.52),(23 153977.83),(24 157329.52),(25 160057.88),(26 163867.5),(27 167184.25),(28 168731.81),(29 169999.7),(30 171557.45),(31 173160.78),(32 172868.45),(33 174120.73),(34 175299.86),(35 176828.98),(36 177429.05),(37 179443.78),(38 179558.95),(39 178110.1),(40 178576.88),(41 178725.22),(42 178382.95),(43 178131.56),(44 178094.44),(45 178011.19),(46 177217.25),(47 176083.19),(48 176305.19),(49 174320.92),(50 175107.08),(51 174255.64),(52 173758.64),(53 173046.06),(54 173914.08),(55 176205.45),(56 177148.02),(57 176384.72),(58 177863.52),(59 177208.33),(60 175832.4),(61 175034.5),(62 176542.9),(63 176889.8),(64 177823.55),(65 177236.4),(66 175527.6),(67 176569.4),(68 176129.94),(69 176213.55),(70 177338.42),(71 177783.19),(72 178263.17),(73 177931.75),(74 178085.9),(75 177712.64),(76 177398.39),(77 179533.3),(78 180888.03),(79 182265.8),
(1 31919.955),(2 65803.055),(3 88143.64),(4 104968.445),(5 116082.92),(6 125048.79),(7 130711.01),(8 133637.45),(9 134409.88),(10 135048.39),(11 138718.61),(12 142547.81),(13 144572.3),(14 147089.9),(15 149393.11),(16 151993.84),(17 153516.77),(18 154045.42),(19 153754.23),(20 153652.95),(21 156225.64),(22 157864.45),(23 157784.06),(24 158880.88),(25 160820.38),(26 162523.7),(27 162633.28),(28 162109.64),(29 161500.69),(30 159695.2),(31 159053.56),(32 157704.94),(33 159066.81),(34 159336.81),(35 162157.55),(36 163511.27),(37 164288.84),(38 163567.75),(39 163993.98),(40 167805.5),(41 167124.55),(42 166097.86),(43 166737.42),(44 168318.42),(45 170869.69),(46 172496.2),(47 172834.98),(48 173137.98),(49 172508.3),(50 172015.55),(51 172786.1),(52 172103.98),(53 167739.55),(54 164645.69),(55 164725),(56 165123.16),(57 167196.34),(58 170144.83),(59 172124.34),(60 171912.22),(61 170377.66),(62 169055.58),(63 167694.38),(64 166957.72),(65 166977.53),(66 166377.88),(67 166458.84),(68 168903.45),(69 169910.66),(70 169559.42),(71 168681.36),(72 168711.53),(73 168798.72),(74 170315.95),(75 173200.17),(76 175609.8),(77 178475.2),(78 179480.8),(79 180278.25),
(1 28710.18),(2 58162.64),(3 79607.12),(4 94644.43),(5 103319.53),(6 108110.516),(7 111871.625),(8 115047.35),(9 115253.89),(10 117182.586),(11 121644.586),(12 126417.63),(13 130132.414),(14 131798.72),(15 134147.55),(16 134194.63),(17 135294.03),(18 136440.94),(19 135713.98),(20 134937.77),(21 135629.47),(22 137902.83),(23 139324.39),(24 140670.5),(25 142585.05),(26 144310.95),(27 145877),(28 146532.14),(29 146249.66),(30 144070.44),(31 142872.5),(32 140710.34),(33 141053.3),(34 141779.06),(35 144943.58),(36 143896.48),(37 143244.92),(38 142422.4),(39 141912.7),(40 142219.92),(41 138878.17),(42 136980.02),(43 137411.52),(44 138698.4),(45 139369.44),(46 142322.94),(47 144653.86),(48 146840.27),(49 146538.23),(50 146018.44),(51 144098.08),(52 142853.06),(53 143201.36),(54 144066.83),(55 146148.16),(56 148032.55),(57 147765.9),(58 146407.94),(59 147038.16),(60 147879.39),(61 148303.88),(62 147520.39),(63 148012.28),(64 148414.2),(65 149187.13),(66 150944.64),(67 151919.22),(68 154505.66),(69 155569.72),(70 157469.13),(71 158097.58),(72 157817.17),(73 157297.38),(74 158212.66),(75 158872.42),(76 159543.55),(77 161177.14),(78 161072.14),(79 162532),
(1 27820.246),(2 56292.098),(3 74585.34),(4 89143.77),(5 99236.24),(6 106259.01),(7 110530.414),(8 112102.27),(9 113580.77),(10 116375.45),(11 119471.23),(12 124516.766),(13 129027.65),(14 131665.47),(15 135555.1),(16 137578.83),(17 137077.17),(18 136155.4),(19 132831.16),(20 130358.55),(21 131380.53),(22 133500.73),(23 135647.81),(24 138736.72),(25 141056.69),(26 143997.03),(27 147056.39),(28 148262.42),(29 146916.52),(30 143994.94),(31 142108.6),(32 141553.4),(33 141251.58),(34 143160.38),(35 145968.39),(36 147577.84),(37 148982.1),(38 150999.69),(39 151921.3),(40 151243.72),(41 149921.83),(42 149020.8),(43 148887.1),(44 149741.97),(45 151073.58),(46 152968.45),(47 154820.42),(48 156156.17),(49 155177.75),(50 156610.81),(51 157265.69),(52 155663.14),(53 155262.9),(54 156034.1),(55 155837.8),(56 156627.47),(57 155369.1),(58 155808.81),(59 153558.23),(60 151693.63),(61 149606.33),(62 148646.84),(63 147308.86),(64 148253.47),(65 150016.55),(66 152309.16),(67 153381.05),(68 154353.4),(69 155261.9),(70 154072.47),(71 153443.06),(72 150681.56),(73 149818.98),(74 150445.88),(75 152148.52),(76 153807.19),(77 154818.97),(78 155198.61),(79 156559.34),
(1 27040.342),(2 54987.926),(3 71978.34),(4 85183.875),(5 94477.8),(6 102086.94),(7 106550.13),(8 108316),(9 109073.414),(10 112561.37),(11 116504.6),(12 121062.195),(13 124323.34),(14 126050.03),(15 127387.234),(16 130578.26),(17 131474.83),(18 132100.14),(19 131270.19),(20 129450.234),(21 129134.52),(22 130461.46),(23 131881.44),(24 133757.83),(25 135701.14),(26 138336.83),(27 140233.16),(28 140952.94),(29 139554.72),(30 138875.34),(31 137635.38),(32 136844.55),(33 136274.48),(34 136538.97),(35 137396.73),(36 137777.75),(37 137178.27),(38 136626.1),(39 135353.78),(40 135247.34),(41 135210.13),(42 133826.25),(43 131514.31),(44 129553.96),(45 129455.1),(46 131684.84),(47 133633.03),(48 135368.38),(49 135919.69),(50 137523.66),(51 138083.45),(52 137679.3),(53 138577.02),(54 138962.11),(55 138828.83),(56 138855.97),(57 140054.06),(58 141497.17),(59 141304.13),(60 143197.84),(61 142993.73),(62 141445.75),(63 140691.47),(64 139894.39),(65 140218.67),(66 140092.48),(67 141564.06),(68 140721.27),(69 140879.36),(70 141664.97),(71 140619.8),(72 139739.97),(73 140655.34),(74 142729.86),(75 145332.31),(76 145937.02),(77 146027.23),(78 146518.83),(79 147684.5),
(1 26135.344),(2 53238.313),(3 71835.77),(4 85836.25),(5 94188),(6 99666.87),(7 103632.47),(8 106927.61),(9 107706.66),(10 109508.53),(11 112404.25),(12 116398.914),(13 119566.6),(14 119944.195),(15 119922.46),(16 120248.28),(17 120185.625),(18 120631.02),(19 120652.016),(20 120295.22),(21 120972.07),(22 122406.6),(23 124424.77),(24 126343.414),(25 129051.65),(26 130876.21),(27 130746.86),(28 130069.086),(29 129454.09),(30 128633.72),(31 128419.41),(32 128003.67),(33 128854.07),(34 129239.586),(35 129913.266),(36 132822.25),(37 133550.5),(38 133463.64),(39 132126),(40 131883.31),(41 131498.61),(42 129418.41),(43 128592.914),(44 127931.73),(45 126839.24),(46 127711.07),(47 129744.945),(48 130465.555),(49 130493.086),(50 130526.92),(51 130377.39),(52 130351.33),(53 129881.82),(54 130074.72),(55 130295.99),(56 130575.24),(57 130399.484),(58 130491.65),(59 130661.516),(60 131513.88),(61 130722.39),(62 129493.04),(63 129134.07),(64 129392.82),(65 130340.305),(66 131366.11),(67 132488.61),(68 133843),(69 133977.88),(70 134007.92),(71 133996.75),(72 133560.84),(73 134132.98),(74 135148.48),(75 137045.73),(76 136507.89),(77 135176.52),(78 134804.13),(79 135512.25),
(1 24572.86),(2 49203.02),(3 65829.87),(4 79107.836),(5 86452.76),(6 90547.74),(7 93128.555),(8 95576.36),(9 96750.93),(10 99873.57),(11 102423.24),(12 106723.56),(13 109092.984),(14 110336.85),(15 110985.65),(16 111181.055),(17 111676.91),(18 112229.305),(19 111525.05),(20 111148.234),(21 112783.49),(22 114321.64),(23 115374.5),(24 116484.26),(25 118137.164),(26 120156.07),(27 122736.06),(28 124710.76),(29 126909.65),(30 127120.95),(31 125033.414),(32 123380.19),(33 123100.94),(34 122986.57),(35 123878.93),(36 124204.87),(37 123495.62),(38 123970.93),(39 124623.65),(40 124789.664),(41 124061.086),(42 123345.88),(43 122224.266),(44 123288.37),(45 123730.28),(46 126104.2),(47 127505.13),(48 127707.47),(49 127068.85),(50 127220.51),(51 126487.04),(52 126146.836),(53 126355.555),(54 127979.65),(55 129036.15),(56 129213.836),(57 128568.61),(58 129895.39),(59 129369.71),(60 128829.43),(61 127476.87),(62 127484.36),(63 128276.76),(64 128181.47),(65 127927.47),(66 128212.8),(67 129343.2),(68 129552.79),(69 129040.664),(70 127734.72),(71 127172.9),(72 126010.59),(73 126134.54),(74 126719.31),(75 128323.766),(76 129519.07),(77 131166.8),(78 131458.92),(79 131561.67),
(1 24098.39),(2 49166.61),(3 65304.14),(4 77980.96),(5 85704.055),(6 90420.266),(7 94141.445),(8 96406.65),(9 98008.51),(10 101294.516),(11 105451.234),(12 109468.57),(13 111146.85),(14 111905.27),(15 112201.83),(16 112392.164),(17 112097.11),(18 111890.66),(19 110945.21),(20 111299.62),(21 112377),(22 114662.82),(23 115056.44),(24 116060.54),(25 116863.945),(26 118604.88),(27 120157.055),(28 121411.42),(29 122390.2),(30 122232.31),(31 123348.63),(32 124153.99),(33 124585.16),(34 124285.47),(35 125144.38),(36 124213.57),(37 123340.79),(38 120944.89),(39 119842.87),(40 119308.13),(41 119632.87),(42 119952.99),(43 119576.71),(44 119728.71),(45 120241.06),(46 120950.445),(47 120588.914),(48 119251.22),(49 118708.98),(50 117909.74),(51 119253.13),(52 120345.39),(53 120018.266),(54 120366.44),(55 121934.125),(56 123078.945),(57 124381.66),(58 125002.32),(59 125192.72),(60 124949.8),(61 125163.055),(62 125231.02),(63 124235.79),(64 123927.29),(65 124333.484),(66 125909),(67 126469.69),(68 126712.57),(69 126926.72),(70 126311.91),(71 125188.33),(72 124926.664),(73 124842.625),(74 123853.79),(75 123815.914),(76 123545.77),(77 123221.61),(78 122980.32),(79 125277.695),
(1 22754.193),(2 45891.133),(3 62009.41),(4 74529.71),(5 82168.03),(6 87282.58),(7 91153.51),(8 94192.234),(9 95761.016),(10 96217.38),(11 98553.086),(12 101822.41),(13 103381.09),(14 105354.67),(15 105205.81),(16 105742.33),(17 105498.86),(18 103891.18),(19 103395.26),(20 104311.484),(21 106739.25),(22 109386.44),(23 110556.51),(24 110937.41),(25 112009.43),(26 111748.984),(27 113722.83),(28 114278.516),(29 114766.26),(30 115011.54),(31 114212.14),(32 113715.26),(33 115112.15),(34 114894.766),(35 114376.51),(36 114244.2),(37 114047.58),(38 114246.63),(39 114336.086),(40 112700.74),(41 112485.75),(42 112740.35),(43 111836.03),(44 111327.734),(45 110402.21),(46 111449.79),(47 112761.875),(48 113309.914),(49 113016.08),(50 113022.55),(51 112860.375),(52 111190.32),(53 110447.54),(54 110919.59),(55 110472.38),(56 111546.54),(57 112008.8),(58 113959.83),(59 115787.89),(60 114768.7),(61 115218.375),(62 114581.58),(63 114545.914),(64 114673.414),(65 115314.09),(66 116211.62),(67 117305.73),(68 118916.35),(69 119533.45),(70 119120.516),(71 118226.84),(72 117740.96),(73 118754.04),(74 118272.84),(75 118227.12),(76 119074.86),(77 118278.41),(78 118153.29),(79 117149.04),
(1 21789.62),(2 42663.344),(3 56650.387),(4 66855.664),(5 73334.76),(6 78141.695),(7 80725.65),(8 83319.56),(9 83986.73),(10 84433.125),(11 86919.47),(12 89433.81),(13 90508.47),(14 92103.27),(15 92876.18),(16 93514.29),(17 94143.984),(18 94833.76),(19 94704.2),(20 92956.37),(21 94711.16),(22 95822.06),(23 96930.1),(24 97998.23),(25 99196.195),(26 99138.1),(27 99458.06),(28 99980.22),(29 99644.71),(30 98784.2),(31 97329.375),(32 97143.1),(33 97856.78),(34 97885.19),(35 99965.734),(36 101835.06),(37 102494.04),(38 103076.98),(39 102027.44),(40 101804.59),(41 101567.945),(42 101597.414),(43 101648.16),(44 100468.48),(45 100373.945),(46 101391.43),(47 102363.484),(48 103406.29),(49 103142.6),(50 103221.875),(51 102788.555),(52 102483.05),(53 102203.85),(54 102002.12),(55 102836.41),(56 103656.26),(57 104031.05),(58 104880.01),(59 105725.12),(60 106126.48),(61 106173.266),(62 106431.984),(63 107049.2),(64 106551.49),(65 106359.12),(66 105882.1),(67 106660.45),(68 106924.98),(69 106968.984),(70 106715.086),(71 107650.99),(72 108680.74),(73 108934.805),(74 108785.44),(75 108172.73),(76 107822.66),(77 107972.734),(78 108136.82),(79 107365.51),
(1 21220.82),(2 42049.5),(3 55057.855),(4 65997.32),(5 72522.72),(6 77119.5),(7 79624.61),(8 80226.8),(9 80636.484),(10 81649.445),(11 83492.09),(12 86258.43),(13 88353.29),(14 89687.87),(15 91064.91),(16 92166.91),(17 91990.61),(18 92913.63),(19 93321.016),(20 92839.93),(21 93395.016),(22 94493.01),(23 95740.766),(24 96694.625),(25 98297.91),(26 98629.93),(27 99071.836),(28 98882.27),(29 99314.86),(30 98651.88),(31 97459.42),(32 97571.68),(33 98449.72),(34 98907.73),(35 100198.4),(36 101204.086),(37 100928.01),(38 102353.875),(39 102177.07),(40 102366.59),(41 101313.38),(42 101944.62),(43 102778.95),(44 102686.266),(45 104151.84),(46 105841.07),(47 105994.336),(48 105171.336),(49 104477.07),(50 103899.48),(51 103113.99),(52 103411.99),(53 103264.89),(54 104161.32),(55 105683.18),(56 106054.88),(57 105854.79),(58 105471.77),(59 103918.305),(60 102434.14),(61 101893.25),(62 102119.37),(63 102457.516),(64 100864.72),(65 99992.7),(66 99018.78),(67 98643.35),(68 99447.1),(69 100349.04),(70 100802.57),(71 101596.9),(72 100491.9),(73 101768.45),(74 102747.18),(75 103098.8),(76 104504.05),(77 105983.3),(78 106980.26),(79 107565.14),
(1 20509.742),(2 40222.633),(3 53446.43),(4 63571),(5 69548.914),(6 73746.27),(7 75526.31),(8 76819.49),(9 77115.734),(10 78213.82),(11 81124.34),(12 83830.51),(13 84996.76),(14 85310.08),(15 87109.555),(16 88568.81),(17 88162.53),(18 88910.61),(19 88467.33),(20 89251.44),(21 91554.555),(22 92648.414),(23 93211.945),(24 94088.02),(25 95424.875),(26 96333.13),(27 97308.484),(28 97265),(29 97067.69),(30 97236.81),(31 98586.94),(32 100434.164),(33 101564.94),(34 102482.31),(35 103213.95),(36 103547.61),(37 103126.95),(38 101984.35),(39 100472.445),(40 99102.78),(41 97811.914),(42 98245.37),(43 99287.62),(44 100271.87),(45 100690.414),(46 101917.055),(47 102489.625),(48 102719.734),(49 102117.94),(50 102083.53),(51 102558.11),(52 103356.29),(53 102951.945),(54 102483.45),(55 101850.18),(56 102678.51),(57 102806.48),(58 102948.53),(59 102337.01),(60 102070.734),(61 101796.18),(62 101151.08),(63 100784.26),(64 100895.766),(65 101062.445),(66 102162.586),(67 102557.555),(68 102204),(69 102039.73),(70 101644.18),(71 101716.42),(72 100243.52),(73 99030.62),(74 99043.125),(75 99657.67),(76 100573.69),(77 101859.61),(78 101870.836),(79 102695.47),
(1 19509.525),(2 38625.383),(3 51276.418),(4 60720.188),(5 66523.664),(6 70328.06),(7 72497.914),(8 74881.39),(9 75682.4),(10 77221.1),(11 80049.71),(12 82951.07),(13 85136.586),(14 86504.6),(15 88369.84),(16 89287.56),(17 89122.96),(18 89517.05),(19 88294.77),(20 86986.945),(21 87837.83),(22 89948.93),(23 91893.15),(24 92779.36),(25 93655.414),(26 94656.31),(27 94978.63),(28 94488.016),(29 94142.47),(30 93015.49),(31 92546.766),(32 91780.22),(33 91981.484),(34 92460.03),(35 94023.1),(36 95003.14),(37 95427.6),(38 95264.81),(39 93818.77),(40 92560.68),(41 93147.64),(42 93179.84),(43 93892.055),(44 94497.69),(45 94830.44),(46 96121.98),(47 97554.72),(48 97900.79),(49 97169.016),(50 97827.05),(51 97536.94),(52 97553.95),(53 97123.555),(54 97209.21),(55 97744.66),(56 96965.47),(57 96340.516),(58 96823.06),(59 96213.695),(60 95532.71),(61 94959.91),(62 93966.03),(63 93216.555),(64 91365.92),(65 90246.33),(66 90702.71),(67 92182.8),(68 93306.55),(69 95647.24),(70 97057.56),(71 97891.54),(72 98093.78),(73 98106.266),(74 98087.695),(75 97528.12),(76 97135.57),(77 97573.06),(78 97379.625),(79 97425.82),
(1 18745.842),(2 35955.008),(3 47611.94),(4 56155.668),(5 61957.67),(6 66167.05),(7 68152.92),(8 69432.33),(9 70642.445),(10 71884.57),(11 73617.08),(12 76004.12),(13 76537.5),(14 76499.89),(15 77011.47),(16 78022.89),(17 79008.875),(18 79589.875),(19 79230.234),(20 79223.47),(21 79548),(22 79851.3),(23 80298.37),(24 81299.125),(25 82595.74),(26 83180.836),(27 83716.62),(28 83576.914),(29 82899.61),(30 81958.76),(31 83204.6),(32 83976.664),(33 84427.02),(34 85104.7),(35 86805.96),(36 87541.52),(37 88352.97),(38 88649.07),(39 88216.55),(40 87248.836),(41 87046.58),(42 85594.9),(43 85224.734),(44 84920.24),(45 85637.62),(46 85990.55),(47 86637.08),(48 87452.82),(49 87931.09),(50 88649.29),(51 88520.29),(52 88964.67),(53 89007.49),(54 88726.97),(55 88157.83),(56 88058.51),(57 87656.37),(58 88839.09),(59 89126.086),(60 88683.37),(61 89225.23),(62 89570.35),(63 89809.234),(64 89394.92),(65 89392.82),(66 89639.62),(67 89317.164),(68 89468.195),(69 90159.95),(70 90205.27),(71 90592.26),(72 90662.5),(73 90328.78),(74 90193.27),(75 90048.336),(76 89359.945),(77 89118.484),(78 88761.45),(79 87899.22),
(1 18229.936),(2 35292.188),(3 46293.098),(4 55180.24),(5 60043.824),(6 63895.04),(7 66054.266),(8 67842.016),(9 68877.63),(10 69935.84),(11 72381.69),(12 74118.22),(13 75037.11),(14 74985.41),(15 75689.42),(16 76129.95),(17 76626.086),(18 77274.766),(19 77154.36),(20 76525.44),(21 77278.75),(22 76966.19),(23 76301.68),(24 76480.25),(25 77513.52),(26 78200.45),(27 78529.69),(28 79896.766),(29 80434.11),(30 80225.79),(31 80344.61),(32 81035.57),(33 81974.85),(34 82396.414),(35 82456.445),(36 81782.09),(37 81865.77),(38 82974.695),(39 83277.414),(40 81913.72),(41 81448.17),(42 80903.3),(43 80984.58),(44 81730.03),(45 82980.77),(46 83597.445),(47 83984.14),(48 84087.81),(49 83740.97),(50 82906.3),(51 83019.67),(52 83617.95),(53 82754.516),(54 82884.875),(55 84106.64),(56 84430.9),(57 85350.664),(58 87303.74),(59 88730.2),(60 89881.99),(61 90547.664),(62 88806.7),(63 87590.734),(64 87235.79),(65 87640.52),(66 87627.195),(67 87796.18),(68 87273.93),(69 86202.27),(70 85938.695),(71 85889.625),(72 85492.14),(73 85136.836),(74 85244.4),(75 85778.74),(76 85463.71),(77 86528.33),(78 87355.99),(79 86457.77),
