1.5,2.5,3.5,4.5,5.5,6.5,7.5,8.5,9.5,10.5,11.5,12.5,13.5,14.5,15.5,16.5,17.5,18.5,19.5,20.5,21.5,22.5,23.5,24.5,25.5,26.5,27.5,28.5,29.5,30.5,31.5,32.5,33.5,34.5,35.5,36.5,37.5,38.5,39.5,40.5,41.5,42.5,43.5,44.5,45.5,46.5,47.5,48.5,49.5,50.5,51.5,52.5,53.5,54.5,55.5,56.5,57.5,58.5,59.5,60.5,61.5,62.5,63.5,64.5,65.5,66.5,67.5,68.5,69.5,70.5,71.5,72.5,73.5,74.5,75.5,76.5,
(1 77.085625),(2 161.51053),(3 201.84956),(4 222.2339),(5 235.09259),(6 244.19696),(7 250.22322),(8 254.60362),(9 257.33295),(10 260.78137),(11 263.5265),(12 262.98428),(13 264.36023),(14 268.0437),(15 271.317),(16 272.83148),(17 273.42694),(18 274.89954),(19 275.0214),(20 276.68695),(21 278.16827),(22 276.53052),(23 275.58124),(24 277.00916),(25 278.30176),(26 278.09256),(27 276.97122),(28 274.2055),(29 273.59775),(30 277.02402),(31 281.12808),(32 284.5),(33 286.7808),(34 289.85907),(35 290.13828),(36 290.28198),(37 294.15668),(38 298.11218),(39 296.78696),(40 293.39322),(41 291.2473),(42 288.4093),(43 284.8975),(44 283.8786),(45 284.9568),(46 282.92413),(47 278.8499),(48 274.67596),(49 272.95728),(50 271.15497),(51 270.19778),(52 268.9442),(53 269.38535),(54 271.89334),(55 273.53842),(56 274.15207),(57 273.14752),(58 273.46725),(59 275.6918),(60 278.06302),(61 281.4978),(62 284.3028),(63 283.74915),(64 284.67877),(65 287.20483),(66 288.98373),(67 291.55392),(68 292.28372),(69 288.83582),(70 284.72577),(71 283.05008),(72 280.65433),(73 278.94305),(74 279.79422),(75 281.23373),(76 282.57916),(77 284.71722),(78 285.03836),(79 284.59122),
(1 80.55492),(2 121.42608),(3 132.05386),(4 138.99588),(5 144.56242),(6 148.67982),(7 152.47968),(8 154.48814),(9 156.16379),(10 159.36952),(11 162.1621),(12 162.0737),(13 162.37213),(14 162.65442),(15 163.49107),(16 163.49759),(17 161.07431),(18 160.94672),(19 161.62003),(20 160.54091),(21 160.83965),(22 160.14935),(23 160.50865),(24 161.16722),(25 162.38048),(26 161.41284),(27 160.15732),(28 160.54602),(29 160.69568),(30 161.78027),(31 162.64023),(32 162.8912),(33 163.22603),(34 163.2098),(35 162.31665),(36 161.58635),(37 162.72299),(38 163.14468),(39 161.3489),(40 161.01884),(41 161.03683),(42 159.11046),(43 157.70665),(44 158.05264),(45 158.59428),(46 157.87308),(47 157.7418),(48 156.42574),(49 156.56462),(50 156.70474),(51 157.65233),(52 155.80421),(53 154.52),(54 156.51694),(55 158.17854),(56 157.09995),(57 155.6886),(58 156.51672),(59 157.12387),(60 156.17546),(61 154.83554),(62 155.32892),(63 155.93057),(64 155.86115),(65 157.25914),(66 156.79204),(67 157.08191),(68 158.5553),(69 158.81602),(70 156.86446),(71 156.48648),(72 156.8604),(73 157.13777),(74 157.38202),(75 159.47879),(76 161.79118),(77 161.51816),(78 160.00064),(79 158.38644),
(1 55.65251),(2 70.65341),(3 77.73928),(4 83.1557),(5 87.39073),(6 90.95251),(7 92.58783),(8 93.1475),(9 93.866165),(10 94.12253),(11 93.33793),(12 92.054794),(13 91.83676),(14 91.54997),(15 91.34818),(16 91.35429),(17 91.71183),(18 92.251076),(19 91.91823),(20 92.482765),(21 93.47215),(22 93.69341),(23 93.677414),(24 93.64751),(25 93.86566),(26 94.0054),(27 93.8366),(28 93.45984),(29 93.04229),(30 92.99659),(31 92.666145),(32 92.660446),(33 92.16684),(34 91.473236),(35 91.21757),(36 91.35389),(37 92.36138),(38 92.67154),(39 92.89065),(40 92.71136),(41 92.19595),(42 91.86995),(43 91.00778),(44 90.92394),(45 91.09673),(46 91.23275),(47 91.35304),(48 91.29008),(49 91.06083),(50 90.80216),(51 92.04911),(52 90.61386),(53 90.03656),(54 89.64783),(55 90.20984),(56 89.589714),(57 89.27352),(58 89.04079),(59 89.3932),(60 88.73851),(61 89.315605),(62 89.04314),(63 89.40624),(64 89.67226),(65 89.717094),(66 89.89972),(67 90.256874),(68 90.6121),(69 90.31237),(70 90.367805),(71 90.82275),(72 90.70876),(73 90.18548),(74 90.695915),(75 90.88621),(76 91.399155),(77 91.43784),(78 92.04186),(79 91.50108),
(1 45.923546),(2 55.308266),(3 60.410614),(4 65.366394),(5 68.7605),(6 70.979095),(7 71.80207),(8 71.66143),(9 70.28346),(10 69.40815),(11 68.41015),(12 68.07591),(13 68.466705),(14 68.69207),(15 69.72124),(16 70.34498),(17 70.875244),(18 71.29442),(19 71.16863),(20 71.25281),(21 70.7284),(22 70.261086),(23 70.17039),(24 69.74654),(25 69.383026),(26 69.33138),(27 68.96392),(28 69.19798),(29 69.187256),(30 69.17046),(31 69.19269),(32 69.76274),(33 69.95814),(34 69.51591),(35 69.39245),(36 69.16496),(37 69.339),(38 69.414406),(39 69.17034),(40 69.2055),(41 68.52417),(42 68.474014),(43 68.31579),(44 68.21064),(45 68.24387),(46 68.10585),(47 68.054924),(48 68.15111),(49 67.56403),(50 67.48825),(51 67.59721),(52 67.281204),(53 66.76683),(54 66.755035),(55 66.83174),(56 66.7585),(57 66.66209),(58 66.727234),(59 66.78314),(60 66.0561),(61 66.16923),(62 66.33173),(63 66.537315),(64 66.366005),(65 66.30156),(66 66.47057),(67 66.506645),(68 66.696045),(69 66.98131),(70 67.05115),(71 67.13896),(72 67.03913),(73 67.41197),(74 67.54954),(75 67.21554),(76 67.57156),(77 67.722824),(78 67.55545),(79 67.27843),
(1 35.90725),(2 43.29394),(3 47.71312),(4 51.416252),(5 53.773296),(6 54.338577),(7 53.97979),(8 52.873543),(9 51.59031),(10 51.093826),(11 51.231556),(12 51.975105),(13 52.598186),(14 53.26229),(15 53.43304),(16 53.373753),(17 53.030415),(18 52.821774),(19 52.453762),(20 52.136406),(21 52.1925),(22 52.53967),(23 52.522377),(24 52.45217),(25 52.41255),(26 52.442616),(27 51.93019),(28 51.77161),(29 51.690483),(30 51.232548),(31 51.434967),(32 51.687828),(33 51.89538),(34 51.971077),(35 52.08579),(36 52.014126),(37 51.961674),(38 52.045338),(39 51.85073),(40 51.499638),(41 51.330223),(42 51.52672),(43 51.3482),(44 51.135475),(45 51.1914),(46 51.29761),(47 51.119648),(48 51.033867),(49 51.095863),(50 50.884434),(51 50.805298),(52 50.804886),(53 50.494823),(54 50.306103),(55 50.40426),(56 50.523396),(57 50.355225),(58 50.42363),(59 50.617233),(60 50.528576),(61 50.482334),(62 50.482533),(63 50.507942),(64 50.46027),(65 50.458187),(66 50.61901),(67 50.66757),(68 50.535515),(69 50.664383),(70 50.82527),(71 50.660553),(72 51.08835),(73 50.94374),(74 51.056553),(75 50.92806),(76 50.863018),(77 50.788677),(78 50.736214),(79 50.69905),
(1 22.006943),(2 27.087927),(3 30.603365),(4 32.522083),(5 32.971916),(6 32.421696),(7 31.489931),(8 30.79965),(9 30.777601),(10 31.561005),(11 32.236717),(12 32.731823),(13 32.719738),(14 32.43475),(15 32.029377),(16 31.843283),(17 31.801107),(18 32.025623),(19 32.181137),(20 32.367912),(21 32.39978),(22 32.397686),(23 32.266727),(24 32.055573),(25 31.8659),(26 31.757576),(27 31.739801),(28 31.790775),(29 31.827038),(30 31.712315),(31 31.8433),(32 31.802273),(33 31.802046),(34 31.634634),(35 31.696709),(36 31.811558),(37 31.917171),(38 31.943472),(39 31.931292),(40 31.853123),(41 31.657814),(42 31.547272),(43 31.32873),(44 31.313925),(45 31.20014),(46 31.161499),(47 31.128334),(48 31.111042),(49 30.995167),(50 31.019001),(51 30.975063),(52 30.958458),(53 30.821806),(54 30.792051),(55 30.74982),(56 30.73857),(57 30.733812),(58 30.729473),(59 30.584904),(60 30.677504),(61 30.753016),(62 30.70811),(63 30.785135),(64 30.697342),(65 30.852705),(66 31.005423),(67 31.098814),(68 30.96936),(69 31.065456),(70 31.090631),(71 30.914381),(72 30.886145),(73 30.69824),(74 30.721289),(75 30.803406),(76 30.820421),(77 30.908245),(78 30.813547),(79 30.881636),
(1 19.093029),(2 23.425095),(3 26.32267),(4 27.464376),(5 27.070774),(6 26.245972),(7 25.545671),(8 25.595732),(9 26.20205),(10 26.939676),(11 27.033684),(12 26.734667),(13 26.304613),(14 25.996061),(15 26.261885),(16 26.455341),(17 26.667973),(18 26.73648),(19 26.617992),(20 26.374271),(21 26.276485),(22 26.391106),(23 26.599766),(24 26.64171),(25 26.560234),(26 26.400337),(27 26.288233),(28 26.322695),(29 26.20284),(30 26.15767),(31 26.19825),(32 26.208334),(33 26.1781),(34 26.342537),(35 26.201164),(36 26.169916),(37 26.385958),(38 26.240505),(39 26.403206),(40 26.283615),(41 26.321812),(42 26.076488),(43 26.046833),(44 25.991373),(45 25.937986),(46 25.798967),(47 25.794502),(48 25.827642),(49 25.723104),(50 25.80405),(51 25.671858),(52 25.663095),(53 25.614931),(54 25.51658),(55 25.52037),(56 25.364347),(57 25.347132),(58 25.314272),(59 25.344189),(60 25.380314),(61 25.479618),(62 25.500645),(63 25.574081),(64 25.543901),(65 25.602787),(66 25.594732),(67 25.673765),(68 25.696735),(69 25.683683),(70 25.719147),(71 25.542274),(72 25.580898),(73 25.499403),(74 25.547583),(75 25.512884),(76 25.666246),(77 25.70693),(78 25.84165),(79 25.808567),
(1 15.535112),(2 18.925337),(3 20.922571),(4 21.42286),(5 20.80224),(6 20.283798),(7 20.216637),(8 20.656359),(9 21.241589),(10 21.246502),(11 20.895039),(12 20.56769),(13 20.494417),(14 20.735334),(15 21.024828),(16 21.035023),(17 20.912024),(18 20.819147),(19 20.911976),(20 20.972004),(21 21.022272),(22 21.006712),(23 20.99749),(24 20.912945),(25 20.813038),(26 20.803383),(27 20.679338),(28 20.675076),(29 20.662754),(30 20.62167),(31 20.607693),(32 20.706522),(33 20.743748),(34 20.70634),(35 20.775646),(36 20.767773),(37 20.817226),(38 20.83596),(39 20.79509),(40 20.824867),(41 20.696018),(42 20.533524),(43 20.542126),(44 20.462727),(45 20.337082),(46 20.334845),(47 20.346298),(48 20.384617),(49 20.354597),(50 20.336243),(51 20.309694),(52 20.251364),(53 20.190344),(54 20.094027),(55 20.085411),(56 20.017513),(57 20.070055),(58 20.091322),(59 20.184576),(60 20.043804),(61 20.119673),(62 20.101263),(63 20.066505),(64 20.107067),(65 20.154352),(66 20.171164),(67 20.186836),(68 20.111864),(69 20.069252),(70 20.101791),(71 20.093895),(72 20.135628),(73 20.142517),(74 20.166428),(75 20.165833),(76 20.151676),(77 20.165485),(78 20.233637),(79 20.19739),
(1 11.867287),(2 14.664956),(3 15.970988),(4 15.785083),(5 15.094056),(6 14.994561),(7 15.484795),(8 15.863271),(9 15.832058),(10 15.509724),(11 15.376181),(12 15.552797),(13 15.759304),(14 15.820358),(15 15.680264),(16 15.580511),(17 15.644166),(18 15.839115),(19 15.898346),(20 15.894847),(21 15.764149),(22 15.722433),(23 15.777675),(24 15.849817),(25 15.773252),(26 15.697292),(27 15.577348),(28 15.601909),(29 15.595637),(30 15.586624),(31 15.573328),(32 15.591106),(33 15.609015),(34 15.579849),(35 15.579543),(36 15.6657295),(37 15.6546955),(38 15.549316),(39 15.578811),(40 15.564245),(41 15.556254),(42 15.499335),(43 15.3796),(44 15.373887),(45 15.357239),(46 15.370498),(47 15.328413),(48 15.278928),(49 15.260741),(50 15.202001),(51 15.225477),(52 15.211238),(53 15.222281),(54 15.171487),(55 15.192466),(56 15.175318),(57 15.134382),(58 15.14799),(59 15.172554),(60 15.105016),(61 15.100582),(62 15.062245),(63 15.123933),(64 15.10864),(65 15.186658),(66 15.1252985),(67 15.155906),(68 15.204547),(69 15.17079),(70 15.12193),(71 15.091444),(72 15.182622),(73 15.118501),(74 15.18441),(75 15.192489),(76 15.161446),(77 15.200452),(78 15.210845),(79 15.181558),
(1 9.310697),(2 11.607613),(3 12.366837),(4 11.963201),(5 11.568642),(6 11.77663),(7 12.258927),(8 12.311167),(9 12.050388),(10 11.910391),(11 12.073996),(12 12.293865),(13 12.218647),(14 12.049684),(15 12.075332),(16 12.262545),(17 12.329135),(18 12.284471),(19 12.209975),(20 12.259958),(21 12.269679),(22 12.267847),(23 12.245282),(24 12.155058),(25 12.138689),(26 12.164408),(27 12.1678295),(28 12.1400175),(29 12.087101),(30 12.086248),(31 12.053576),(32 12.1433),(33 12.1279955),(34 12.119861),(35 12.136909),(36 12.13666),(37 12.169784),(38 12.193953),(39 12.180088),(40 12.13821),(41 12.087757),(42 12.045726),(43 12.008106),(44 12.044093),(45 11.980882),(46 11.945336),(47 11.942514),(48 11.897169),(49 11.861561),(50 11.823559),(51 11.841218),(52 11.853546),(53 11.826125),(54 11.82935),(55 11.836989),(56 11.767937),(57 11.778502),(58 11.77547),(59 11.73476),(60 11.700967),(61 11.721875),(62 11.752212),(63 11.746145),(64 11.77172),(65 11.770179),(66 11.761061),(67 11.751748),(68 11.770363),(69 11.757383),(70 11.820429),(71 11.795954),(72 11.778049),(73 11.780881),(74 11.811339),(75 11.838138),(76 11.828059),(77 11.841789),(78 11.824236),(79 11.809714),
(1 6.5424666),(2 8.186331),(3 8.472973),(4 8.084534),(5 8.026196),(6 8.409166),(7 8.628244),(8 8.425855),(9 8.189843),(10 8.378655),(11 8.587422),(12 8.514915),(13 8.364285),(14 8.397825),(15 8.576477),(16 8.628413),(17 8.5463),(18 8.515798),(19 8.60975),(20 8.645481),(21 8.561413),(22 8.491174),(23 8.514889),(24 8.592333),(25 8.584843),(26 8.537489),(27 8.480816),(28 8.423613),(29 8.412195),(30 8.421032),(31 8.405004),(32 8.428749),(33 8.465094),(34 8.479679),(35 8.480569),(36 8.476435),(37 8.487139),(38 8.532011),(39 8.487613),(40 8.507939),(41 8.487314),(42 8.44695),(43 8.40935),(44 8.3820095),(45 8.360559),(46 8.369008),(47 8.345182),(48 8.336835),(49 8.292247),(50 8.301236),(51 8.288034),(52 8.256544),(53 8.211718),(54 8.202296),(55 8.20467),(56 8.186967),(57 8.158307),(58 8.133915),(59 8.167918),(60 8.150202),(61 8.143761),(62 8.162195),(63 8.181657),(64 8.182667),(65 8.224027),(66 8.208846),(67 8.211721),(68 8.224941),(69 8.22708),(70 8.248146),(71 8.219169),(72 8.203405),(73 8.175257),(74 8.236493),(75 8.243201),(76 8.277252),(77 8.232592),(78 8.285972),(79 8.254211),
(1 6.0648665),(2 7.547194),(3 7.604424),(4 7.264604),(5 7.421543),(6 7.759021),(7 7.6921706),(8 7.4818377),(9 7.55147),(10 7.7698755),(11 7.6888123),(12 7.5156455),(13 7.6185813),(14 7.7708154),(15 7.753883),(16 7.7120543),(17 7.7537313),(18 7.790597),(19 7.7424746),(20 7.693085),(21 7.707375),(22 7.7882185),(23 7.7885222),(24 7.7314377),(25 7.7428045),(26 7.734509),(27 7.689511),(28 7.630493),(29 7.60858),(30 7.612593),(31 7.62888),(32 7.627182),(33 7.6306295),(34 7.6520934),(35 7.6749763),(36 7.6895223),(37 7.6784544),(38 7.7010207),(39 7.686726),(40 7.679601),(41 7.66401),(42 7.6330113),(43 7.56918),(44 7.5638843),(45 7.5252304),(46 7.5249557),(47 7.5175266),(48 7.5191817),(49 7.488845),(50 7.4805975),(51 7.468847),(52 7.461363),(53 7.421974),(54 7.40779),(55 7.408521),(56 7.4121046),(57 7.385394),(58 7.376555),(59 7.3690605),(60 7.4047894),(61 7.3784966),(62 7.383897),(63 7.399043),(64 7.401417),(65 7.3994555),(66 7.4172463),(67 7.4097733),(68 7.4440603),(69 7.4446774),(70 7.468226),(71 7.4418693),(72 7.4254446),(73 7.4145646),(74 7.4352393),(75 7.40628),(76 7.4345593),(77 7.4512825),(78 7.442426),(79 7.4420557),
(1 4.643393),(2 5.770462),(3 5.723606),(4 5.5750713),(5 5.8008366),(6 5.9861345),(7 5.8311753),(8 5.7807713),(9 5.9129314),(10 5.953238),(11 5.8249316),(12 5.8570185),(13 5.9491076),(14 5.9434233),(15 5.9048195),(16 5.954691),(17 5.994232),(18 5.9391317),(19 5.945516),(20 5.994634),(21 6.0088005),(22 5.9737744),(23 5.9912496),(24 6.0027475),(25 5.992721),(26 5.9484506),(27 5.928728),(28 5.9100585),(29 5.894096),(30 5.8806887),(31 5.8928695),(32 5.90177),(33 5.899333),(34 5.91483),(35 5.94034),(36 5.937105),(37 5.9395585),(38 5.9466667),(39 5.9453197),(40 5.943876),(41 5.951322),(42 5.9018955),(43 5.8641872),(44 5.8359666),(45 5.8230953),(46 5.8296156),(47 5.8136253),(48 5.785249),(49 5.7985907),(50 5.804079),(51 5.778786),(52 5.7612987),(53 5.7435985),(54 5.7646465),(55 5.727923),(56 5.7032285),(57 5.6934967),(58 5.694181),(59 5.712507),(60 5.7090526),(61 5.709276),(62 5.710035),(63 5.721045),(64 5.718201),(65 5.7185135),(66 5.7443905),(67 5.761001),(68 5.741997),(69 5.7539163),(70 5.7640314),(71 5.759247),(72 5.735286),(73 5.73823),(74 5.74983),(75 5.752667),(76 5.7614994),(77 5.7677674),(78 5.756981),(79 5.7604127),
(1 3.2829006),(2 3.9957023),(3 3.9687269),(4 3.9804485),(5 4.1302032),(6 4.1776342),(7 4.1165533),(8 4.1531835),(9 4.187251),(10 4.1532865),(11 4.1551714),(12 4.1908298),(13 4.1789517),(14 4.1583705),(15 4.2025647),(16 4.214477),(17 4.1955023),(18 4.2133274),(19 4.255284),(20 4.255031),(21 4.2375035),(22 4.25795),(23 4.280289),(24 4.2570357),(25 4.245275),(26 4.235368),(27 4.2085257),(28 4.196149),(29 4.1828923),(30 4.185674),(31 4.1693387),(32 4.1855836),(33 4.2011585),(34 4.210789),(35 4.2135334),(36 4.2163773),(37 4.230311),(38 4.2610645),(39 4.2755513),(40 4.2524486),(41 4.2334137),(42 4.206987),(43 4.190472),(44 4.157673),(45 4.156801),(46 4.159362),(47 4.149285),(48 4.1519446),(49 4.139186),(50 4.1463633),(51 4.1327643),(52 4.112639),(53 4.110026),(54 4.113625),(55 4.1064234),(56 4.0914936),(57 4.0812798),(58 4.0858235),(59 4.0884814),(60 4.0735655),(61 4.085665),(62 4.0886583),(63 4.086314),(64 4.0878077),(65 4.1024246),(66 4.104297),(67 4.1200404),(68 4.1316648),(69 4.1202273),(70 4.112912),(71 4.1145253),(72 4.10567),(73 4.1071057),(74 4.1208014),(75 4.1293573),(76 4.15372),(77 4.137168),(78 4.1445355),(79 4.141818),
(1 2.4953206),(2 3.0106997),(3 2.9836571),(4 3.0716536),(5 3.1769547),(6 3.1638935),(7 3.1661868),(8 3.2257836),(9 3.200659),(10 3.190733),(11 3.2330668),(12 3.2207053),(13 3.203149),(14 3.2363908),(15 3.2500029),(16 3.2350612),(17 3.2601383),(18 3.2703571),(19 3.2742872),(20 3.2946646),(21 3.300779),(22 3.287002),(23 3.2996736),(24 3.3021188),(25 3.2881854),(26 3.2811341),(27 3.2632174),(28 3.251207),(29 3.243989),(30 3.2446017),(31 3.234348),(32 3.2377114),(33 3.2495508),(34 3.252578),(35 3.2645073),(36 3.2708642),(37 3.2895937),(38 3.29974),(39 3.2954392),(40 3.2900937),(41 3.2817752),(42 3.256635),(43 3.2394214),(44 3.2301748),(45 3.230878),(46 3.2276785),(47 3.2249398),(48 3.22106),(49 3.2052186),(50 3.206424),(51 3.2038536),(52 3.196774),(53 3.184094),(54 3.1892352),(55 3.1851003),(56 3.171336),(57 3.16894),(58 3.1728806),(59 3.17573),(60 3.1671956),(61 3.1673841),(62 3.1703565),(63 3.1731389),(64 3.1791167),(65 3.1951993),(66 3.1977139),(67 3.2029305),(68 3.2042515),(69 3.2074475),(70 3.2135265),(71 3.204651),(72 3.2036197),(73 3.2002802),(74 3.203689),(75 3.1981342),(76 3.2176423),(77 3.2252395),(78 3.222815),(79 3.226389),
(1 1.9869376),(2 2.3801432),(3 2.3847744),(4 2.4889407),(5 2.5473242),(6 2.541093),(7 2.570637),(8 2.5938716),(9 2.5728505),(10 2.59407),(11 2.6087067),(12 2.5971327),(13 2.6012263),(14 2.617228),(15 2.6217666),(16 2.6309485),(17 2.6470656),(18 2.6521635),(19 2.661798),(20 2.680481),(21 2.6768346),(22 2.6739507),(23 2.6843956),(24 2.676121),(25 2.6766322),(26 2.672302),(27 2.6474013),(28 2.6371634),(29 2.6387577),(30 2.6250525),(31 2.6370797),(32 2.6452374),(33 2.6460452),(34 2.6572316),(35 2.6649861),(36 2.6654928),(37 2.6746893),(38 2.6833787),(39 2.6917968),(40 2.685559),(41 2.6677513),(42 2.6455371),(43 2.6288161),(44 2.6120408),(45 2.605144),(46 2.6038399),(47 2.6039486),(48 2.5985248),(49 2.5944457),(50 2.596182),(51 2.5890732),(52 2.583486),(53 2.5769715),(54 2.5796435),(55 2.5710702),(56 2.5621505),(57 2.5554552),(58 2.562597),(59 2.5604413),(60 2.5601714),(61 2.5588853),(62 2.5601888),(63 2.5701046),(64 2.5734162),(65 2.58264),(66 2.5820086),(67 2.5965846),(68 2.5966256),(69 2.596097),(70 2.5934696),(71 2.5857375),(72 2.587036),(73 2.589791),(74 2.5939896),(75 2.5940447),(76 2.6046684),(77 2.6055844),(78 2.6131105),(79 2.6119654),
(1 1.6490917),(2 1.9467223),(3 1.9590647),(4 2.042834),(5 2.0910954),(6 2.104791),(7 2.1358416),(8 2.1325974),(9 2.1245728),(10 2.149638),(11 2.1451302),(12 2.1471617),(13 2.1506565),(14 2.1529372),(15 2.174071),(16 2.1803703),(17 2.1858203),(18 2.1982815),(19 2.1994774),(20 2.2151775),(21 2.2189193),(22 2.2148287),(23 2.2265558),(24 2.2303739),(25 2.2232788),(26 2.2153504),(27 2.1973338),(28 2.189321),(29 2.1830742),(30 2.1829832),(31 2.1886933),(32 2.197673),(33 2.2036583),(34 2.2089634),(35 2.219508),(36 2.21858),(37 2.2334354),(38 2.238518),(39 2.2368593),(40 2.2332892),(41 2.2222729),(42 2.2036016),(43 2.1871002),(44 2.1781597),(45 2.1790123),(46 2.1776),(47 2.1822283),(48 2.1772046),(49 2.1657753),(50 2.1648002),(51 2.1668248),(52 2.1619382),(53 2.1569245),(54 2.1570802),(55 2.1528583),(56 2.1479163),(57 2.1381989),(58 2.144951),(59 2.141911),(60 2.1399837),(61 2.1431165),(62 2.1517553),(63 2.1555512),(64 2.1444297),(65 2.153866),(66 2.1575146),(67 2.171004),(68 2.1706238),(69 2.1630993),(70 2.1652856),(71 2.160279),(72 2.1561146),(73 2.1557322),(74 2.1581209),(75 2.163959),(76 2.1720605),(77 2.1804235),(78 2.1801887),(79 2.1743548),
(1 1.3227013),(2 1.5585985),(3 1.5936593),(4 1.674958),(5 1.6980249),(6 1.7268074),(7 1.7548518),(8 1.744358),(9 1.7489728),(10 1.7620463),(11 1.7582543),(12 1.763234),(13 1.7592336),(14 1.7643415),(15 1.7821339),(16 1.7811117),(17 1.8018975),(18 1.8046101),(19 1.8098253),(20 1.818405),(21 1.8140846),(22 1.8183072),(23 1.8277535),(24 1.8236146),(25 1.822179),(26 1.8112351),(27 1.793123),(28 1.7876376),(29 1.7850502),(30 1.785038),(31 1.7876818),(32 1.7955396),(33 1.7992944),(34 1.8051207),(35 1.8086367),(36 1.8125749),(37 1.8295869),(38 1.8291401),(39 1.8310258),(40 1.8288728),(41 1.8161626),(42 1.8050182),(43 1.7914996),(44 1.7835937),(45 1.7840306),(46 1.7855188),(47 1.780902),(48 1.7771819),(49 1.7683824),(50 1.7671121),(51 1.7667972),(52 1.7610558),(53 1.7542324),(54 1.7562459),(55 1.7541903),(56 1.7431287),(57 1.7411088),(58 1.7431661),(59 1.7445635),(60 1.7438384),(61 1.7456355),(62 1.753034),(63 1.7536187),(64 1.7562953),(65 1.7620318),(66 1.7693189),(67 1.778334),(68 1.7759198),(69 1.7759628),(70 1.7692097),(71 1.7664546),(72 1.7661529),(73 1.7700009),(74 1.7728276),(75 1.7774957),(76 1.7850595),(77 1.78631),(78 1.7887752),(79 1.7889012),
(1 1.0670398),(2 1.2557179),(3 1.3019521),(4 1.370399),(5 1.3908583),(6 1.417327),(7 1.4276876),(8 1.4347222),(9 1.4367623),(10 1.4435381),(11 1.4546214),(12 1.4496523),(13 1.4532833),(14 1.4594733),(15 1.467903),(16 1.4748994),(17 1.4811411),(18 1.4895968),(19 1.4949031),(20 1.4966997),(21 1.4955338),(22 1.4991384),(23 1.5005726),(24 1.5045974),(25 1.4986069),(26 1.4934039),(27 1.481794),(28 1.4726617),(29 1.4722831),(30 1.4656031),(31 1.4665792),(32 1.4840041),(33 1.4815513),(34 1.4848114),(35 1.4927193),(36 1.495312),(37 1.504975),(38 1.510946),(39 1.5110128),(40 1.5097033),(41 1.501373),(42 1.4885137),(43 1.4781066),(44 1.4694829),(45 1.4672241),(46 1.4696268),(47 1.4673417),(48 1.4662044),(49 1.4597617),(50 1.4629273),(51 1.4624758),(52 1.4604993),(53 1.4489298),(54 1.4535185),(55 1.4508255),(56 1.4422227),(57 1.4378165),(58 1.4370853),(59 1.4441656),(60 1.4397986),(61 1.4407126),(62 1.4481126),(63 1.4530711),(64 1.4563866),(65 1.4567745),(66 1.4669145),(67 1.473076),(68 1.4735608),(69 1.4721217),(70 1.4703261),(71 1.4652935),(72 1.4665344),(73 1.4630569),(74 1.4705974),(75 1.4754504),(76 1.4853325),(77 1.48915),(78 1.4919245),(79 1.4865562),
(1 0.8601824),(2 1.0110397),(3 1.0681784),(4 1.1241753),(5 1.142829),(6 1.1687171),(7 1.1789573),(8 1.1868181),(9 1.1849855),(10 1.1926554),(11 1.2026983),(12 1.198757),(13 1.2021999),(14 1.2011613),(15 1.2120368),(16 1.2196087),(17 1.2281322),(18 1.2310638),(19 1.234772),(20 1.2421046),(21 1.2413234),(22 1.2456237),(23 1.2490525),(24 1.2494122),(25 1.2475609),(26 1.2371542),(27 1.2257009),(28 1.2223788),(29 1.2199247),(30 1.2178011),(31 1.2194273),(32 1.2283843),(33 1.2344292),(34 1.2384998),(35 1.2431996),(36 1.2465553),(37 1.2540994),(38 1.2609518),(39 1.2628722),(40 1.2586108),(41 1.2489784),(42 1.2366517),(43 1.2284299),(44 1.2179617),(45 1.2171308),(46 1.2201225),(47 1.2200704),(48 1.2197353),(49 1.2143959),(50 1.2131698),(51 1.2113973),(52 1.2075155),(53 1.2021132),(54 1.2062981),(55 1.2015418),(56 1.198139),(57 1.194276),(58 1.1935611),(59 1.1951699),(60 1.1956594),(61 1.196541),(62 1.1995745),(63 1.2072688),(64 1.205728),(65 1.2079659),(66 1.2124048),(67 1.2206103),(68 1.2206979),(69 1.221151),(70 1.2192013),(71 1.2152429),(72 1.2133521),(73 1.2117033),(74 1.2162197),(75 1.2216223),(76 1.2266245),(77 1.2319305),(78 1.2360489),(79 1.2333041),
(1 0.7821997),(2 0.9094134),(3 0.9653943),(4 1.0106683),(5 1.0326585),(6 1.0543008),(7 1.0667304),(8 1.0741724),(9 1.0699569),(10 1.0802572),(11 1.0831711),(12 1.0818025),(13 1.0847406),(14 1.0903345),(15 1.1008027),(16 1.1031315),(17 1.1122979),(18 1.1156118),(19 1.1200259),(20 1.1233555),(21 1.1234354),(22 1.128354),(23 1.1301825),(24 1.1318411),(25 1.1271354),(26 1.1186062),(27 1.10981),(28 1.1061413),(29 1.1037518),(30 1.1009089),(31 1.102899),(32 1.1109526),(33 1.1167954),(34 1.1207341),(35 1.1273419),(36 1.1294147),(37 1.1369071),(38 1.1436948),(39 1.1457554),(40 1.1404392),(41 1.1326026),(42 1.1240041),(43 1.1111),(44 1.1029218),(45 1.1022642),(46 1.1028411),(47 1.0997436),(48 1.0983038),(49 1.0945922),(50 1.0940955),(51 1.0959109),(52 1.0926329),(53 1.085062),(54 1.0891869),(55 1.0870147),(56 1.0809096),(57 1.0754029),(58 1.0772929),(59 1.079789),(60 1.0793099),(61 1.0818692),(62 1.0861428),(63 1.0901679),(64 1.089968),(65 1.0935684),(66 1.0972517),(67 1.1034266),(68 1.1051455),(69 1.1024939),(70 1.1019659),(71 1.0990443),(72 1.096197),(73 1.0991063),(74 1.1038487),(75 1.1080284),(76 1.1146047),(77 1.116652),(78 1.1168376),(79 1.1157056),
(1 0.62973446),(2 0.7358976),(3 0.79206216),(4 0.83290523),(5 0.8568695),(6 0.87512076),(7 0.88792115),(8 0.8926012),(9 0.892046),(10 0.89950347),(11 0.90050024),(12 0.90306693),(13 0.9046423),(14 0.90983224),(15 0.9173774),(16 0.9200367),(17 0.92815024),(18 0.93280816),(19 0.9361765),(20 0.9391972),(21 0.9397261),(22 0.93989813),(23 0.9446802),(24 0.9455412),(25 0.943015),(26 0.93600583),(27 0.9263117),(28 0.92166096),(29 0.9206298),(30 0.9159206),(31 0.91979694),(32 0.92738307),(33 0.9321599),(34 0.936442),(35 0.94205785),(36 0.94594353),(37 0.9507432),(38 0.956696),(39 0.9591786),(40 0.95529807),(41 0.9462946),(42 0.9348592),(43 0.92679226),(44 0.9212137),(45 0.9221431),(46 0.92076606),(47 0.9204278),(48 0.91901994),(49 0.9147857),(50 0.9165633),(51 0.91691947),(52 0.9139612),(53 0.90935165),(54 0.91099006),(55 0.9077405),(56 0.90233934),(57 0.89791584),(58 0.89797217),(59 0.9002873),(60 0.90047556),(61 0.9031022),(62 0.90514326),(63 0.90950674),(64 0.9093085),(65 0.9126998),(66 0.9160675),(67 0.9220769),(68 0.92239124),(69 0.9211),(70 0.9196745),(71 0.91607136),(72 0.91500217),(73 0.9172985),(74 0.9228747),(75 0.92539096),(76 0.93326944),(77 0.9354329),(78 0.9375467),(79 0.93620175),
(1 0.5545345),(2 0.65025043),(3 0.7072111),(4 0.74099106),(5 0.76463664),(6 0.78040487),(7 0.7921246),(8 0.794495),(9 0.7973269),(10 0.8033972),(11 0.80569404),(12 0.8036313),(13 0.8064994),(14 0.81129014),(15 0.81986684),(16 0.8237128),(17 0.83062726),(18 0.8320181),(19 0.8365593),(20 0.8391747),(21 0.83937603),(22 0.84005165),(23 0.8445892),(24 0.847215),(25 0.84241724),(26 0.8372008),(27 0.8287296),(28 0.8236254),(29 0.8190052),(30 0.8189658),(31 0.82035166),(32 0.8275706),(33 0.83194673),(34 0.8369182),(35 0.8418015),(36 0.8443718),(37 0.85036606),(38 0.85417354),(39 0.856504),(40 0.8525804),(41 0.84531796),(42 0.8358305),(43 0.82653034),(44 0.82003003),(45 0.8200536),(46 0.8185345),(47 0.81854415),(48 0.81956756),(49 0.816851),(50 0.81763345),(51 0.8175173),(52 0.8131367),(53 0.8114509),(54 0.81155187),(55 0.8106118),(56 0.8061284),(57 0.8036077),(58 0.8033328),(59 0.8037391),(60 0.80387884),(61 0.805462),(62 0.8088398),(63 0.8121112),(64 0.81312793),(65 0.8155264),(66 0.8200103),(67 0.8240017),(68 0.82606333),(69 0.8247785),(70 0.8244802),(71 0.82109046),(72 0.81993204),(73 0.8195959),(74 0.8255703),(75 0.8279115),(76 0.8316258),(77 0.834934),(78 0.8368299),(79 0.8358944),
(1 0.5325316),(2 0.6196447),(3 0.672463),(4 0.7036782),(5 0.72528523),(6 0.7383792),(7 0.7496629),(8 0.7510847),(9 0.7548679),(10 0.7608796),(11 0.7656636),(12 0.76382434),(13 0.7672855),(14 0.7712919),(15 0.7779318),(16 0.7811538),(17 0.78878146),(18 0.7893548),(19 0.7946473),(20 0.7979432),(21 0.79809207),(22 0.7984656),(23 0.80212647),(24 0.80379546),(25 0.8000003),(26 0.7943781),(27 0.7862356),(28 0.78202325),(29 0.7787912),(30 0.77545),(31 0.7786514),(32 0.7871836),(33 0.7915743),(34 0.79363924),(35 0.79732716),(36 0.80126655),(37 0.8067738),(38 0.81081855),(39 0.81205493),(40 0.80879134),(41 0.8031893),(42 0.7937919),(43 0.7842242),(44 0.7790257),(45 0.77861226),(46 0.7773829),(47 0.7764766),(48 0.7760126),(49 0.772889),(50 0.77476406),(51 0.77372664),(52 0.76981145),(53 0.76739573),(54 0.7681899),(55 0.7666481),(56 0.76394373),(57 0.7611353),(58 0.76316583),(59 0.764386),(60 0.7635128),(61 0.7647747),(62 0.76717186),(63 0.770087),(64 0.77098894),(65 0.7744852),(66 0.77757126),(67 0.7811261),(68 0.7829341),(69 0.78169787),(70 0.7819821),(71 0.7794015),(72 0.77623975),(73 0.7756312),(74 0.78302574),(75 0.7844517),(76 0.78782237),(77 0.7902),(78 0.79433113),(79 0.7924887),
(1 0.47917256),(2 0.5607087),(3 0.6109632),(4 0.6397411),(5 0.6604664),(6 0.6746721),(7 0.68374133),(8 0.68673295),(9 0.6887505),(10 0.69546574),(11 0.69905466),(12 0.69857436),(13 0.6988521),(14 0.7040206),(15 0.70943624),(16 0.7126384),(17 0.71888965),(18 0.72220874),(19 0.72596127),(20 0.72905016),(21 0.72815526),(22 0.728929),(23 0.7314599),(24 0.733281),(25 0.7285009),(26 0.7241678),(27 0.71695983),(28 0.7147183),(29 0.71071845),(30 0.7092918),(31 0.71145684),(32 0.7181176),(33 0.72264993),(34 0.7263287),(35 0.72947353),(36 0.73212755),(37 0.73704946),(38 0.741603),(39 0.7433518),(40 0.7402069),(41 0.7355677),(42 0.7281254),(43 0.71932113),(44 0.71470916),(45 0.71376956),(46 0.7121727),(47 0.7117707),(48 0.7103875),(49 0.7071543),(50 0.70880896),(51 0.7084546),(52 0.70394176),(53 0.7006182),(54 0.7029888),(55 0.70161355),(56 0.69861114),(57 0.69340444),(58 0.6955442),(59 0.697807),(60 0.6961856),(61 0.6966978),(62 0.70046014),(63 0.70319974),(64 0.7036349),(65 0.7059915),(66 0.7095343),(67 0.71400917),(68 0.7156934),(69 0.714425),(70 0.71454126),(71 0.71262413),(72 0.7110907),(73 0.7127867),(74 0.7156287),(75 0.7169563),(76 0.72168064),(77 0.72402656),(78 0.726477),(79 0.72442925),
(1 0.41116768),(2 0.4839278),(3 0.5314108),(4 0.557092),(5 0.5738737),(6 0.58845925),(7 0.59674525),(8 0.60045284),(9 0.60216856),(10 0.60713744),(11 0.60924935),(12 0.60858876),(13 0.6103537),(14 0.61384964),(15 0.61940116),(16 0.6235294),(17 0.6290022),(18 0.63154453),(19 0.63476884),(20 0.6379574),(21 0.6368123),(22 0.6373891),(23 0.64124125),(24 0.6415127),(25 0.6391726),(26 0.63530725),(27 0.6272017),(28 0.62507725),(29 0.62235),(30 0.6215151),(31 0.6239418),(32 0.6291565),(33 0.63239163),(34 0.6368199),(35 0.6392466),(36 0.6421452),(37 0.6460444),(38 0.6512495),(39 0.65266556),(40 0.64901096),(41 0.64419067),(42 0.63657075),(43 0.6289176),(44 0.6262119),(45 0.62427706),(46 0.6233689),(47 0.6232364),(48 0.62290657),(49 0.61974317),(50 0.62125295),(51 0.62086457),(52 0.6181123),(53 0.61565924),(54 0.61828303),(55 0.6166137),(56 0.61355615),(57 0.60980463),(58 0.6100527),(59 0.6121102),(60 0.61162674),(61 0.61362535),(62 0.61572075),(63 0.6184435),(64 0.61818856),(65 0.6210691),(66 0.6249093),(67 0.62849647),(68 0.6292519),(69 0.6295407),(70 0.62800366),(71 0.62559664),(72 0.6245826),(73 0.6247863),(74 0.6270931),(75 0.6282483),(76 0.632228),(77 0.6359074),(78 0.63717675),(79 0.63688076),
(1 0.35134396),(2 0.4180082),(3 0.45945513),(4 0.48633772),(5 0.5031204),(6 0.5145266),(7 0.52253777),(8 0.5273495),(9 0.5280693),(10 0.532997),(11 0.53580964),(12 0.5351541),(13 0.5369873),(14 0.5393754),(15 0.5457614),(16 0.5488667),(17 0.5539977),(18 0.55592537),(19 0.5599334),(20 0.5631679),(21 0.5625967),(22 0.5640274),(23 0.56621563),(24 0.56693417),(25 0.56385446),(26 0.55982476),(27 0.55447215),(28 0.55210567),(29 0.5510254),(30 0.5492475),(31 0.55043995),(32 0.555772),(33 0.55817705),(34 0.5626602),(35 0.5662833),(36 0.56806475),(37 0.5733565),(38 0.5764625),(39 0.5779523),(40 0.5756423),(41 0.5700227),(42 0.56315875),(43 0.5569135),(44 0.553203),(45 0.55170476),(46 0.55089587),(47 0.55056775),(48 0.5508102),(49 0.54859376),(50 0.54924273),(51 0.54816574),(52 0.5450245),(53 0.5430239),(54 0.54398715),(55 0.5423178),(56 0.539676),(57 0.53676987),(58 0.5379916),(59 0.5394356),(60 0.53948927),(61 0.5408786),(62 0.5426834),(63 0.5448746),(64 0.54438084),(65 0.5474264),(66 0.5510931),(67 0.55502903),(68 0.5559699),(69 0.55517244),(70 0.55512017),(71 0.55246234),(72 0.5515977),(73 0.5508431),(74 0.5540277),(75 0.5556118),(76 0.5598002),(77 0.5618367),(78 0.56429124),(79 0.5626988),
(1 0.3277817),(2 0.39277685),(3 0.4336776),(4 0.45922828),(5 0.47606325),(6 0.48853233),(7 0.49581826),(8 0.49966258),(9 0.5006131),(10 0.50399286),(11 0.50699705),(12 0.50660235),(13 0.5084496),(14 0.51188725),(15 0.51674896),(16 0.5195561),(17 0.523746),(18 0.52587634),(19 0.5294429),(20 0.53223145),(21 0.53216755),(22 0.53254515),(23 0.5350411),(24 0.535981),(25 0.5343713),(26 0.5296909),(27 0.5235513),(28 0.5207955),(29 0.5205895),(30 0.5181902),(31 0.5194415),(32 0.52447134),(33 0.5271759),(34 0.53138876),(35 0.5340808),(36 0.53713435),(37 0.5421907),(38 0.5457451),(39 0.54683423),(40 0.544461),(41 0.5391637),(42 0.5326651),(43 0.5254891),(44 0.5213296),(45 0.52042717),(46 0.5192441),(47 0.5198941),(48 0.5198409),(49 0.5172292),(50 0.5189345),(51 0.51738244),(52 0.5151319),(53 0.5122466),(54 0.5138787),(55 0.5125467),(56 0.5102005),(57 0.5075021),(58 0.5080867),(59 0.5086887),(60 0.5089627),(61 0.5099621),(62 0.51344144),(63 0.51583153),(64 0.515498),(65 0.51791704),(66 0.5213988),(67 0.52480525),(68 0.5257125),(69 0.52429277),(70 0.52251035),(71 0.5206608),(72 0.5198828),(73 0.52066433),(74 0.5234073),(75 0.52562857),(76 0.52921957),(77 0.5319326),(78 0.53394836),(79 0.53227),
(1 0.31529245),(2 0.37899825),(3 0.4161486),(4 0.4398255),(5 0.45553222),(6 0.46776778),(7 0.47570807),(8 0.47791705),(9 0.4781676),(10 0.4826907),(11 0.48579976),(12 0.48586652),(13 0.48635507),(14 0.49070793),(15 0.49499953),(16 0.49838817),(17 0.50334525),(18 0.5043513),(19 0.5064098),(20 0.50904065),(21 0.50904566),(22 0.5100391),(23 0.5131214),(24 0.5144362),(25 0.5125555),(26 0.50810635),(27 0.50260127),(28 0.50032955),(29 0.49808118),(30 0.49693477),(31 0.49958554),(32 0.5044041),(33 0.5075861),(34 0.50989765),(35 0.5128592),(36 0.51553845),(37 0.5202027),(38 0.5229353),(39 0.5237989),(40 0.52196264),(41 0.5178582),(42 0.5112133),(43 0.50441206),(44 0.5002321),(45 0.49928436),(46 0.49865314),(47 0.4984623),(48 0.49784556),(49 0.4958082),(50 0.49693292),(51 0.49655437),(52 0.49468896),(53 0.49185792),(54 0.49289703),(55 0.49120447),(56 0.48833194),(57 0.48664513),(58 0.48682144),(59 0.488494),(60 0.48770526),(61 0.48919928),(62 0.49178767),(63 0.49383387),(64 0.4942118),(65 0.4961601),(66 0.4987553),(67 0.5016071),(68 0.5027736),(69 0.50156283),(70 0.50125885),(71 0.4986589),(72 0.4978511),(73 0.4993505),(74 0.50207025),(75 0.5035349),(76 0.5071041),(77 0.50980526),(78 0.51139075),(79 0.5098557),
(1 0.2839423),(2 0.34534016),(3 0.37907803),(4 0.4022486),(5 0.41668096),(6 0.4279084),(7 0.43516695),(8 0.43749335),(9 0.43850607),(10 0.4439294),(11 0.44531146),(12 0.44566116),(13 0.44682926),(14 0.44953626),(15 0.4545076),(16 0.45797414),(17 0.4622937),(18 0.46399733),(19 0.46747667),(20 0.46837226),(21 0.4691487),(22 0.4694005),(23 0.4733704),(24 0.4740224),(25 0.471799),(26 0.46805185),(27 0.4628977),(28 0.46118474),(29 0.45859504),(30 0.4579231),(31 0.4595114),(32 0.46499935),(33 0.46673298),(34 0.46997488),(35 0.47336617),(36 0.47614652),(37 0.47967175),(38 0.481885),(39 0.48380703),(40 0.48094183),(41 0.4774665),(42 0.4714173),(43 0.46572495),(44 0.46129948),(45 0.45978254),(46 0.46025127),(47 0.4595642),(48 0.45956337),(49 0.456932),(50 0.45810068),(51 0.45877585),(52 0.45687845),(53 0.45338532),(54 0.45455965),(55 0.45361447),(56 0.45021567),(57 0.44888136),(58 0.44953072),(59 0.45047837),(60 0.44941938),(61 0.45157096),(62 0.45333835),(63 0.45594645),(64 0.4553076),(65 0.45724654),(66 0.4602388),(67 0.46294346),(68 0.46401584),(69 0.46415266),(70 0.46323606),(71 0.46125326),(72 0.4601664),(73 0.46034518),(74 0.4638575),(75 0.4646209),(76 0.46822137),(77 0.4697615),(78 0.47170237),(79 0.47060883),
(1 0.27297336),(2 0.33254626),(3 0.36495632),(4 0.38594455),(5 0.39973965),(6 0.41079545),(7 0.4174713),(8 0.4199964),(9 0.42089763),(10 0.4260547),(11 0.42821395),(12 0.42838472),(13 0.4299646),(14 0.43274108),(15 0.43798968),(16 0.43992734),(17 0.44441822),(18 0.44705042),(19 0.44880235),(20 0.45068872),(21 0.45115155),(22 0.451351),(23 0.4533108),(24 0.45524853),(25 0.4533424),(26 0.44953823),(27 0.44451308),(28 0.44181097),(29 0.43982908),(30 0.4391441),(31 0.44028908),(32 0.44453612),(33 0.44708973),(34 0.4501332),(35 0.4532975),(36 0.4560226),(37 0.45959502),(38 0.46245816),(39 0.4625815),(40 0.46151432),(41 0.45746732),(42 0.45145875),(43 0.44663554),(44 0.44245663),(45 0.44201177),(46 0.44163448),(47 0.44102743),(48 0.44071057),(49 0.43907037),(50 0.44001004),(51 0.44045207),(52 0.43700123),(53 0.43449447),(54 0.43551156),(55 0.43509957),(56 0.43276608),(57 0.4311221),(58 0.43125993),(59 0.43213508),(60 0.43178868),(61 0.43245202),(62 0.4343242),(63 0.43680498),(64 0.43718415),(65 0.43912527),(66 0.4412853),(67 0.44421905),(68 0.44581053),(69 0.44552448),(70 0.4445464),(71 0.44306093),(72 0.44148654),(73 0.44293696),(74 0.44552645),(75 0.4469558),(76 0.44985628),(77 0.4524056),(78 0.45366865),(79 0.45247254),
(1 0.25239962),(2 0.3094924),(3 0.34033778),(4 0.36173832),(5 0.37448877),(6 0.3846044),(7 0.39222658),(8 0.39419323),(9 0.395306),(10 0.3993938),(11 0.4011918),(12 0.401434),(13 0.40267754),(14 0.40555894),(15 0.41009182),(16 0.41276637),(17 0.41670346),(18 0.41799128),(19 0.42103305),(20 0.42276737),(21 0.42315024),(22 0.42357233),(23 0.42566386),(24 0.42730272),(25 0.42464492),(26 0.42205256),(27 0.41731673),(28 0.4150108),(29 0.41366532),(30 0.4125768),(31 0.41375566),(32 0.4182091),(33 0.42056793),(34 0.4231889),(35 0.42483574),(36 0.42753482),(37 0.43191504),(38 0.4344898),(39 0.43512255),(40 0.4337423),(41 0.4294438),(42 0.42383978),(43 0.41874397),(44 0.4146954),(45 0.4143593),(46 0.41424897),(47 0.4146877),(48 0.4135639),(49 0.41185012),(50 0.4120584),(51 0.4131361),(52 0.41051698),(53 0.40834987),(54 0.40918377),(55 0.4086111),(56 0.4058275),(57 0.40383816),(58 0.40409),(59 0.40478605),(60 0.40451178),(61 0.40552604),(62 0.40711996),(63 0.41018152),(64 0.40995917),(65 0.41178054),(66 0.41404897),(67 0.41659367),(68 0.4171149),(69 0.41705233),(70 0.41635007),(71 0.41502342),(72 0.41359308),(73 0.41471067),(74 0.41740265),(75 0.4189281),(76 0.4225101),(77 0.42465317),(78 0.42526847),(79 0.4253977),
(1 0.23794523),(2 0.29374725),(3 0.32309845),(4 0.34254995),(5 0.35551932),(6 0.36532673),(7 0.3719787),(8 0.37433553),(9 0.3748262),(10 0.37878928),(11 0.3804551),(12 0.3799522),(13 0.38133425),(14 0.38368377),(15 0.38847318),(16 0.39074105),(17 0.39471024),(18 0.39617166),(19 0.39894506),(20 0.4006527),(21 0.4017062),(22 0.40214944),(23 0.4044185),(24 0.40501332),(25 0.40269658),(26 0.39954528),(27 0.39510483),(28 0.39344087),(29 0.39217606),(30 0.3913585),(31 0.3931183),(32 0.39731348),(33 0.3998408),(34 0.4015708),(35 0.4045579),(36 0.4062442),(37 0.40991136),(38 0.41243237),(39 0.4130724),(40 0.41171294),(41 0.4073377),(42 0.40251732),(43 0.39716464),(44 0.3934288),(45 0.3931193),(46 0.39285654),(47 0.39273745),(48 0.39294085),(49 0.3915775),(50 0.39211103),(51 0.39232126),(52 0.3901946),(53 0.3883314),(54 0.3891285),(55 0.3881204),(56 0.38550323),(57 0.38348928),(58 0.38389385),(59 0.38470036),(60 0.38404316),(61 0.38544333),(62 0.3872829),(63 0.3899639),(64 0.38986108),(65 0.39180982),(66 0.39306012),(67 0.39693305),(68 0.39748955),(69 0.39670005),(70 0.39628807),(71 0.39432532),(72 0.39363766),(73 0.39422575),(74 0.39655384),(75 0.39798948),(76 0.4014933),(77 0.4030987),(78 0.40442005),(79 0.40386936),
(1 0.23153912),(2 0.28440154),(3 0.31203628),(4 0.33125985),(5 0.34385222),(6 0.35354653),(7 0.35936347),(8 0.36153466),(9 0.3624349),(10 0.36606172),(11 0.3680086),(12 0.3677936),(13 0.36934662),(14 0.3714004),(15 0.37523267),(16 0.37718773),(17 0.38133156),(18 0.38346577),(19 0.38617286),(20 0.38842502),(21 0.3886252),(22 0.3890058),(23 0.39094934),(24 0.39167902),(25 0.3897709),(26 0.3869666),(27 0.382688),(28 0.3806947),(29 0.3792599),(30 0.37833038),(31 0.38004002),(32 0.38353533),(33 0.38584462),(34 0.3883238),(35 0.3906271),(36 0.39343917),(37 0.3969026),(38 0.39953187),(39 0.3998523),(40 0.3981887),(41 0.39457735),(42 0.3893756),(43 0.38430467),(44 0.38067833),(45 0.3804923),(46 0.38031304),(47 0.38067496),(48 0.3802096),(49 0.3783597),(50 0.37948975),(51 0.37947878),(52 0.37743533),(53 0.37627432),(54 0.3767156),(55 0.37582558),(56 0.37317607),(57 0.37114578),(58 0.37111318),(59 0.372552),(60 0.37211034),(61 0.37310973),(62 0.37534818),(63 0.37709177),(64 0.37729886),(65 0.37899834),(66 0.38075027),(67 0.38354468),(68 0.3839188),(69 0.38371196),(70 0.38312122),(71 0.38135722),(72 0.3810813),(73 0.3814821),(74 0.38355213),(75 0.38498336),(76 0.38778892),(77 0.39008632),(78 0.39079052),(79 0.39076617),
(1 0.20825337),(2 0.2606658),(3 0.2865462),(4 0.30537632),(5 0.31698677),(6 0.32635334),(7 0.33180016),(8 0.33437276),(9 0.33476886),(10 0.33843604),(11 0.34036407),(12 0.33934408),(13 0.34079948),(14 0.34349465),(15 0.34783337),(16 0.34964576),(17 0.3529492),(18 0.35463193),(19 0.3573748),(20 0.35969663),(21 0.36020318),(22 0.36085105),(23 0.36242712),(24 0.36320388),(25 0.36146954),(26 0.35875073),(27 0.35491616),(28 0.3528862),(29 0.35149333),(30 0.35035864),(31 0.351602),(32 0.35541764),(33 0.35840794),(34 0.36033934),(35 0.3629379),(36 0.36493388),(37 0.3680464),(38 0.37047896),(39 0.37119576),(40 0.36923513),(41 0.3660789),(42 0.36061808),(43 0.35636944),(44 0.3535597),(45 0.3531733),(46 0.35340476),(47 0.35241553),(48 0.35212842),(49 0.35083845),(50 0.35172632),(51 0.35203588),(52 0.35004786),(53 0.34852988),(54 0.34919566),(55 0.34863338),(56 0.34656203),(57 0.34538832),(58 0.34543353),(59 0.3461936),(60 0.3447927),(61 0.34620512),(62 0.34811056),(63 0.34961912),(64 0.34964478),(65 0.3519317),(66 0.35340074),(67 0.3559251),(68 0.35672042),(69 0.3562288),(70 0.3553302),(71 0.35399613),(72 0.35332575),(73 0.35410875),(74 0.3564777),(75 0.35753813),(76 0.3610977),(77 0.36299226),(78 0.3635684),(79 0.36379412),
(1 0.20741686),(2 0.25908422),(3 0.28424895),(4 0.30230644),(5 0.3128677),(6 0.3214923),(7 0.32723325),(8 0.3294368),(9 0.3303158),(10 0.33383238),(11 0.33595055),(12 0.33503368),(13 0.33659613),(14 0.3389781),(15 0.3431967),(16 0.3454085),(17 0.34825596),(18 0.34979412),(19 0.35227972),(20 0.35444233),(21 0.3541432),(22 0.35454008),(23 0.35657284),(24 0.3578294),(25 0.35614312),(26 0.35320184),(27 0.34919882),(28 0.34757814),(29 0.34622675),(30 0.34599835),(31 0.346991),(32 0.3510017),(33 0.35338968),(34 0.35509145),(35 0.35700843),(36 0.35964847),(37 0.36279404),(38 0.3651515),(39 0.36605576),(40 0.36465484),(41 0.36094826),(42 0.35557216),(43 0.3507915),(44 0.34830484),(45 0.34833115),(46 0.3481096),(47 0.3477488),(48 0.347018),(49 0.34551048),(50 0.34589234),(51 0.3463508),(52 0.34439895),(53 0.34279692),(54 0.34377933),(55 0.34290704),(56 0.34066853),(57 0.33934286),(58 0.3389682),(59 0.3397436),(60 0.33928668),(61 0.34057987),(62 0.34248295),(63 0.34396714),(64 0.3449623),(65 0.34673697),(66 0.34818527),(67 0.3504709),(68 0.3511191),(69 0.35062748),(70 0.35052523),(71 0.3487524),(72 0.34783977),(73 0.34856963),(74 0.35154516),(75 0.35256305),(76 0.355627),(77 0.35725272),(78 0.3583861),(79 0.3578321),
(1 0.19464257),(2 0.24463348),(3 0.26920527),(4 0.28563088),(5 0.2973427),(6 0.3060971),(7 0.31121978),(8 0.31327027),(9 0.31422135),(10 0.3175363),(11 0.31989142),(12 0.31928372),(13 0.32002446),(14 0.3225153),(15 0.32691914),(16 0.32892257),(17 0.33171982),(18 0.33285418),(19 0.33499864),(20 0.3362599),(21 0.33673123),(22 0.33737054),(23 0.33961526),(24 0.34073865),(25 0.33906084),(26 0.336374),(27 0.3330053),(28 0.3308922),(29 0.32952678),(30 0.32849702),(31 0.32985657),(32 0.3331779),(33 0.33567223),(34 0.33781773),(35 0.33988443),(36 0.34224352),(37 0.34539697),(38 0.34772262),(39 0.34815097),(40 0.3462744),(41 0.34290105),(42 0.3383364),(43 0.33351958),(44 0.33057374),(45 0.33048818),(46 0.330327),(47 0.3301575),(48 0.32963982),(49 0.3284655),(50 0.32876027),(51 0.3292246),(52 0.3277659),(53 0.32627213),(54 0.32738534),(55 0.32665774),(56 0.32434756),(57 0.322771),(58 0.32260028),(59 0.32369772),(60 0.32410517),(61 0.32467568),(62 0.32635164),(63 0.32794893),(64 0.32825434),(65 0.32995),(66 0.33126947),(67 0.3336139),(68 0.3344514),(69 0.33421755),(70 0.3336325),(71 0.33210614),(72 0.33167988),(73 0.33144495),(74 0.33424118),(75 0.33580628),(76 0.3381391),(77 0.33981276),(78 0.34113246),(79 0.34017354),
(1 0.1918932),(2 0.24048342),(3 0.2641543),(4 0.28117976),(5 0.29166055),(6 0.29976094),(7 0.3052428),(8 0.30691227),(9 0.30784854),(10 0.31170982),(11 0.31336576),(12 0.3131143),(13 0.31392035),(14 0.31627432),(15 0.32038257),(16 0.3231156),(17 0.32542145),(18 0.32653767),(19 0.32832974),(20 0.33010292),(21 0.33020025),(22 0.33057135),(23 0.33274654),(24 0.3334027),(25 0.33166626),(26 0.329205),(27 0.32528675),(28 0.3234768),(29 0.32258907),(30 0.3223617),(31 0.3229819),(32 0.3268881),(33 0.3291991),(34 0.33121023),(35 0.33341202),(36 0.3350929),(37 0.33798492),(38 0.34008348),(39 0.34134609),(40 0.33981392),(41 0.3368095),(42 0.332296),(43 0.32766095),(44 0.32497036),(45 0.32430565),(46 0.32376373),(47 0.3237241),(48 0.32400766),(49 0.32260597),(50 0.32362062),(51 0.3234905),(52 0.3219963),(53 0.31977156),(54 0.32094762),(55 0.32014543),(56 0.3178683),(57 0.31654656),(58 0.31655046),(59 0.31751987),(60 0.3169938),(61 0.31843054),(62 0.31999162),(63 0.32105932),(64 0.32168546),(65 0.32325035),(66 0.3246797),(67 0.32698262),(68 0.3275168),(69 0.32723856),(70 0.32744056),(71 0.3256781),(72 0.3251857),(73 0.32569435),(74 0.3277997),(75 0.3288873),(76 0.3316176),(77 0.33313113),(78 0.3343908),(79 0.33334538),
(1 0.18086472),(2 0.22819418),(3 0.25212535),(4 0.26833445),(5 0.27853855),(6 0.2861324),(7 0.2920189),(8 0.29393893),(9 0.29452205),(10 0.29759768),(11 0.29981503),(12 0.29973206),(13 0.30083498),(14 0.30337402),(15 0.30696297),(16 0.3086924),(17 0.3115199),(18 0.31287023),(19 0.3154688),(20 0.31691438),(21 0.31695306),(22 0.31696776),(23 0.3188417),(24 0.31951785),(25 0.31831232),(26 0.3153159),(27 0.31112677),(28 0.31022078),(29 0.30900154),(30 0.30903742),(31 0.3092739),(32 0.312918),(33 0.31482956),(34 0.3170688),(35 0.31929815),(36 0.3211188),(37 0.3241363),(38 0.32634693),(39 0.32689115),(40 0.32592756),(41 0.3231476),(42 0.3183675),(43 0.31396708),(44 0.3108367),(45 0.31082708),(46 0.31022224),(47 0.31046298),(48 0.31018895),(49 0.30906245),(50 0.3094039),(51 0.3099017),(52 0.30807585),(53 0.306011),(54 0.3067405),(55 0.30598927),(56 0.30432191),(57 0.30318397),(58 0.30259135),(59 0.30363467),(60 0.30349925),(61 0.30467945),(62 0.30571625),(63 0.30740488),(64 0.3070964),(65 0.3090948),(66 0.3106725),(67 0.31278303),(68 0.31389),(69 0.31323934),(70 0.3125393),(71 0.31133386),(72 0.31065997),(73 0.3112609),(74 0.31327653),(75 0.3143007),(76 0.31737366),(77 0.31894735),(78 0.3191665),(79 0.31854722),
(1 0.17303383),(2 0.22011514),(3 0.24314314),(4 0.25932887),(5 0.26936564),(6 0.27682853),(7 0.2820849),(8 0.2848277),(9 0.2848234),(10 0.2879367),(11 0.2898143),(12 0.2899836),(13 0.29052857),(14 0.29297277),(15 0.2962052),(16 0.2978364),(17 0.3005898),(18 0.30252835),(19 0.30506095),(20 0.3059536),(21 0.30635),(22 0.30674884),(23 0.30928656),(24 0.3102163),(25 0.30823994),(26 0.3057201),(27 0.3013986),(28 0.29991317),(29 0.29899383),(30 0.29867336),(31 0.29938114),(32 0.30267173),(33 0.30461174),(34 0.30679205),(35 0.30933395),(36 0.31118655),(37 0.31345156),(38 0.31558475),(39 0.31657448),(40 0.31571224),(41 0.3121111),(42 0.30827048),(43 0.30411518),(44 0.3010942),(45 0.30016196),(46 0.30017114),(47 0.30012047),(48 0.29958022),(49 0.2983653),(50 0.29913205),(51 0.29894692),(52 0.29745683),(53 0.29572892),(54 0.2963357),(55 0.2958297),(56 0.29411352),(57 0.29261193),(58 0.2928319),(59 0.29340497),(60 0.2934508),(61 0.2942171),(62 0.2952272),(63 0.29718676),(64 0.29716673),(65 0.2989542),(66 0.30052835),(67 0.30305842),(68 0.30388233),(69 0.30325162),(70 0.3021916),(71 0.30103248),(72 0.3004196),(73 0.30117142),(74 0.30339086),(75 0.3046557),(76 0.30701548),(77 0.30775398),(78 0.3086006),(79 0.30789703),
(1 0.16955741),(2 0.2157752),(3 0.23781046),(4 0.2539309),(5 0.26344204),(6 0.27112046),(7 0.2761161),(8 0.27851593),(9 0.27859303),(10 0.28134248),(11 0.2836263),(12 0.2835111),(13 0.28482568),(14 0.28693807),(15 0.29003772),(16 0.29187745),(17 0.29486662),(18 0.296234),(19 0.2988948),(20 0.30029327),(21 0.30027553),(22 0.30057472),(23 0.30240783),(24 0.3028996),(25 0.30178395),(26 0.29915687),(27 0.29495195),(28 0.2935801),(29 0.29268888),(30 0.2919834),(31 0.29300636),(32 0.2963327),(33 0.2983824),(34 0.30031946),(35 0.30222538),(36 0.3037094),(37 0.30644512),(38 0.308908),(39 0.30978718),(40 0.30858248),(41 0.30557334),(42 0.3016006),(43 0.29722732),(44 0.2944457),(45 0.29380172),(46 0.2939018),(47 0.29395443),(48 0.29345295),(49 0.29235634),(50 0.2933967),(51 0.29288164),(52 0.29128703),(53 0.2897121),(54 0.29010797),(55 0.28977558),(56 0.28814033),(57 0.28664055),(58 0.2866252),(59 0.28719288),(60 0.28696012),(61 0.2876596),(62 0.28953293),(63 0.29112995),(64 0.29105067),(65 0.29239732),(66 0.294154),(67 0.29616097),(68 0.29720846),(69 0.29684666),(70 0.29581293),(71 0.29452363),(72 0.2940314),(73 0.29466268),(74 0.2967995),(75 0.29786736),(76 0.30048594),(77 0.30172715),(78 0.30255705),(79 0.30167106),
(1 0.16006152),(2 0.20433606),(3 0.22628759),(4 0.2417853),(5 0.25182983),(6 0.25879708),(7 0.26409253),(8 0.26568747),(9 0.26642966),(10 0.2695857),(11 0.2715652),(12 0.2711509),(13 0.27259785),(14 0.27461886),(15 0.27834624),(16 0.28039515),(17 0.28303128),(18 0.2840505),(19 0.2856466),(20 0.2872963),(21 0.2874088),(22 0.2876991),(23 0.28932986),(24 0.2897609),(25 0.28877836),(26 0.28615212),(27 0.28233707),(28 0.281142),(29 0.28033176),(30 0.27942082),(31 0.2801864),(32 0.28393075),(33 0.2856943),(34 0.28720585),(35 0.28934586),(36 0.29092997),(37 0.29372588),(38 0.2961163),(39 0.29635775),(40 0.2955877),(41 0.29310805),(42 0.2887993),(43 0.28449547),(44 0.28186125),(45 0.28152764),(46 0.2810343),(47 0.2814043),(48 0.28092954),(49 0.27982304),(50 0.2804459),(51 0.28094292),(52 0.27960077),(53 0.27795246),(54 0.2789734),(55 0.2784004),(56 0.276415),(57 0.27507368),(58 0.27497825),(59 0.27573252),(60 0.2756202),(61 0.27646822),(62 0.27775115),(63 0.2792736),(64 0.27931687),(65 0.28105274),(66 0.28200743),(67 0.28424177),(68 0.28512615),(69 0.28459647),(70 0.28422797),(71 0.28258735),(72 0.28238574),(73 0.2828264),(74 0.28487056),(75 0.28552115),(76 0.287941),(77 0.28962743),(78 0.29041785),(79 0.28950173),
(1 0.15755321),(2 0.2010018),(3 0.22196642),(4 0.23720942),(5 0.24679574),(6 0.25349677),(7 0.25859076),(8 0.26074144),(9 0.26113817),(10 0.2648023),(11 0.26616898),(12 0.26588726),(13 0.2667779),(14 0.26912686),(15 0.2726873),(16 0.27504897),(17 0.27742594),(18 0.2782426),(19 0.27994248),(20 0.28150806),(21 0.2816691),(22 0.28215182),(23 0.28367573),(24 0.28422374),(25 0.2825669),(26 0.28091282),(27 0.27718684),(28 0.27580723),(29 0.27486417),(30 0.2745495),(31 0.27536732),(32 0.2786845),(33 0.28119498),(34 0.28290924),(35 0.28476912),(36 0.28660274),(37 0.2890073),(38 0.29117653),(39 0.29171365),(40 0.2902472),(41 0.28742957),(42 0.2835845),(43 0.2797303),(44 0.2773527),(45 0.27656183),(46 0.2761828),(47 0.27617714),(48 0.27636242),(49 0.2749821),(50 0.27586484),(51 0.2761289),(52 0.2749408),(53 0.27259982),(54 0.27364272),(55 0.2729923),(56 0.27105036),(57 0.26963323),(58 0.2698293),(59 0.2706116),(60 0.27059212),(61 0.27179962),(62 0.27314872),(63 0.27435738),(64 0.2748605),(65 0.27583072),(66 0.27730602),(67 0.2793998),(68 0.2803341),(69 0.28012782),(70 0.27959597),(71 0.27820334),(72 0.27769333),(73 0.27798688),(74 0.28015664),(75 0.28093424),(76 0.28310993),(77 0.28462094),(78 0.28560302),(79 0.28491616),
(1 0.15074182),(2 0.19366531),(3 0.21472001),(4 0.22933404),(5 0.23934838),(6 0.24632022),(7 0.25069532),(8 0.2521517),(9 0.25307176),(10 0.25577295),(11 0.25724092),(12 0.25700504),(13 0.25749084),(14 0.25975105),(15 0.2635132),(16 0.26526675),(17 0.26752633),(18 0.26895043),(19 0.27094057),(20 0.27249238),(21 0.27253836),(22 0.2727749),(23 0.2749266),(24 0.2754085),(25 0.2742909),(26 0.27198303),(27 0.26871255),(28 0.26721492),(29 0.26629823),(30 0.26567176),(31 0.26694098),(32 0.26979396),(33 0.271763),(34 0.27384776),(35 0.27556613),(36 0.27751794),(37 0.28027073),(38 0.28211635),(39 0.28254545),(40 0.2808273),(41 0.27808812),(42 0.27429014),(43 0.27020428),(44 0.2678198),(45 0.2673799),(46 0.2677195),(47 0.26773542),(48 0.26715508),(49 0.2657643),(50 0.26637924),(51 0.26630685),(52 0.26504928),(53 0.2638223),(54 0.26469246),(55 0.26394558),(56 0.26224136),(57 0.26121756),(58 0.26100352),(59 0.26166463),(60 0.26145697),(61 0.2622402),(62 0.2638176),(63 0.26519358),(64 0.2654115),(65 0.2669672),(66 0.2680585),(67 0.2702837),(68 0.27065164),(69 0.27050292),(70 0.26994485),(71 0.26906854),(72 0.2683631),(73 0.26853037),(74 0.2704664),(75 0.27169943),(76 0.27427575),(77 0.27574658),(78 0.27636284),(79 0.27582696),
(1 0.14287116),(2 0.18498749),(3 0.20547293),(4 0.2204651),(5 0.22919871),(6 0.23668264),(7 0.24111821),(8 0.24301529),(9 0.24352893),(10 0.2466314),(11 0.248052),(12 0.24746694),(13 0.24824609),(14 0.25010407),(15 0.25330386),(16 0.25542533),(17 0.25789258),(18 0.2592551),(19 0.2613862),(20 0.26287884),(21 0.26273313),(22 0.26333502),(23 0.26506335),(24 0.26565602),(25 0.26441634),(26 0.26210442),(27 0.25896212),(28 0.2572279),(29 0.2563333),(30 0.25572127),(31 0.256719),(32 0.25996187),(33 0.26193404),(34 0.2641127),(35 0.2658257),(36 0.26736927),(37 0.26962405),(38 0.27126518),(39 0.27201062),(40 0.27076277),(41 0.26804763),(42 0.26396182),(43 0.26050076),(44 0.25857565),(45 0.2585147),(46 0.25830206),(47 0.2581292),(48 0.25765586),(49 0.25661364),(50 0.2573076),(51 0.2570533),(52 0.25586516),(53 0.254557),(54 0.2551051),(55 0.25419596),(56 0.25283918),(57 0.2514704),(58 0.25160304),(59 0.25223666),(60 0.25195298),(61 0.25240776),(62 0.25434092),(63 0.25562984),(64 0.25566828),(65 0.25712743),(66 0.2585248),(67 0.26089263),(68 0.26158723),(69 0.26115048),(70 0.2607973),(71 0.2595148),(72 0.25901243),(73 0.25918117),(74 0.2614002),(75 0.26202798),(76 0.26462588),(77 0.2658532),(78 0.26675302),(79 0.26675326),
(1 0.14069775),(2 0.18187635),(3 0.20240514),(4 0.21709935),(5 0.22589366),(6 0.23328568),(7 0.23742136),(8 0.23953821),(9 0.23992537),(10 0.24275972),(11 0.2446122),(12 0.24415383),(13 0.24526687),(14 0.24729504),(15 0.24989235),(16 0.2516257),(17 0.25379845),(18 0.25549138),(19 0.2575704),(20 0.25892624),(21 0.25878814),(22 0.2599675),(23 0.26139942),(24 0.2618485),(25 0.26083398),(26 0.25826794),(27 0.25460887),(28 0.2535315),(29 0.2525562),(30 0.25157046),(31 0.25237218),(32 0.25538176),(33 0.2572795),(34 0.25929728),(35 0.26128304),(36 0.26277018),(37 0.2654484),(38 0.2672594),(39 0.26801857),(40 0.26680174),(41 0.2642006),(42 0.26015615),(43 0.25669283),(44 0.25397775),(45 0.25385657),(46 0.2538276),(47 0.25347638),(48 0.25376132),(49 0.25250104),(50 0.25332436),(51 0.25360033),(52 0.25236934),(53 0.25081885),(54 0.25131297),(55 0.25087786),(56 0.24935332),(57 0.24816182),(58 0.24809271),(59 0.24891123),(60 0.2486576),(61 0.24882872),(62 0.25045675),(63 0.25195876),(64 0.25221825),(65 0.25355893),(66 0.25516146),(67 0.25688657),(68 0.25790048),(69 0.25734028),(70 0.25688154),(71 0.2553673),(72 0.25500068),(73 0.25518385),(74 0.25674602),(75 0.25791243),(76 0.2606),(77 0.26175308),(78 0.2625339),(79 0.2620891),
(1 0.13621265),(2 0.17700852),(3 0.19760709),(4 0.21168846),(5 0.22043946),(6 0.2278124),(7 0.2326541),(8 0.23434019),(9 0.23458403),(10 0.2375581),(11 0.23927231),(12 0.23877442),(13 0.24009639),(14 0.24156421),(15 0.24463414),(16 0.24630894),(17 0.24872318),(18 0.25044802),(19 0.2520091),(20 0.25333136),(21 0.25354567),(22 0.2544237),(23 0.25598186),(24 0.25653824),(25 0.2550897),(26 0.25288188),(27 0.24952643),(28 0.24823704),(29 0.24718493),(30 0.24649478),(31 0.247789),(32 0.25065765),(33 0.2524322),(34 0.25459957),(35 0.25635788),(36 0.25828126),(37 0.26096055),(38 0.26272818),(39 0.263217),(40 0.26202366),(41 0.25944048),(42 0.25544792),(43 0.25154403),(44 0.24880062),(45 0.24824466),(46 0.2483894),(47 0.2487429),(48 0.2483928),(49 0.24727333),(50 0.24818704),(51 0.24812235),(52 0.24664499),(53 0.24507393),(54 0.24565092),(55 0.24496791),(56 0.24364556),(57 0.24233255),(58 0.24226686),(59 0.24294102),(60 0.24292299),(61 0.24344218),(62 0.24487296),(63 0.24638817),(64 0.24667613),(65 0.24788061),(66 0.2491619),(67 0.25115252),(68 0.2515347),(69 0.25138122),(70 0.25087148),(71 0.25005722),(72 0.24976894),(73 0.24988039),(74 0.25145274),(75 0.2524244),(76 0.25469655),(77 0.25599542),(78 0.2568134),(79 0.25625673),
(1 0.13236146),(2 0.17289396),(3 0.19290191),(4 0.20670447),(5 0.21548116),(6 0.2223943),(7 0.22736244),(8 0.22903322),(9 0.22914197),(10 0.23223235),(11 0.23351249),(12 0.23366141),(13 0.23491965),(14 0.23635963),(15 0.23965953),(16 0.24155703),(17 0.24396667),(18 0.24531212),(19 0.24700455),(20 0.24838468),(21 0.24849243),(22 0.24939059),(23 0.2507975),(24 0.25139305),(25 0.24991605),(26 0.24785031),(27 0.24456865),(28 0.24313693),(29 0.24235722),(30 0.24206007),(31 0.24277799),(32 0.2460643),(33 0.24798617),(34 0.24968535),(35 0.25155488),(36 0.25325438),(37 0.2552389),(38 0.2575384),(39 0.258301),(40 0.2573035),(41 0.25391856),(42 0.25035462),(43 0.24651791),(44 0.24440949),(45 0.24381344),(46 0.24364729),(47 0.24350399),(48 0.2433957),(49 0.2427666),(50 0.24334669),(51 0.24348609),(52 0.24223028),(53 0.24031013),(54 0.24072377),(55 0.2399169),(56 0.23844597),(57 0.2373487),(58 0.2376623),(59 0.23807672),(60 0.23825853),(61 0.23866561),(62 0.23989399),(63 0.24148348),(64 0.2413743),(65 0.2428736),(66 0.24433151),(67 0.24614654),(68 0.24675106),(69 0.2462861),(70 0.24601856),(71 0.24476412),(72 0.24434073),(73 0.24502149),(74 0.24665327),(75 0.24774866),(76 0.25008297),(77 0.25105095),(78 0.25177872),(79 0.25135738),
(1 0.12903707),(2 0.16876988),(3 0.1889195),(4 0.20320086),(5 0.21192145),(6 0.21907684),(7 0.22348583),(8 0.22491093),(9 0.22533883),(10 0.22819717),(11 0.22980997),(12 0.22995302),(13 0.23080976),(14 0.23272532),(15 0.23558514),(16 0.23767303),(17 0.24006335),(18 0.24138647),(19 0.24314427),(20 0.24427542),(21 0.24414384),(22 0.24484622),(23 0.24658777),(24 0.24751046),(25 0.24600591),(26 0.2442377),(27 0.2410632),(28 0.23985653),(29 0.2388863),(30 0.23835734),(31 0.23920402),(32 0.24238995),(33 0.24411784),(34 0.24557294),(35 0.24737133),(36 0.24902529),(37 0.25150058),(38 0.2536168),(39 0.2539723),(40 0.2530449),(41 0.2503149),(42 0.24651724),(43 0.24305788),(44 0.24065769),(45 0.24053667),(46 0.24011812),(47 0.23992272),(48 0.2399667),(49 0.23879676),(50 0.23944943),(51 0.239333),(52 0.23795459),(53 0.23657575),(54 0.23701875),(55 0.2363987),(56 0.2351249),(57 0.23369008),(58 0.23381154),(59 0.23431917),(60 0.23460023),(61 0.23510781),(62 0.23622695),(63 0.2377502),(64 0.2379114),(65 0.23946239),(66 0.24081558),(67 0.2423805),(68 0.24326466),(69 0.24319081),(70 0.24262965),(71 0.24141178),(72 0.24124457),(73 0.2415556),(74 0.24308068),(75 0.24419704),(76 0.24677467),(77 0.24800093),(78 0.24839838),(79 0.2480412),
(1 0.12786298),(2 0.16800618),(3 0.18788698),(4 0.2018972),(5 0.21068002),(6 0.2176185),(7 0.2217652),(8 0.22312963),(9 0.22390452),(10 0.22695807),(11 0.22861555),(12 0.22822572),(13 0.22885124),(14 0.23094594),(15 0.23403046),(16 0.23600611),(17 0.23821022),(18 0.23946579),(19 0.24077116),(20 0.24253546),(21 0.24282569),(22 0.24317116),(23 0.24474873),(24 0.24550977),(25 0.24432619),(26 0.24231346),(27 0.23898561),(28 0.23772867),(29 0.23632197),(30 0.23589449),(31 0.23676926),(32 0.23994991),(33 0.24170244),(34 0.24368852),(35 0.24545206),(36 0.24719636),(37 0.24943934),(38 0.25167516),(39 0.2518656),(40 0.25072196),(41 0.24805854),(42 0.24446446),(43 0.24082437),(44 0.238741),(45 0.23838097),(46 0.23849972),(47 0.23807144),(48 0.23783259),(49 0.23676392),(50 0.23767716),(51 0.23771906),(52 0.23621921),(53 0.23475647),(54 0.23547508),(55 0.23465677),(56 0.2334633),(57 0.23254775),(58 0.23250748),(59 0.2331778),(60 0.23316823),(61 0.23403051),(62 0.23524012),(63 0.2363929),(64 0.23666139),(65 0.23771712),(66 0.23925969),(67 0.2410333),(68 0.24185632),(69 0.24144538),(70 0.24114858),(71 0.24022982),(72 0.23957224),(73 0.23987284),(74 0.24170288),(75 0.24270949),(76 0.24492505),(77 0.24627465),(78 0.2469705),(79 0.24642426),
(1 0.119086474),(2 0.15949865),(3 0.17927916),(4 0.19293669),(5 0.20145127),(6 0.20866442),(7 0.21289381),(8 0.21445243),(9 0.21487981),(10 0.21783844),(11 0.2196136),(12 0.21972857),(13 0.22054775),(14 0.22269648),(15 0.22535858),(16 0.22736542),(17 0.22977445),(18 0.23086438),(19 0.23283872),(20 0.23386255),(21 0.2341586),(22 0.23471949),(23 0.23632114),(24 0.23709212),(25 0.23613098),(26 0.23404439),(27 0.23075877),(28 0.22956462),(29 0.22847843),(30 0.22796956),(31 0.22913843),(32 0.23201841),(33 0.23377815),(34 0.23541917),(35 0.23711666),(36 0.23938231),(37 0.24178539),(38 0.24336652),(39 0.24380445),(40 0.24288653),(41 0.23993734),(42 0.23633379),(43 0.23280205),(44 0.23034322),(45 0.22997686),(46 0.22994989),(47 0.2297145),(48 0.22970088),(49 0.22821084),(50 0.22899693),(51 0.22962815),(52 0.22831425),(53 0.22660932),(54 0.22732687),(55 0.22648327),(56 0.22493744),(57 0.22399165),(58 0.22420126),(59 0.22522862),(60 0.22465895),(61 0.22553515),(62 0.22680077),(63 0.22769041),(64 0.22782737),(65 0.22899158),(66 0.2306167),(67 0.23263374),(68 0.2331609),(69 0.23263486),(70 0.23219676),(71 0.23125246),(72 0.23063754),(73 0.23094836),(74 0.23299755),(75 0.2340533),(76 0.23616019),(77 0.237625),(78 0.23841608),(79 0.23793855),
(1 0.11205752),(2 0.15172943),(3 0.17192167),(4 0.18565725),(5 0.19479142),(6 0.20164889),(7 0.20589006),(8 0.20768286),(9 0.20851931),(10 0.21147172),(11 0.21330646),(12 0.21318503),(13 0.2138851),(14 0.2157942),(15 0.21822184),(16 0.22011955),(17 0.22253247),(18 0.22375065),(19 0.22546338),(20 0.22678255),(21 0.22681294),(22 0.22712888),(23 0.22842517),(24 0.22916996),(25 0.22838353),(26 0.22621945),(27 0.22290331),(28 0.22168793),(29 0.22056541),(30 0.22038376),(31 0.22157225),(32 0.22463329),(33 0.2264878),(34 0.22819169),(35 0.23018463),(36 0.23198365),(37 0.23435682),(38 0.23627481),(39 0.23656827),(40 0.2354303),(41 0.23301458),(42 0.22947301),(43 0.22583382),(44 0.22366339),(45 0.22294521),(46 0.22260097),(47 0.22258843),(48 0.2221342),(49 0.22092786),(50 0.221694),(51 0.22153546),(52 0.22046915),(53 0.21903494),(54 0.21965885),(55 0.21894969),(56 0.21737975),(57 0.21611448),(58 0.21668734),(59 0.21766703),(60 0.21760498),(61 0.21834284),(62 0.21950354),(63 0.22068241),(64 0.22115697),(65 0.22249353),(66 0.22398762),(67 0.22542638),(68 0.22629736),(69 0.22568959),(70 0.22496992),(71 0.22380038),(72 0.22329445),(73 0.22396396),(74 0.22545174),(75 0.22629906),(76 0.22880846),(77 0.2302396),(78 0.23065783),(79 0.23015839),
(1 0.10223253),(2 0.13521397),(3 0.15219231),(4 0.16315764),(5 0.16992873),(6 0.17559822),(7 0.17916952),(8 0.18066438),(9 0.18175508),(10 0.18369667),(11 0.18510464),(12 0.18458204),(13 0.1851923),(14 0.18658431),(15 0.18894736),(16 0.19020799),(17 0.19193916),(18 0.19254501),(19 0.19412152),(20 0.19521877),(21 0.19526829),(22 0.1955173),(23 0.19671212),(24 0.19690455),(25 0.19629917),(26 0.19475363),(27 0.1920818),(28 0.1911352),(29 0.19071776),(30 0.19027936),(31 0.19106346),(32 0.19324976),(33 0.19465455),(34 0.1961411),(35 0.19734295),(36 0.19832727),(37 0.20014594),(38 0.2021375),(39 0.20264973),(40 0.20166981),(41 0.199578),(42 0.19691601),(43 0.19426726),(44 0.19295174),(45 0.1925395),(46 0.19225116),(47 0.19216976),(48 0.19188792),(49 0.19118865),(50 0.19166034),(51 0.19138901),(52 0.1905455),(53 0.18962349),(54 0.19031805),(55 0.19002998),(56 0.18889458),(57 0.18799332),(58 0.18804458),(59 0.18861608),(60 0.18885991),(61 0.18952109),(62 0.19060925),(63 0.1915034),(64 0.19142307),(65 0.19248472),(66 0.19353622),(67 0.19449577),(68 0.19464222),(69 0.19433051),(70 0.19418295),(71 0.19333899),(72 0.19287395),(73 0.19309774),(74 0.19403854),(75 0.1947778),(76 0.19688374),(77 0.19772609),(78 0.19812267),(79 0.19773008),
(1 0.056005053),(2 0.069709785),(3 0.07597107),(4 0.07989262),(5 0.082227625),(6 0.08418478),(7 0.08558943),(8 0.08608489),(9 0.08642376),(10 0.08738462),(11 0.08799632),(12 0.087714784),(13 0.08771081),(14 0.088046916),(15 0.08892643),(16 0.08938886),(17 0.09007939),(18 0.090369865),(19 0.090941764),(20 0.09130905),(21 0.091222666),(22 0.09120161),(23 0.09173134),(24 0.092048176),(25 0.0917234),(26 0.09099898),(27 0.09028223),(28 0.09008208),(29 0.089913994),(30 0.089632675),(31 0.08982557),(32 0.090757325),(33 0.09100696),(34 0.09137733),(35 0.09166601),(36 0.092004254),(37 0.09260423),(38 0.09313115),(39 0.09373078),(40 0.093457125),(41 0.09275496),(42 0.09171279),(43 0.090998925),(44 0.09048667),(45 0.09032989),(46 0.090341225),(47 0.090399794),(48 0.09031476),(49 0.089944795),(50 0.09017477),(51 0.09007671),(52 0.08966252),(53 0.08931848),(54 0.08960614),(55 0.089298405),(56 0.088965826),(57 0.088455364),(58 0.08879696),(59 0.08876738),(60 0.08875632),(61 0.08891886),(62 0.08928969),(63 0.089581415),(64 0.08943278),(65 0.08975649),(66 0.09004721),(67 0.09035501),(68 0.09042656),(69 0.09052662),(70 0.090762176),(71 0.090457916),(72 0.09030752),(73 0.09041621),(74 0.09080495),(75 0.09110698),(76 0.09167331),(77 0.09168479),(78 0.09190071),(79 0.0918757),
(1 0.017883597),(2 0.018381512),(3 0.018325867),(4 0.018411795),(5 0.018361585),(6 0.018374098),(7 0.01830347),(8 0.018324045),(9 0.01832664),(10 0.018380199),(11 0.01830959),(12 0.018359758),(13 0.018314851),(14 0.01832982),(15 0.018258488),(16 0.018298684),(17 0.01823935),(18 0.018289467),(19 0.01831427),(20 0.018332852),(21 0.018312678),(22 0.01831714),(23 0.018305657),(24 0.018278494),(25 0.018284673),(26 0.018239828),(27 0.018184219),(28 0.018177878),(29 0.018079732),(30 0.018098107),(31 0.018059012),(32 0.0181233),(33 0.01812478),(34 0.018063325),(35 0.018071821),(36 0.018036025),(37 0.017957369),(38 0.018007303),(39 0.018013645),(40 0.018074367),(41 0.01805625),(42 0.01804384),(43 0.018008905),(44 0.01801459),(45 0.017979018),(46 0.017999614),(47 0.017992722),(48 0.017982036),(49 0.017956594),(50 0.017956538),(51 0.017909436),(52 0.017875552),(53 0.017841373),(54 0.01782681),(55 0.017861692),(56 0.017865323),(57 0.01784331),(58 0.017828),(59 0.017840074),(60 0.017855873),(61 0.017813025),(62 0.01788764),(63 0.017815523),(64 0.017866192),(65 0.017856041),(66 0.017867895),(67 0.017845666),(68 0.017896118),(69 0.017832506),(70 0.017880213),(71 0.01784502),(72 0.01786239),(73 0.017898295),(74 0.017923841),(75 0.017853392),(76 0.017890703),(77 0.017875008),(78 0.017886486),(79 0.017946092),
(1 0.011085762),(2 0.011298176),(3 0.011276714),(4 0.011361375),(5 0.011330127),(6 0.011359005),(7 0.01131881),(8 0.011298291),(9 0.011280207),(10 0.01131377),(11 0.011300027),(12 0.011313748),(13 0.011258592),(14 0.011312593),(15 0.011237152),(16 0.011289934),(17 0.011256088),(18 0.011301003),(19 0.011303039),(20 0.011282144),(21 0.011281927),(22 0.011309012),(23 0.0112479655),(24 0.011248726),(25 0.01124185),(26 0.01123256),(27 0.011190772),(28 0.01118678),(29 0.011163647),(30 0.0111302165),(31 0.011125884),(32 0.011140828),(33 0.011103553),(34 0.0111306645),(35 0.011114007),(36 0.011090811),(37 0.011080808),(38 0.0110723395),(39 0.011086766),(40 0.011090721),(41 0.011097642),(42 0.011074327),(43 0.0110449605),(44 0.011056593),(45 0.011077866),(46 0.011077869),(47 0.011075526),(48 0.0110803),(49 0.01105747),(50 0.011037478),(51 0.0109899435),(52 0.010998701),(53 0.010965665),(54 0.010979261),(55 0.010962798),(56 0.010978258),(57 0.0109433355),(58 0.010946274),(59 0.010941016),(60 0.010980864),(61 0.010940884),(62 0.010964497),(63 0.010936782),(64 0.010933303),(65 0.0109556625),(66 0.010941259),(67 0.010928256),(68 0.010970688),(69 0.01098049),(70 0.01096117),(71 0.010983152),(72 0.010982603),(73 0.010997932),(74 0.011033795),(75 0.011002196),(76 0.011008637),(77 0.011025842),(78 0.0110034915),(79 0.010998833),
(1 0.009050456),(2 0.009229145),(3 0.009251027),(4 0.009278592),(5 0.009245087),(6 0.009249342),(7 0.009245589),(8 0.009231398),(9 0.009205774),(10 0.009244084),(11 0.009186336),(12 0.00921914),(13 0.009179093),(14 0.009223743),(15 0.0091636935),(16 0.009184462),(17 0.009168698),(18 0.009185802),(19 0.009195111),(20 0.009200566),(21 0.009173191),(22 0.009216771),(23 0.009186787),(24 0.009169786),(25 0.00914991),(26 0.009134821),(27 0.009109448),(28 0.009124011),(29 0.009088175),(30 0.009084974),(31 0.009052601),(32 0.009061295),(33 0.0090466505),(34 0.009035605),(35 0.009047174),(36 0.009036885),(37 0.008993991),(38 0.0090343),(39 0.009045624),(40 0.00907003),(41 0.009030895),(42 0.009021257),(43 0.008997026),(44 0.009015895),(45 0.009024211),(46 0.00900518),(47 0.009020914),(48 0.009007466),(49 0.008995757),(50 0.008985418),(51 0.008945256),(52 0.008951336),(53 0.008935285),(54 0.00895742),(55 0.008931029),(56 0.008925983),(57 0.008911872),(58 0.00892231),(59 0.008921322),(60 0.008938875),(61 0.008910094),(62 0.008949674),(63 0.008913619),(64 0.008933444),(65 0.008932369),(66 0.008934787),(67 0.008915248),(68 0.008940125),(69 0.0089196125),(70 0.008940401),(71 0.008953097),(72 0.008978101),(73 0.008949801),(74 0.008976131),(75 0.008959131),(76 0.008973313),(77 0.008973791),(78 0.008958669),(79 0.008970337),
(1 0.0073284884),(2 0.007439295),(3 0.007452551),(4 0.007500888),(5 0.0074617546),(6 0.0074741286),(7 0.007465445),(8 0.007460538),(9 0.007419733),(10 0.0074539417),(11 0.007417741),(12 0.0074443165),(13 0.0074109547),(14 0.0074572605),(15 0.0073996354),(16 0.007431562),(17 0.0073898034),(18 0.007396076),(19 0.0074292617),(20 0.0074149007),(21 0.0074264994),(22 0.0074357176),(23 0.0074226987),(24 0.0074110944),(25 0.0073942966),(26 0.0073939813),(27 0.0073689227),(28 0.0073495544),(29 0.0073227463),(30 0.0073396307),(31 0.0073065916),(32 0.0073351744),(33 0.007315979),(34 0.007312109),(35 0.0073099984),(36 0.007289395),(37 0.007271433),(38 0.0072833686),(39 0.0072914846),(40 0.0072999718),(41 0.0072906753),(42 0.007286352),(43 0.0072655883),(44 0.0072888676),(45 0.007277252),(46 0.007288848),(47 0.0072816256),(48 0.007282312),(49 0.0072755897),(50 0.00726908),(51 0.0072286353),(52 0.00723322),(53 0.007219082),(54 0.007224289),(55 0.0072165504),(56 0.007218993),(57 0.007212679),(58 0.0072015016),(59 0.0072191535),(60 0.007218356),(61 0.007208322),(62 0.0072255903),(63 0.0072092707),(64 0.007202514),(65 0.0072068297),(66 0.0072184755),(67 0.007195253),(68 0.007217186),(69 0.0072227027),(70 0.0072273146),(71 0.0072206617),(72 0.007231152),(73 0.007255298),(74 0.0072525875),(75 0.0072376137),(76 0.007262727),(77 0.007256145),(78 0.0072478373),(79 0.0072495546),
(1 0.006509356),(2 0.006622292),(3 0.0066364626),(4 0.006677237),(5 0.0066571324),(6 0.006677879),(7 0.0066305497),(8 0.0066432212),(9 0.0066221617),(10 0.006653677),(11 0.006636683),(12 0.0066491743),(13 0.0066289366),(14 0.006631698),(15 0.0065796697),(16 0.0066181817),(17 0.006597208),(18 0.006629804),(19 0.0066266838),(20 0.0066347225),(21 0.006606145),(22 0.0066391598),(23 0.006621167),(24 0.00659363),(25 0.006596729),(26 0.00660515),(27 0.0065778503),(28 0.00656342),(29 0.0065339715),(30 0.0065449146),(31 0.0065170247),(32 0.006548287),(33 0.0065241),(34 0.006520971),(35 0.006528628),(36 0.0065087834),(37 0.006507192),(38 0.0065075397),(39 0.0065144356),(40 0.0065229),(41 0.0065014805),(42 0.0065026865),(43 0.006482893),(44 0.0064910124),(45 0.006494854),(46 0.0064846897),(47 0.0064885975),(48 0.0064946753),(49 0.006481915),(50 0.0064898496),(51 0.006459801),(52 0.0064488226),(53 0.006431151),(54 0.00644412),(55 0.0064319647),(56 0.0064349617),(57 0.006429008),(58 0.0064491057),(59 0.006431896),(60 0.006455568),(61 0.0064253),(62 0.006455828),(63 0.0064327866),(64 0.0064402195),(65 0.0064348043),(66 0.006450789),(67 0.0064260056),(68 0.006457421),(69 0.0064514843),(70 0.0064597176),(71 0.0064484337),(72 0.006468864),(73 0.006452421),(74 0.006470543),(75 0.0064677414),(76 0.00647389),(77 0.0064591495),(78 0.0064370404),(79 0.006487916),
(1 0.0055086864),(2 0.005594569),(3 0.0055986997),(4 0.005635228),(5 0.005612551),(6 0.0056213336),(7 0.005611236),(8 0.0056061326),(9 0.005577378),(10 0.005599794),(11 0.005591528),(12 0.0056000385),(13 0.0055886935),(14 0.0055964203),(15 0.0055587087),(16 0.0055742958),(17 0.005558497),(18 0.005576014),(19 0.005575041),(20 0.0055756485),(21 0.005571221),(22 0.0055928132),(23 0.0055736983),(24 0.005568792),(25 0.0055665346),(26 0.0055547524),(27 0.0055400482),(28 0.005531475),(29 0.005514361),(30 0.005510563),(31 0.0054978873),(32 0.0054999595),(33 0.0054964954),(34 0.005486512),(35 0.005490784),(36 0.005487142),(37 0.005460513),(38 0.00547286),(39 0.0054921205),(40 0.005495227),(41 0.005471072),(42 0.0054766038),(43 0.005468478),(44 0.005464625),(45 0.00545384),(46 0.005473192),(47 0.005466851),(48 0.005464455),(49 0.005471265),(50 0.005461437),(51 0.0054437416),(52 0.005439194),(53 0.0054240893),(54 0.005432827),(55 0.0054271715),(56 0.005422033),(57 0.0054222895),(58 0.005428767),(59 0.0054262285),(60 0.0054343934),(61 0.0054213298),(62 0.005443609),(63 0.0054297787),(64 0.0054296516),(65 0.005426917),(66 0.0054392084),(67 0.0054296837),(68 0.005439433),(69 0.005445998),(70 0.0054490804),(71 0.005440319),(72 0.0054475935),(73 0.005435731),(74 0.005455263),(75 0.0054542306),(76 0.005459257),(77 0.0054586357),(78 0.0054418156),(79 0.0054667294),
(1 0.004278383),(2 0.004346169),(3 0.004350067),(4 0.004373827),(5 0.004357751),(6 0.0043594716),(7 0.004349281),(8 0.004350566),(9 0.0043452755),(10 0.00435269),(11 0.0043388205),(12 0.0043578115),(13 0.0043332274),(14 0.004349345),(15 0.004311405),(16 0.0043383776),(17 0.0043223673),(18 0.0043402514),(19 0.004341667),(20 0.0043333606),(21 0.0043246523),(22 0.0043414547),(23 0.0043262127),(24 0.004331116),(25 0.004316662),(26 0.0043266425),(27 0.004306652),(28 0.0042947093),(29 0.0042888005),(30 0.0042744773),(31 0.0042649116),(32 0.0042725564),(33 0.0042742314),(34 0.0042617517),(35 0.0042737457),(36 0.0042609307),(37 0.004258883),(38 0.004254777),(39 0.004265952),(40 0.004270707),(41 0.004270517),(42 0.0042536887),(43 0.0042438433),(44 0.0042404803),(45 0.0042511737),(46 0.0042512785),(47 0.004257204),(48 0.0042572347),(49 0.004241013),(50 0.004255027),(51 0.0042234403),(52 0.0042270226),(53 0.0042187124),(54 0.0042276145),(55 0.004223894),(56 0.004218829),(57 0.004207371),(58 0.004210269),(59 0.0042148093),(60 0.0042235428),(61 0.0042140554),(62 0.0042278445),(63 0.0042117448),(64 0.0042128437),(65 0.0042260177),(66 0.004219552),(67 0.004210218),(68 0.004213122),(69 0.0042226096),(70 0.0042262115),(71 0.0042260303),(72 0.0042316434),(73 0.0042453287),(74 0.0042377287),(75 0.0042154375),(76 0.004232174),(77 0.0042245616),(78 0.0042167446),(79 0.004231603),
(1 0.0038468738),(2 0.003923129),(3 0.003918378),(4 0.0039386395),(5 0.003929211),(6 0.0039418233),(7 0.003925108),(8 0.003923063),(9 0.003913845),(10 0.0039332868),(11 0.0039268825),(12 0.0039284187),(13 0.003903361),(14 0.0039236695),(15 0.0038863185),(16 0.003907096),(17 0.003890557),(18 0.003899172),(19 0.0039035168),(20 0.0039108843),(21 0.0038912396),(22 0.0039080824),(23 0.0039116265),(24 0.003909203),(25 0.0038932827),(26 0.0038923637),(27 0.0038725832),(28 0.0038777906),(29 0.0038625603),(30 0.003863186),(31 0.0038370201),(32 0.003852499),(33 0.003852559),(34 0.003848459),(35 0.0038372958),(36 0.003845683),(37 0.0038242457),(38 0.0038269907),(39 0.0038412383),(40 0.0038416507),(41 0.0038243218),(42 0.0038342734),(43 0.0038192265),(44 0.0038309467),(45 0.003821021),(46 0.0038196235),(47 0.003826866),(48 0.0038243819),(49 0.0038240792),(50 0.003825691),(51 0.0038094139),(52 0.0038091845),(53 0.0037961716),(54 0.0038069265),(55 0.0037930007),(56 0.0037971614),(57 0.0037860814),(58 0.0037957847),(59 0.0038066714),(60 0.0037928438),(61 0.0037925108),(62 0.0037962068),(63 0.0037910365),(64 0.003792958),(65 0.0037922778),(66 0.0037960196),(67 0.0037925935),(68 0.0037955598),(69 0.0038022147),(70 0.00380098),(71 0.0037915),(72 0.0038037866),(73 0.003817598),(74 0.0038085883),(75 0.00381385),(76 0.0038112586),(77 0.0038014182),(78 0.0038088227),(79 0.0038164242),
(1 0.003151845),(2 0.003215405),(3 0.0032205768),(4 0.0032421215),(5 0.0032295259),(6 0.0032405423),(7 0.0032229924),(8 0.0032285121),(9 0.0032176883),(10 0.0032204078),(11 0.0032078887),(12 0.0032208478),(13 0.0032176864),(14 0.0032184268),(15 0.0031968898),(16 0.0032194122),(17 0.0032047597),(18 0.0032084),(19 0.0032008982),(20 0.0032087644),(21 0.003205448),(22 0.0032129681),(23 0.0032068002),(24 0.003207622),(25 0.003210428),(26 0.0031968895),(27 0.0031824496),(28 0.003190748),(29 0.0031742253),(30 0.003171897),(31 0.0031679885),(32 0.0031619396),(33 0.0031542678),(34 0.0031575188),(35 0.0031634253),(36 0.0031607652),(37 0.0031535316),(38 0.0031583118),(39 0.0031538997),(40 0.0031581065),(41 0.0031488477),(42 0.0031556333),(43 0.0031455026),(44 0.0031526457),(45 0.0031540636),(46 0.0031463178),(47 0.0031558517),(48 0.003142231),(49 0.0031437024),(50 0.003149431),(51 0.003127562),(52 0.0031338315),(53 0.003118924),(54 0.0031273596),(55 0.003118897),(56 0.0031246606),(57 0.0031127387),(58 0.0031158654),(59 0.0031218193),(60 0.0031164323),(61 0.0031149145),(62 0.0031197767),(63 0.0031222736),(64 0.003117161),(65 0.0031146922),(66 0.0031206757),(67 0.0031164116),(68 0.0031198992),(69 0.0031183227),(70 0.0031290993),(71 0.003123539),(72 0.0031305833),(73 0.0031417825),(74 0.0031334306),(75 0.0031335053),(76 0.0031337305),(77 0.0031233157),(78 0.003119117),(79 0.003125297),
(1 0.0026707132),(2 0.0027227707),(3 0.002721945),(4 0.0027361084),(5 0.0027283917),(6 0.0027406493),(7 0.0027242391),(8 0.0027200705),(9 0.0027159818),(10 0.0027276454),(11 0.0027218186),(12 0.0027193974),(13 0.0027083023),(14 0.0027191718),(15 0.002704092),(16 0.002707951),(17 0.0027062201),(18 0.0027104132),(19 0.002721126),(20 0.002723719),(21 0.0027132537),(22 0.0027190014),(23 0.00272092),(24 0.0027191194),(25 0.002702819),(26 0.002710987),(27 0.0026981835),(28 0.0026928438),(29 0.0026823934),(30 0.002682802),(31 0.002681057),(32 0.002682852),(33 0.0026809736),(34 0.002669346),(35 0.0026750197),(36 0.0026710874),(37 0.0026631025),(38 0.0026696776),(39 0.0026627965),(40 0.002678493),(41 0.002665101),(42 0.002665651),(43 0.0026630273),(44 0.0026621185),(45 0.002656767),(46 0.002653659),(47 0.0026655265),(48 0.0026569455),(49 0.0026567746),(50 0.002657143),(51 0.0026463626),(52 0.0026484844),(53 0.002631783),(54 0.0026430278),(55 0.0026391866),(56 0.0026395598),(57 0.002629464),(58 0.0026365127),(59 0.0026416462),(60 0.002646497),(61 0.0026387786),(62 0.0026425987),(63 0.002635729),(64 0.0026341504),(65 0.0026447044),(66 0.0026505084),(67 0.0026373412),(68 0.0026411542),(69 0.0026386122),(70 0.002645806),(71 0.0026453885),(72 0.0026486),(73 0.0026516446),(74 0.0026504952),(75 0.0026441924),(76 0.002650926),(77 0.0026429682),(78 0.0026429172),(79 0.002648117),
(1 0.0026907583),(2 0.0027447774),(3 0.0027410784),(4 0.002762494),(5 0.0027512864),(6 0.0027674604),(7 0.00275047),(8 0.0027544873),(9 0.002741162),(10 0.002760953),(11 0.002750574),(12 0.002759334),(13 0.0027419582),(14 0.0027507597),(15 0.0027306841),(16 0.0027363836),(17 0.0027231716),(18 0.0027409971),(19 0.0027412914),(20 0.0027418863),(21 0.0027341237),(22 0.002746726),(23 0.0027421927),(24 0.002732837),(25 0.0027300604),(26 0.0027300613),(27 0.0027216184),(28 0.0027135022),(29 0.0027021465),(30 0.0027029377),(31 0.002694565),(32 0.0026890677),(33 0.0026973037),(34 0.0026906282),(35 0.0026946238),(36 0.0026900554),(37 0.0026853713),(38 0.002690116),(39 0.002693076),(40 0.0026941393),(41 0.0026940883),(42 0.0026843168),(43 0.002680221),(44 0.0026865492),(45 0.0026779708),(46 0.0026862838),(47 0.0026848593),(48 0.0026772616),(49 0.0026811392),(50 0.0026825166),(51 0.0026727666),(52 0.0026670906),(53 0.002663147),(54 0.0026756115),(55 0.002669995),(56 0.0026677167),(57 0.0026689875),(58 0.0026635858),(59 0.0026681237),(60 0.0026696245),(61 0.0026636482),(62 0.0026750742),(63 0.0026679267),(64 0.0026659386),(65 0.002669513),(66 0.0026640713),(67 0.002661371),(68 0.0026676392),(69 0.002672503),(70 0.0026720907),(71 0.0026695237),(72 0.002667539),(73 0.0026719053),(74 0.0026795517),(75 0.0026802998),(76 0.0026759054),(77 0.0026775661),(78 0.0026769135),(79 0.0026823294),
(1 0.0017311373),(2 0.001771189),(3 0.0017696226),(4 0.0017793402),(5 0.0017775194),(6 0.0017878031),(7 0.0017808946),(8 0.0017762216),(9 0.0017712582),(10 0.0017805474),(11 0.0017763079),(12 0.0017843809),(13 0.0017691521),(14 0.0017767072),(15 0.0017649055),(16 0.0017679291),(17 0.0017680763),(18 0.0017709094),(19 0.0017657414),(20 0.0017712987),(21 0.0017683401),(22 0.0017767261),(23 0.0017702531),(24 0.0017650526),(25 0.0017614834),(26 0.0017690087),(27 0.0017651073),(28 0.0017569575),(29 0.0017460545),(30 0.0017480226),(31 0.0017464434),(32 0.0017471195),(33 0.0017429537),(34 0.0017427565),(35 0.001743717),(36 0.0017440739),(37 0.0017343207),(38 0.001745194),(39 0.0017499885),(40 0.00174657),(41 0.0017419992),(42 0.0017418925),(43 0.001739792),(44 0.0017342562),(45 0.0017395847),(46 0.0017385191),(47 0.0017367983),(48 0.001741812),(49 0.0017352575),(50 0.001734049),(51 0.001728678),(52 0.00173101),(53 0.0017226877),(54 0.0017254666),(55 0.0017226626),(56 0.0017263377),(57 0.0017211098),(58 0.001718891),(59 0.0017294352),(60 0.0017233369),(61 0.0017273993),(62 0.0017262222),(63 0.0017215795),(64 0.0017193906),(65 0.0017236567),(66 0.0017247191),(67 0.0017262107),(68 0.001730053),(69 0.0017244737),(70 0.0017296629),(71 0.001722387),(72 0.0017292518),(73 0.0017294363),(74 0.0017325341),(75 0.0017324602),(76 0.0017321237),(77 0.0017285467),(78 0.0017349464),(79 0.0017335992),
(1 0.0018162553),(2 0.0018539459),(3 0.0018627279),(4 0.001870103),(5 0.0018672716),(6 0.0018713984),(7 0.0018689986),(8 0.0018708918),(9 0.0018643864),(10 0.0018658977),(11 0.0018655177),(12 0.0018705035),(13 0.0018664355),(14 0.0018686344),(15 0.0018643086),(16 0.0018587739),(17 0.0018542203),(18 0.0018629506),(19 0.0018706658),(20 0.0018650142),(21 0.001860414),(22 0.0018632553),(23 0.001860485),(24 0.0018625106),(25 0.0018601218),(26 0.0018570485),(27 0.0018450222),(28 0.0018514345),(29 0.0018353877),(30 0.0018357503),(31 0.0018324278),(32 0.0018372457),(33 0.0018328284),(34 0.0018333149),(35 0.0018255324),(36 0.001828421),(37 0.0018269899),(38 0.0018320028),(39 0.0018304967),(40 0.0018326939),(41 0.0018319763),(42 0.0018265868),(43 0.0018235854),(44 0.001823723),(45 0.0018261205),(46 0.0018278263),(47 0.0018279972),(48 0.001825895),(49 0.0018241892),(50 0.0018216161),(51 0.0018205956),(52 0.0018213582),(53 0.0018124392),(54 0.0018190595),(55 0.0018140255),(56 0.0018175136),(57 0.0018129634),(58 0.0018116446),(59 0.0018143252),(60 0.0018198645),(61 0.001815014),(62 0.0018206191),(63 0.0018134679),(64 0.0018132519),(65 0.0018169411),(66 0.0018161805),(67 0.0018109631),(68 0.0018190558),(69 0.0018179605),(70 0.0018172635),(71 0.0018174816),(72 0.0018246348),(73 0.0018251132),(74 0.0018235525),(75 0.0018144357),(76 0.0018219763),(77 0.0018172438),(78 0.0018113654),(79 0.0018190974),
(1 0.0013954188),(2 0.0014269209),(3 0.0014319397),(4 0.0014441333),(5 0.0014370248),(6 0.0014377343),(7 0.0014371854),(8 0.0014289826),(9 0.0014290464),(10 0.0014380537),(11 0.0014356073),(12 0.0014366242),(13 0.0014276122),(14 0.0014306004),(15 0.0014260849),(16 0.0014262709),(17 0.0014259223),(18 0.0014327836),(19 0.0014326405),(20 0.0014402579),(21 0.0014344088),(22 0.0014305642),(23 0.0014321312),(24 0.0014331287),(25 0.0014220946),(26 0.0014347422),(27 0.0014209182),(28 0.0014213473),(29 0.0014120644),(30 0.001412794),(31 0.0014127577),(32 0.0014113811),(33 0.0014112202),(34 0.0014094952),(35 0.0014095347),(36 0.0014079249),(37 0.0014011867),(38 0.0014046446),(39 0.0014073863),(40 0.0014128196),(41 0.001407255),(42 0.001410169),(43 0.001407634),(44 0.0014027781),(45 0.0014040538),(46 0.0014049098),(47 0.0014091242),(48 0.0014047432),(49 0.0014043716),(50 0.001404492),(51 0.001396069),(52 0.0013994038),(53 0.0013955199),(54 0.0013988575),(55 0.0013998257),(56 0.0013956814),(57 0.001397885),(58 0.0013929957),(59 0.001394518),(60 0.001396417),(61 0.0013956269),(62 0.00140134),(63 0.0013957431),(64 0.0013927711),(65 0.0013985416),(66 0.0013934217),(67 0.0013887514),(68 0.0013954716),(69 0.0014000119),(70 0.0014003222),(71 0.0013974556),(72 0.0013983903),(73 0.0014001429),(74 0.0013990771),(75 0.0014036907),(76 0.0014011303),(77 0.0014021541),(78 0.0014026671),(79 0.0014059553),
(1 0.0008744558),(2 0.000889127),(3 0.00089758995),(4 0.000902385),(5 0.00089886953),(6 0.0009000989),(7 0.0008990468),(8 0.0008972524),(9 0.00089938386),(10 0.0009006846),(11 0.00089815643),(12 0.00089773274),(13 0.0008952081),(14 0.000900658),(15 0.00089145167),(16 0.00089623476),(17 0.0008957834),(18 0.0008952455),(19 0.00089536916),(20 0.0008984577),(21 0.00089233735),(22 0.00089479215),(23 0.0008954441),(24 0.0008997124),(25 0.0008908064),(26 0.00089621055),(27 0.00088753767),(28 0.0008868372),(29 0.0008828361),(30 0.00088579324),(31 0.00088239793),(32 0.0008844172),(33 0.00088293),(34 0.0008776049),(35 0.00088160473),(36 0.0008809841),(37 0.0008765891),(38 0.0008758289),(39 0.0008816354),(40 0.00088148925),(41 0.0008802502),(42 0.0008764288),(43 0.00087613665),(44 0.00087905733),(45 0.0008761246),(46 0.0008782363),(47 0.00087713706),(48 0.00087296043),(49 0.00087590003),(50 0.0008789329),(51 0.00087587273),(52 0.00087484805),(53 0.0008717429),(54 0.0008717469),(55 0.0008670594),(56 0.0008691647),(57 0.00086457917),(58 0.00087023166),(59 0.000870129),(60 0.0008723151),(61 0.0008714563),(62 0.00087119563),(63 0.0008686317),(64 0.0008667142),(65 0.0008713518),(66 0.00087473413),(67 0.0008666224),(68 0.0008692276),(69 0.00086945004),(70 0.0008669691),(71 0.00086743577),(72 0.00087299815),(73 0.00087307894),(74 0.0008752841),(75 0.0008760894),(76 0.0008741649),(77 0.0008722463),(78 0.00087180006),(79 0.00087788684),
(1 0.0012834131),(2 0.0013133531),(3 0.0013180688),(4 0.0013268593),(5 0.0013190797),(6 0.0013255413),(7 0.0013241776),(8 0.0013222375),(9 0.0013148701),(10 0.0013191218),(11 0.0013194506),(12 0.0013274197),(13 0.0013162681),(14 0.0013206621),(15 0.0013081696),(16 0.0013118263),(17 0.0013197685),(18 0.0013143049),(19 0.0013180256),(20 0.0013228573),(21 0.0013164587),(22 0.0013180033),(23 0.0013211273),(24 0.0013182352),(25 0.0013111902),(26 0.0013102914),(27 0.0013100008),(28 0.0013058551),(29 0.0012991453),(30 0.0013003827),(31 0.0012962574),(32 0.0012994274),(33 0.0012970385),(34 0.001302071),(35 0.0012985929),(36 0.0012972798),(37 0.0012951342),(38 0.0012945888),(39 0.0012959327),(40 0.0012970013),(41 0.0012914275),(42 0.0012911587),(43 0.0012919531),(44 0.0012924576),(45 0.001293389),(46 0.0012934385),(47 0.0012956053),(48 0.001295407),(49 0.0012914129),(50 0.0012902649),(51 0.0012872241),(52 0.0012859011),(53 0.001277276),(54 0.0012835034),(55 0.0012798451),(56 0.001282203),(57 0.0012790122),(58 0.0012830807),(59 0.001280693),(60 0.0012820235),(61 0.0012782159),(62 0.0012857644),(63 0.001282465),(64 0.0012854572),(65 0.0012826563),(66 0.0012835306),(67 0.0012828049),(68 0.0012844558),(69 0.0012856504),(70 0.0012838803),(71 0.0012779247),(72 0.0012821048),(73 0.0012854249),(74 0.00128874),(75 0.001286617),(76 0.0012896477),(77 0.0012913004),(78 0.0012862557),(79 0.001296837),
(1 0.00051177165),(2 0.0005249279),(3 0.00052448025),(4 0.0005302291),(5 0.0005270677),(6 0.0005278247),(7 0.0005296074),(8 0.0005301513),(9 0.00052651356),(10 0.00052990625),(11 0.0005228282),(12 0.0005278367),(13 0.0005248166),(14 0.0005293324),(15 0.0005245286),(16 0.0005257265),(17 0.00052667776),(18 0.0005238978),(19 0.0005266449),(20 0.0005282639),(21 0.00052555715),(22 0.00052826176),(23 0.00052866864),(24 0.00052972056),(25 0.0005264445),(26 0.00052647566),(27 0.00052414363),(28 0.0005204354),(29 0.0005210989),(30 0.00051829487),(31 0.0005181848),(32 0.00052062084),(33 0.0005165901),(34 0.00051976694),(35 0.00052041345),(36 0.0005168558),(37 0.0005171798),(38 0.0005173037),(39 0.0005177388),(40 0.00051628164),(41 0.0005169593),(42 0.0005151928),(43 0.00051499857),(44 0.00051668304),(45 0.00051365135),(46 0.0005155345),(47 0.00051622716),(48 0.0005151818),(49 0.00051509903),(50 0.0005171197),(51 0.0005143597),(52 0.00051252707),(53 0.0005109051),(54 0.00051361154),(55 0.0005112647),(56 0.00051225635),(57 0.00051149103),(58 0.0005141758),(59 0.0005133994),(60 0.0005138766),(61 0.00051208766),(62 0.0005114616),(63 0.000512798),(64 0.0005105046),(65 0.0005083933),(66 0.0005114915),(67 0.00050971704),(68 0.00051247544),(69 0.0005122812),(70 0.0005095198),(71 0.00051290536),(72 0.00051317323),(73 0.00051396317),(74 0.0005140258),(75 0.00051453663),(76 0.00051434874),(77 0.00051605917),(78 0.0005114867),(79 0.0005145109),
(1 0.0007797689),(2 0.0008020686),(3 0.0008038333),(4 0.0008076227),(5 0.00080660154),(6 0.0008099779),(7 0.0008078818),(8 0.0008043767),(9 0.0008075463),(10 0.0008111882),(11 0.0008064011),(12 0.0008093019),(13 0.0008039233),(14 0.000808721),(15 0.000802709),(16 0.0008069232),(17 0.00080183236),(18 0.0008064626),(19 0.00080635236),(20 0.00080449635),(21 0.0008017068),(22 0.00080639595),(23 0.00080706505),(24 0.00080573215),(25 0.00080272794),(26 0.0008061523),(27 0.00080029655),(28 0.0007978855),(29 0.0007954039),(30 0.00079618074),(31 0.0007944721),(32 0.0007941553),(33 0.000792888),(34 0.0007944783),(35 0.0007948622),(36 0.0007895013),(37 0.00078799686),(38 0.0007908094),(39 0.00079579593),(40 0.00079366326),(41 0.00079170143),(42 0.00079476205),(43 0.0007874966),(44 0.0007875821),(45 0.00078980974),(46 0.00078979036),(47 0.0007908018),(48 0.0007895533),(49 0.0007854401),(50 0.0007902707),(51 0.0007853843),(52 0.0007851155),(53 0.0007832266),(54 0.0007868379),(55 0.00078143476),(56 0.0007831305),(57 0.0007779047),(58 0.00077918905),(59 0.0007823956),(60 0.0007843989),(61 0.0007818025),(62 0.00078519486),(63 0.0007801252),(64 0.0007776264),(65 0.0007769784),(66 0.0007813919),(67 0.00077889406),(68 0.00078070856),(69 0.00078126905),(70 0.0007803508),(71 0.0007808139),(72 0.0007805549),(73 0.00078095973),(74 0.0007829437),(75 0.0007820832),(76 0.0007833366),(77 0.0007857579),(78 0.0007815614),(79 0.0007894419),
(1 0.00027401396),(2 0.00027982856),(3 0.00028349375),(4 0.0002853504),(5 0.00028419448),(6 0.00028348417),(7 0.0002851752),(8 0.00028423354),(9 0.00028127572),(10 0.00028493933),(11 0.00028347733),(12 0.00028579822),(13 0.000282704),(14 0.00028452996),(15 0.00028306563),(16 0.00028431125),(17 0.00028281013),(18 0.00028659427),(19 0.00028548716),(20 0.0002860929),(21 0.00028371467),(22 0.00028639258),(23 0.0002859994),(24 0.00028415298),(25 0.00028653882),(26 0.00028407917),(27 0.00028495982),(28 0.00028221778),(29 0.00028144856),(30 0.00028016063),(31 0.00028123547),(32 0.0002813473),(33 0.0002815098),(34 0.00028187488),(35 0.0002827286),(36 0.0002809514),(37 0.00027922544),(38 0.00027998694),(39 0.00027965588),(40 0.00028190357),(41 0.00027987722),(42 0.0002792299),(43 0.00028090432),(44 0.00028042606),(45 0.00028021054),(46 0.00028099897),(47 0.00028041255),(48 0.00028031415),(49 0.00027836446),(50 0.0002802212),(51 0.0002758804),(52 0.00027693412),(53 0.0002741378),(54 0.00027546214),(55 0.00027706663),(56 0.00027509808),(57 0.000276196),(58 0.00027719344),(59 0.0002772981),(60 0.00027621214),(61 0.00027679466),(62 0.00027848178),(63 0.0002781627),(64 0.00027705808),(65 0.0002754488),(66 0.00027738066),(67 0.00027520888),(68 0.00027775287),(69 0.00027737778),(70 0.00027742752),(71 0.0002746342),(72 0.0002755405),(73 0.00027721046),(74 0.0002764151),(75 0.0002758256),(76 0.00027749498),(77 0.00027673694),(78 0.00027482168),(79 0.00027599052),
(1 0.0003388187),(2 0.00034778015),(3 0.0003517281),(4 0.00035155725),(5 0.00034973884),(6 0.00035353785),(7 0.000350426),(8 0.00035024167),(9 0.00034693207),(10 0.00035248118),(11 0.00034912626),(12 0.00035222297),(13 0.00034871243),(14 0.0003516602),(15 0.0003483139),(16 0.00034720768),(17 0.000348204),(18 0.00035112945),(19 0.00035019295),(20 0.00035054248),(21 0.00034988296),(22 0.0003508151),(23 0.00035133804),(24 0.00034945054),(25 0.0003495014),(26 0.00035022158),(27 0.00034646623),(28 0.0003504239),(29 0.00034872876),(30 0.00034642624),(31 0.00034444893),(32 0.00034558977),(33 0.0003466549),(34 0.00034594035),(35 0.00034515982),(36 0.00034498217),(37 0.00034253212),(38 0.00034551672),(39 0.00034417261),(40 0.00034487827),(41 0.00034364776),(42 0.0003430952),(43 0.00034217114),(44 0.00034321914),(45 0.000341821),(46 0.00034213794),(47 0.00034144483),(48 0.00034287607),(49 0.00034240098),(50 0.00034161555),(51 0.00034010728),(52 0.000339573),(53 0.0003409605),(54 0.00034071572),(55 0.00033920616),(56 0.000339664),(57 0.0003390725),(58 0.0003420335),(59 0.0003386104),(60 0.0003407057),(61 0.00033838372),(62 0.00033974243),(63 0.00034077675),(64 0.00034078406),(65 0.0003391261),(66 0.000339043),(67 0.0003378685),(68 0.00034164422),(69 0.00033958297),(70 0.00034202612),(71 0.00034382188),(72 0.00034089744),(73 0.00034260016),(74 0.00034066042),(75 0.00034015122),(76 0.00034330273),(77 0.0003408594),(78 0.00033931932),(79 0.0003412201),
(1 0.00006600369),(2 0.00006723493),(3 0.00006864638),(4 0.00006933936),(5 0.000069471),(6 0.000069676295),(7 0.00006993924),(8 0.00006857615),(9 0.00006962516),(10 0.000068864014),(11 0.000068114605),(12 0.00006912646),(13 0.000069711445),(14 0.00006942661),(15 0.00006917197),(16 0.000068662244),(17 0.0000697544),(18 0.000069209396),(19 0.00007026749),(20 0.0000701625),(21 0.00006968774),(22 0.000069260714),(23 0.000069341826),(24 0.00006956741),(25 0.00007000488),(26 0.00007056451),(27 0.000069292415),(28 0.00006984555),(29 0.000068518166),(30 0.00006900105),(31 0.00006883726),(32 0.0000694358),(33 0.000068852896),(34 0.00006859223),(35 0.00006914632),(36 0.00006795296),(37 0.000068866844),(38 0.00006840746),(39 0.00006852423),(40 0.00006847021),(41 0.00006826845),(42 0.00006808139),(43 0.00006692244),(44 0.00006742471),(45 0.00006789439),(46 0.00006734168),(47 0.00006720089),(48 0.00006736573),(49 0.00006705209),(50 0.00006743579),(51 0.000067453846),(52 0.00006803989),(53 0.000067553294),(54 0.00006727499),(55 0.00006685577),(56 0.00006747444),(57 0.00006655851),(58 0.00006708914),(59 0.00006606353),(60 0.000067935944),(61 0.0000668855),(62 0.00006794967),(63 0.0000666927),(64 0.00006668045),(65 0.000067152985),(66 0.00006759566),(67 0.000068526664),(68 0.000068195186),(69 0.00006760592),(70 0.00006660565),(71 0.00006610056),(72 0.00006684771),(73 0.00006749292),(74 0.00006702712),(75 0.0000674893),(76 0.00006665729),(77 0.00006734847),(78 0.00006759887),(79 0.00006756925),
(1 0.000016457865),(2 0.000017657312),(3 0.000017456827),(4 0.000017142496),(5 0.00001736659),(6 0.000017212044),(7 0.000017834927),(8 0.000016803528),(9 0.000017720598),(10 0.000017761316),(11 0.00001720255),(12 0.000017893242),(13 0.000017302984),(14 0.000017335218),(15 0.000017246279),(16 0.000017280741),(17 0.000017806653),(18 0.000017506483),(19 0.000017441844),(20 0.00001785486),(21 0.000017229635),(22 0.000017329074),(23 0.000017491628),(24 0.000017170649),(25 0.000017349352),(26 0.000016883734),(27 0.000017218546),(28 0.000017182378),(29 0.000016965161),(30 0.000017284072),(31 0.000016829867),(32 0.00001698799),(33 0.000016851003),(34 0.00001626228),(35 0.000017163002),(36 0.000017039472),(37 0.000017160824),(38 0.000016962947),(39 0.000017041548),(40 0.000016969567),(41 0.000016617629),(42 0.000016778311),(43 0.00001650241),(44 0.000016740056),(45 0.000016151744),(46 0.000016451357),(47 0.000016496908),(48 0.000016856613),(49 0.000016642809),(50 0.000017033411),(51 0.000016832493),(52 0.000017357701),(53 0.000016708565),(54 0.000016674629),(55 0.00001665937),(56 0.000017030494),(57 0.000016898199),(58 0.000016733995),(59 0.000016743166),(60 0.00001683848),(61 0.000016607066),(62 0.000016908616),(63 0.00001664923),(64 0.000017188495),(65 0.00001639853),(66 0.000016660015),(67 0.000016880835),(68 0.000016813685),(69 0.000017010218),(70 0.000016656088),(71 0.000016728378),(72 0.000016366776),(73 0.000016757082),(74 0.000016573129),(75 0.000016323984),(76 0.00001668477),(77 0.000016559157),(78 0.000016362566),(79 0.000016596661),
