(1 1238283.9),(2 4923663.5),(3 11017993),(4 19389830),(5 30048602),(6 43645276),(7 59135068),(8 76752120),(9 96645660),(10 118986660),(11 143294430),(12 169401630),(13 197588240),(14 228064320),(15 260564020),(16 295813800),(17 333681540),(18 373428830),(19 416515040),(20 461358620),(21 508219100),(22 556562500),(23 607257660),(24 658153660),(25 709682800),(26 761094660),(27 812831040),(28 865523140),(29 918870460),(30 973924300),(31 1030565400),(32 1086216100),(33 1141862900),(34 1197825400),(35 1252315300),(36 1305271200),(37 1356964500),(38 1407132200),(39 1452824700),(40 1496875000),(41 1539405800),(42 1579437400),(43 1616688100),(44 1651466600),(45 1685346300),(46 1719736300),(47 1753391100),(48 1785058700),(49 1815449700),(50 1842800300),(51 1867077600),(52 1888407400),(53 1906387300),(54 1922946000),(55 1937621400),(56 1951535200),(57 1966352800),(58 1982087200),(59 1999043000),(60 2015684200),(61 2031503700),(62 2046212100),(63 2061604400),(64 2078877200),(65 2097461900),(66 2114833500),(67 2131095700),(68 2147347800),(69 2162977000),(70 2179515600),(71 2197360400),(72 2214215700),(73 2232288500),(74 2251983600),(75 2274421500),(76 2297402400),(77 2320337200),(78 2341367600),(79 2361566200),
(1 1302155.8),(2 5067041),(3 11157243),(4 19189178),(5 29069350),(6 40801584),(7 53655636),(8 67664056),(9 82690370),(10 98964990),(11 116245810),(12 134240600),(13 152878560),(14 172778980),(15 193122690),(16 214073310),(17 235443040),(18 256631650),(19 277907900),(20 298726980),(21 319434500),(22 339924300),(23 360317120),(24 380463550),(25 400495780),(26 420328350),(27 440064060),(28 459295940),(29 478477250),(30 497098850),(31 514897000),(32 531271360),(33 546521800),(34 560786900),(35 573654700),(36 585002750),(37 595778300),(38 605712400),(39 614038500),(40 621483000),(41 627608450),(42 632645100),(43 636048600),(44 637145500),(45 636235840),(46 633658200),(47 629524900),(48 623328100),(49 615770300),(50 607198460),(51 597383360),(52 586664400),(53 575218100),(54 562604540),(55 549228200),(56 535547740),(57 521341540),(58 507170400),(59 493638200),(60 479574200),(61 465622370),(62 451635550),(63 438709920),(64 426623400),(65 415438850),(66 405075650),(67 395197470),(68 385982050),(69 376257200),(70 366474720),(71 356635070),(72 347237060),(73 339208700),(74 332317020),(75 326776540),(76 322287170),(77 318639070),(78 315485860),(79 312792580),
(1 1543916.9),(2 6034437.5),(3 13383191),(4 23173832),(5 35291090),(6 49239284),(7 64573230),(8 80796616),(9 97635360),(10 115222296),(11 133065290),(12 150746290),(13 168192380),(14 186084660),(15 203758610),(16 221185800),(17 238136080),(18 254265390),(19 269653020),(20 283934300),(21 296966430),(22 308712670),(23 319425950),(24 329054700),(25 337811870),(26 345676350),(27 352250020),(28 356744640),(29 359610270),(30 360912900),(31 360488030),(32 358623740),(33 355632830),(34 351437820),(35 346251460),(36 340050300),(37 333507040),(38 327069100),(39 320766600),(40 314861980),(41 308856960),(42 302961500),(43 297447800),(44 292107650),(45 286393570),(46 280521540),(47 274530460),(48 268051570),(49 261488820),(50 255183150),(51 249035970),(52 243137100),(53 237502830),(54 231675980),(55 225962290),(56 220649400),(57 215698180),(58 210902640),(59 206775470),(60 202643840),(61 198899440),(62 195444600),(63 192071540),(64 188339730),(65 184437550),(66 180497100),(67 176870770),(68 173588260),(69 170493330),(70 167712640),(71 165257540),(72 163145680),(73 161568530),(74 160485580),(75 160192430),(76 160931070),(77 162380880),(78 164691440),(79 167570530),
(1 1131217.6),(2 4447375.5),(3 9883326),(4 17068082),(5 25838090),(6 35630172),(7 46224850),(8 57166756),(9 68101040),(10 79043000),(11 89549240),(12 99422664),(13 108451670),(14 116739610),(15 123977130),(16 130033976),(17 134866350),(18 138384450),(19 140593490),(20 141563680),(21 141645170),(22 140704240),(23 138939550),(24 136382980),(25 133296020),(26 129810580),(27 125968800),(28 121625970),(29 117003530),(30 112356020),(31 107757660),(32 103477944),(33 99454300),(34 95537350),(35 92001820),(36 88833020),(37 86114660),(38 83842410),(39 82330330),(40 81566150),(41 81525920),(42 82123030),(43 83257460),(44 85033160),(45 87372700),(46 90000400),(47 92782060),(48 95746984),(49 98989496),(50 102483010),(51 106128740),(52 109764520),(53 113121960),(54 116520480),(55 119961000),(56 123556410),(57 127099540),(58 130630690),(59 134147130),(60 137697330),(61 140998400),(62 144110270),(63 146644080),(64 148421900),(65 149728960),(66 150399520),(67 150672560),(68 150241710),(69 149060670),(70 147090240),(71 144782270),(72 142115760),(73 139168590),(74 136092480),(75 133056640),(76 129932580),(77 126817540),(78 123744930),(79 120718960),
(1 878280.94),(2 3424062.5),(3 7585369.5),(4 13102572),(5 19834694),(6 27286412),(7 35198052),(8 43102610),(9 50630004),(10 57926412),(11 64646144),(12 70852856),(13 76542910),(14 81567590),(15 85666360),(16 88736540),(17 90688570),(18 91524590),(19 91316344),(20 90183670),(21 88442744),(22 86250250),(23 83546216),(24 80597130),(25 77365980),(26 74079140),(27 70976616),(28 68280136),(29 66099520),(30 64491480),(31 63405990),(32 62879812),(33 62739200),(34 62906972),(35 63224090),(36 63646468),(37 64149784),(38 64733236),(39 65496764),(40 66396940),(41 67411050),(42 68366664),(43 69099190),(44 69743560),(45 70246170),(46 70500536),(47 70494980),(48 70368770),(49 70150100),(50 69831140),(51 69628150),(52 69591460),(53 69575390),(54 69581280),(55 69740550),(56 70066760),(57 70381650),(58 70898770),(59 71596730),(60 72535690),(61 73673500),(62 75058490),(63 76432260),(64 77654584),(65 78725784),(66 79531000),(67 80260376),(68 80722800),(69 80711160),(70 80387064),(71 79874424),(72 79372280),(73 78781250),(74 77916110),(75 76902800),(76 75758104),(77 74743760),(78 73872110),(79 73176696),
(1 760590.9),(2 2936151.3),(3 6406034),(4 10838204),(5 16099062),(6 21960204),(7 28260986),(8 34662944),(9 40866304),(10 46955530),(11 52661576),(12 57866732),(13 62286744),(14 66027764),(15 68729870),(16 70267220),(17 70554320),(18 69940760),(19 68458980),(20 66332170),(21 63565268),(22 60275828),(23 56678100),(24 53146240),(25 49693144),(26 46367148),(27 43687390),(28 41820940),(29 40866596),(30 40708420),(31 41218564),(32 42292984),(33 43769932),(34 45596536),(35 47493184),(36 49315850),(37 51176150),(38 53029188),(39 54858790),(40 56727190),(41 58607816),(42 60290804),(43 61730944),(44 62923130),(45 64014132),(46 64792130),(47 65390280),(48 65654136),(49 65551060),(50 65049984),(51 64257410),(52 63343148),(53 62413292),(54 61451370),(55 60529868),(56 59739336),(57 58994580),(58 58486400),(59 58189304),(60 57995796),(61 57985036),(62 58114188),(63 58248136),(64 58507176),(65 58786420),(66 58803496),(67 58673000),(68 58423160),(69 57977292),(70 57683252),(71 57513332),(72 57314572),(73 57119500),(74 57077630),(75 57160376),(76 57316510),(77 57565696),(78 57981708),(79 58440330),
(1 730595.75),(2 2779327),(3 5960640.5),(4 9997125),(5 14721892),(6 19886770),(7 25327114),(8 30760040),(9 35953200),(10 40887284),(11 45247700),(12 49024640),(13 51928108),(14 54072970),(15 55417880),(16 55928270),(17 55765870),(18 55038840),(19 53973544),(20 52576452),(21 51013870),(22 49411304),(23 47801640),(24 46237560),(25 44630000),(26 43081876),(27 41664940),(28 40251880),(29 38909652),(30 37764416),(31 36809296),(32 36015332),(33 35439990),(34 35175484),(35 35286310),(36 35751696),(37 36586108),(38 37574524),(39 38780690),(40 40029236),(41 41242436),(42 42417052),(43 43395772),(44 44226964),(45 44978748),(46 45496320),(47 45718892),(48 45705316),(49 45454788),(50 44795464),(51 43850212),(52 42851348),(53 41998170),(54 41204170),(55 40557628),(56 40095250),(57 39840910),(58 39888270),(59 40270256),(60 40987780),(61 42118184),(62 43774084),(63 45772200),(64 48042010),(65 50521444),(66 52969172),(67 55427884),(68 57770364),(69 59942812),(70 61957356),(71 63847504),(72 65457480),(73 66500224),(74 66950890),(75 67051080),(76 66668092),(77 65722140),(78 64192316),(79 62300470),
(1 766547.94),(2 2876019.5),(3 6030884.5),(4 9821426),(5 13952949),(6 18018418),(7 21764534),(8 24931032),(9 27463822),(10 29389024),(11 30535154),(12 30873080),(13 30672926),(14 30247228),(15 29760702),(16 29550126),(17 29742844),(18 30331782),(19 31233266),(20 32435450),(21 33784696),(22 35177600),(23 36321000),(24 37219600),(25 37843556),(26 38037524),(27 37788892),(28 37135864),(29 36176370),(30 35039620),(31 33901104),(32 32931386),(33 32287594),(34 32011424),(35 32143086),(36 32551980),(37 33202466),(38 33836956),(39 34482070),(40 35196504),(41 36033904),(42 36910056),(43 37607376),(44 38035244),(45 38189356),(46 38137628),(47 37899300),(48 37433600),(49 36896932),(50 36254736),(51 35485160),(52 34681172),(53 33891376),(54 33222600),(55 32602404),(56 32158280),(57 32032714),(58 32263244),(59 32930546),(60 33898732),(61 34997216),(62 36216456),(63 37501120),(64 38863990),(65 40310484),(66 41609744),(67 42819932),(68 43913710),(69 44767996),(70 45294684),(71 45626788),(72 45630976),(73 45251396),(74 44685348),(75 44143040),(76 43434224),(77 42562292),(78 41571988),(79 40595510),
(1 820844.75),(2 3091380),(3 6520700.5),(4 10614597),(5 14973357),(6 19165648),(7 22808496),(8 25560948),(9 27387362),(10 28393690),(11 28548420),(12 28030938),(13 26966476),(14 25636812),(15 24249620),(16 23126404),(17 22331760),(18 21952382),(19 22116010),(20 22683486),(21 23532080),(22 24465876),(23 25308712),(24 26142452),(25 26919640),(26 27484812),(27 27822506),(28 27931932),(29 27874502),(30 27747402),(31 27655714),(32 27670000),(33 27894302),(34 28372974),(35 29083802),(36 29918992),(37 30871070),(38 31834014),(39 32723600),(40 33510166),(41 34229940),(42 34848820),(43 35333700),(44 35543748),(45 35619316),(46 35648176),(47 35622364),(48 35496508),(49 35300700),(50 35034390),(51 34637330),(52 34135932),(53 33536256),(54 32862994),(55 32249450),(56 31808366),(57 31587704),(58 31534192),(59 31622264),(60 31781602),(61 31913268),(62 31937254),(63 31689262),(64 31193776),(65 30422126),(66 29438808),(67 28367800),(68 27251128),(69 26168220),(70 25151444),(71 24308954),(72 23669880),(73 23242242),(74 23138120),(75 23440130),(76 24030734),(77 24746968),(78 25488310),(79 26206242),
(1 631141.75),(2 2333699),(3 4803325.5),(4 7652578.5),(5 10573542),(6 13228389),(7 15310188),(8 16651607),(9 17252328),(10 17228096),(11 16737886),(12 16029072),(13 15281991),(14 14620528),(15 14140642),(16 14055198),(17 14346500),(18 14974606),(19 15831844),(20 16753383),(21 17620850),(22 18253032),(23 18623814),(24 18819092),(25 18907748),(26 18890280),(27 18766856),(28 18626308),(29 18550116),(30 18654522),(31 18990946),(32 19535570),(33 20252956),(34 21112448),(35 21957552),(36 22717728),(37 23394344),(38 23912874),(39 24255410),(40 24396946),(41 24387258),(42 24172622),(43 23853694),(44 23403698),(45 22921092),(46 22501010),(47 22303204),(48 22343208),(49 22472618),(50 22553448),(51 22557584),(52 22503940),(53 22395374),(54 22227082),(55 22035140),(56 21850606),(57 21778046),(58 21917814),(59 22239372),(60 22644682),(61 23049508),(62 23418504),(63 23719584),(64 23811922),(65 23801448),(66 23716576),(67 23603826),(68 23513060),(69 23474492),(70 23473136),(71 23506322),(72 23540576),(73 23626572),(74 23747340),(75 23794120),(76 23735680),(77 23547890),(78 23202422),(79 22720968),
(1 656533.94),(2 2436458.8),(3 4995621),(4 7906721),(5 10767128),(6 13150185),(7 14777638),(8 15611977),(9 15690820),(10 15169080),(11 14287253),(12 13344946),(13 12527522),(14 11998852),(15 11928023),(16 12359863),(17 13213982),(18 14491876),(19 15920934),(20 17201802),(21 18069000),(22 18473766),(23 18453900),(24 18089814),(25 17532148),(26 16962396),(27 16469067),(28 16233897),(29 16256053),(30 16504883),(31 16920940),(32 17380348),(33 17780846),(34 17999500),(35 17982896),(36 17775480),(37 17373486),(38 16742568),(39 16025920),(40 15306568),(41 14717944),(42 14302424),(43 14145047),(44 14146729),(45 14302500),(46 14543373),(47 14765594),(48 14890629),(49 14871531),(50 14652031),(51 14257383),(52 13825993),(53 13511925),(54 13380957),(55 13432159),(56 13680442),(57 14108750),(58 14683679),(59 15424444),(60 16196168),(61 16916788),(62 17457836),(63 17748256),(64 17800848),(65 17672396),(66 17326558),(67 16761508),(68 16102620),(69 15484835),(70 15025967),(71 14759691),(72 14550193),(73 14350176),(74 14135526),(75 14030770),(76 14079221),(77 14270330),(78 14635830),(79 15127889),
(1 616758.6),(2 2222451.3),(3 4440037),(4 6906818),(5 9265231),(6 11206607),(7 12523481),(8 13120568),(9 13151928),(10 12788902),(11 12143510),(12 11418795),(13 10881330),(14 10609417),(15 10630944),(16 10906554),(17 11371280),(18 11930699),(19 12512369),(20 13013408),(21 13249281),(22 13197674),(23 12981050),(24 12676786),(25 12319891),(26 11966208),(27 11682386),(28 11533859),(29 11501071),(30 11505530),(31 11453907),(32 11298245),(33 11072690),(34 10854314),(35 10714790),(36 10695474),(37 10738815),(38 10806777),(39 10925231),(40 11104602),(41 11414268),(42 11824796),(43 12269824),(44 12667832),(45 12997587),(46 13159263),(47 13098099),(48 12882518),(49 12641160),(50 12425550),(51 12291296),(52 12315968),(53 12460199),(54 12728410),(55 13194482),(56 13746980),(57 14272442),(58 14649457),(59 14825761),(60 14788338),(61 14515418),(62 14014227),(63 13354054),(64 12699851),(65 12125843),(66 11661206),(67 11378746),(68 11317445),(69 11505718),(70 11908082),(71 12487716),(72 13145322),(73 13780022),(74 14315633),(75 14762687),(76 14918566),(77 14717201),(78 14187923),(79 13461272),
(1 456288.1),(2 1613645.1),(3 3132887),(4 4703034.5),(5 6059100),(6 7018398.5),(7 7516106),(8 7571051.5),(9 7284292.5),(10 6831353.5),(11 6390786),(12 6106854.5),(13 6059704.5),(14 6293589.5),(15 6810360),(16 7481062.5),(17 8134532.5),(18 8633861),(19 8977978),(20 9202584),(21 9302257),(22 9224379),(23 9055828),(24 8851489),(25 8713113),(26 8679571),(27 8750832),(28 8916945),(29 9149743),(30 9355060),(31 9510612),(32 9558615),(33 9551037),(34 9569365),(35 9646474),(36 9705563),(37 9723137),(38 9624845),(39 9415379),(40 9103100),(41 8754823),(42 8499289),(43 8295196.5),(44 8183897.5),(45 8226295.5),(46 8369702.5),(47 8508661),(48 8601069),(49 8636214),(50 8680355),(51 8775913),(52 8930873),(53 9095705),(54 9294567),(55 9536049),(56 9726199),(57 9822878),(58 9761429),(59 9585870),(60 9372124),(61 9218856),(62 9158793),(63 9223947),(64 9430586),(65 9761333),(66 10143944),(67 10519207),(68 10810713),(69 11075207),(70 11261609),(71 11395963),(72 11503821),(73 11544992),(74 11505371),(75 11363104),(76 11105904),(77 10681986),(78 10154771),(79 9645011),
(1 401912.25),(2 1388433),(3 2649941.8),(4 3937426.5),(5 5035673),(6 5794499),(7 6148768),(8 6164112.5),(9 5965143),(10 5672476),(11 5496107),(12 5531809.5),(13 5829885),(14 6440779),(15 7250846.5),(16 8101600),(17 8829513),(18 9303261),(19 9450848),(20 9348006),(21 9112990),(22 8848145),(23 8653383),(24 8557266),(25 8612680),(26 8772127),(27 8963598),(28 9108399),(29 9128314),(30 8983144),(31 8736816),(32 8452936),(33 8218560),(34 8029795),(35 7902741),(36 7824396),(37 7788096.5),(38 7736628.5),(39 7679999.5),(40 7633895.5),(41 7581335),(42 7489659.5),(43 7350996),(44 7271645),(45 7242932.5),(46 7258137.5),(47 7343779),(48 7434992.5),(49 7526849.5),(50 7583453),(51 7640697),(52 7703305.5),(53 7818186),(54 7917175),(55 7998360.5),(56 8056240),(57 8038759.5),(58 7930827),(59 7751288.5),(60 7570949),(61 7440413.5),(62 7370337.5),(63 7450785.5),(64 7641687.5),(65 7875472.5),(66 8017536),(67 8086226.5),(68 8097455.5),(69 8079595.5),(70 8029166),(71 7930895.5),(72 7823119.5),(73 7801529.5),(74 7808266),(75 7833485.5),(76 7840234),(77 7864369.5),(78 7903881.5),(79 7936064),
(1 424227.84),(2 1466343),(3 2790388.8),(4 4087953.3),(5 5153505),(6 5889949),(7 6275154.5),(8 6351124),(9 6247378),(10 6005980),(11 5746798.5),(12 5581737),(13 5531013),(14 5616505),(15 5804273.5),(16 6025745.5),(17 6195680),(18 6233924.5),(19 6092692.5),(20 5886513.5),(21 5700747.5),(22 5563396),(23 5476308.5),(24 5480461.5),(25 5616626),(26 5862167.5),(27 6135281.5),(28 6400123),(29 6617013),(30 6767579),(31 6886048),(32 6928183),(33 6915200),(34 6806829.5),(35 6616087.5),(36 6404519.5),(37 6224601),(38 6114191.5),(39 6074798),(40 6109245),(41 6169969.5),(42 6200091),(43 6205977.5),(44 6249124),(45 6281831),(46 6294148.5),(47 6319136.5),(48 6376606),(49 6488388),(50 6660822.5),(51 6827158),(52 6939197.5),(53 6951079.5),(54 6959832.5),(55 6971910.5),(56 6955497.5),(57 6907984.5),(58 6899380.5),(59 6943408),(60 7002108),(61 7093153.5),(62 7197082),(63 7319112.5),(64 7414843.5),(65 7448699),(66 7355598.5),(67 7161705),(68 6961682.5),(69 6837044),(70 6806117),(71 6821671.5),(72 6878747),(73 7038583.5),(74 7279897.5),(75 7516789),(76 7701196),(77 7833881.5),(78 7863870),(79 7750482),
(1 443788.2),(2 1536005.6),(3 2874095.8),(4 4075157.8),(5 4925758),(6 5301614),(7 5264648.5),(8 5046234.5),(9 4860385.5),(10 4889371.5),(11 5179321.5),(12 5563590),(13 5920838.5),(14 6162917.5),(15 6203183.5),(16 6096794.5),(17 5876661.5),(18 5602863.5),(19 5371012.5),(20 5246783.5),(21 5197580),(22 5189593.5),(23 5229373.5),(24 5279767),(25 5298311),(26 5317248),(27 5312004.5),(28 5294296.5),(29 5311938.5),(30 5377049),(31 5480577),(32 5600179),(33 5696164.5),(34 5735167.5),(35 5678340),(36 5527889),(37 5381866.5),(38 5331326),(39 5364331.5),(40 5471120.5),(41 5604934),(42 5702374),(43 5734218.5),(44 5726427.5),(45 5684622),(46 5639578),(47 5652914),(48 5736131.5),(49 5788143.5),(50 5772430),(51 5676530.5),(52 5596838.5),(53 5561840),(54 5659279),(55 5925423.5),(56 6249225.5),(57 6524636.5),(58 6716342),(59 6793677),(60 6784579.5),(61 6690004),(62 6543129),(63 6372875.5),(64 6192654),(65 6046548),(66 6000527),(67 6070528.5),(68 6187301.5),(69 6292560),(70 6410812.5),(71 6563213),(72 6728448),(73 6872228.5),(74 6959167.5),(75 6983309),(76 6934971.5),(77 6884685),(78 6845408),(79 6838401),
(1 399650.94),(2 1381586.6),(3 2589513),(4 3641544.3),(5 4266285.5),(6 4416598.5),(7 4222244.5),(8 3913706.8),(9 3682447),(10 3655211.3),(11 3863633),(12 4173578.3),(13 4442992.5),(14 4634863.5),(15 4741026),(16 4809879),(17 4892098.5),(18 4980392),(19 5058709),(20 5070271.5),(21 5029054),(22 4967592),(23 4876072.5),(24 4810827.5),(25 4854521.5),(26 5008833),(27 5159014.5),(28 5253841),(29 5257031.5),(30 5153615),(31 4967640.5),(32 4754996.5),(33 4591052.5),(34 4512846.5),(35 4516898),(36 4494602.5),(37 4455452.5),(38 4449419),(39 4497178),(40 4573244.5),(41 4629224.5),(42 4713018),(43 4835735.5),(44 4989074),(45 5143343),(46 5218043.5),(47 5168751),(48 5061541),(49 4920533.5),(50 4771213),(51 4656209),(52 4670557.5),(53 4820987.5),(54 5109416.5),(55 5445555.5),(56 5732128),(57 5951390.5),(58 6053321),(59 6005033.5),(60 5890748.5),(61 5778868.5),(62 5701528),(63 5689016),(64 5700979),(65 5694226),(66 5661248.5),(67 5613574.5),(68 5490735),(69 5317825.5),(70 5174204.5),(71 5113998),(72 5110889.5),(73 5138008),(74 5145441.5),(75 5115046.5),(76 5033181),(77 4917482),(78 4826707.5),(79 4791874.5),
(1 347386.56),(2 1171659.3),(3 2115503.3),(4 2842244.5),(5 3197879.3),(6 3193994.3),(7 2999966),(8 2805349.5),(9 2757037.5),(10 2876952),(11 3132365),(12 3403862.3),(13 3623715.3),(14 3765145.3),(15 3845447.3),(16 3901187.8),(17 3969547.8),(18 4044289),(19 4125363.5),(20 4138348.5),(21 4087187),(22 3995373.3),(23 3932914.3),(24 3907956.8),(25 3937520),(26 4048419.5),(27 4236513),(28 4460663.5),(29 4644906),(30 4768185.5),(31 4825790.5),(32 4815113.5),(33 4744793.5),(34 4692256.5),(35 4690272),(36 4722282),(37 4765169.5),(38 4804801),(39 4806194.5),(40 4769882),(41 4775968.5),(42 4831349.5),(43 4903188),(44 4943963.5),(45 4925964.5),(46 4856096.5),(47 4756858),(48 4696851.5),(49 4734055.5),(50 4825228),(51 4928220),(52 5018443.5),(53 5064580),(54 5058403),(55 5004021.5),(56 4923030.5),(57 4867303),(58 4818035.5),(59 4804330),(60 4818873.5),(61 4811578),(62 4771605.5),(63 4737086),(64 4722899),(65 4736830),(66 4751589),(67 4753911),(68 4776560.5),(69 4815271),(70 4855415.5),(71 4888123),(72 4929393.5),(73 4969516.5),(74 4930851),(75 4807671.5),(76 4642414),(77 4502345.5),(78 4459681.5),(79 4506917.5),
(1 386423.4),(2 1265094.3),(3 2210556),(4 2859969.8),(5 3065286),(6 2877994.3),(7 2579519.8),(8 2404246.3),(9 2487825),(10 2789794.8),(11 3195620),(12 3552260.8),(13 3760732),(14 3850200.3),(15 3873421.5),(16 3869586.8),(17 3869816.8),(18 3911694),(19 4005022.5),(20 4107840.5),(21 4238547.5),(22 4341289),(23 4345791),(24 4260179.5),(25 4047528.8),(26 3763065.3),(27 3537145.3),(28 3431091.3),(29 3378751.8),(30 3333690.8),(31 3316406.3),(32 3349752),(33 3387982.5),(34 3424560.8),(35 3427091),(36 3447290.8),(37 3476029.5),(38 3502394.8),(39 3553118),(40 3601232.5),(41 3648876),(42 3716556),(43 3771627.5),(44 3795868.5),(45 3776747.8),(46 3733470.5),(47 3703581),(48 3726927),(49 3825448.8),(50 3957155.3),(51 4035109.8),(52 4035199),(53 3994956),(54 3919940.3),(55 3895291.8),(56 3955536.5),(57 4095485),(58 4193668.3),(59 4233369),(60 4226108),(61 4185413.3),(62 4130758.3),(63 4106528),(64 4150546),(65 4254465),(66 4369150),(67 4430935.5),(68 4426992.5),(69 4381583),(70 4340813.5),(71 4297795.5),(72 4263559),(73 4257298.5),(74 4273347),(75 4286654.5),(76 4286508.5),(77 4282911.5),(78 4317730),(79 4421876.5),
(1 444680.63),(2 1457985.5),(3 2509611.5),(4 3118326),(5 3173075.3),(6 2837148.8),(7 2435597.5),(8 2249642.3),(9 2350205.5),(10 2653480),(11 2974295.8),(12 3155507),(13 3175480),(14 3126016),(15 3074698.5),(16 3052641.5),(17 2985685.3),(18 2873334),(19 2781809),(20 2760614),(21 2884019),(22 3142144.5),(23 3395183.3),(24 3512824),(25 3481413),(26 3305750.8),(27 3113110),(28 2989085.5),(29 2948105),(30 2994061),(31 3117817.5),(32 3271529.5),(33 3380295),(34 3371873),(35 3280586),(36 3165961),(37 3028290.5),(38 2907615.8),(39 2819676.5),(40 2761512),(41 2755851),(42 2802663),(43 2904207),(44 3058562.5),(45 3195940.5),(46 3308855),(47 3357941.5),(48 3320337),(49 3249346.5),(50 3195352.5),(51 3200120),(52 3277457.5),(53 3364967.5),(54 3441806),(55 3477873),(56 3507153.5),(57 3544147.8),(58 3584717),(59 3603196),(60 3602264.8),(61 3624688.5),(62 3664425.5),(63 3766611.3),(64 3899362.3),(65 4039195.5),(66 4130262.5),(67 4135321.5),(68 4047652),(69 3953529.5),(70 3913935),(71 3883575),(72 3816747.3),(73 3792197.3),(74 3837283.5),(75 3912109.5),(76 3981421),(77 4030924.8),(78 4098980.5),(79 4151315.8),
(1 432970.44),(2 1406417.9),(3 2397794.3),(4 2967089.3),(5 3015028.3),(6 2725600.5),(7 2447750.8),(8 2388120),(9 2532309),(10 2740811),(11 2886321),(12 2924826.3),(13 2877445.5),(14 2829205.5),(15 2827280.5),(16 2843943.3),(17 2811988),(18 2682169.5),(19 2511507.5),(20 2436993.8),(21 2547367.8),(22 2828164.3),(23 3141125.5),(24 3257109.3),(25 3124278.5),(26 2794320.5),(27 2463339.3),(28 2276120.5),(29 2301593.5),(30 2496968.8),(31 2735435.5),(32 2884742),(33 2887889.5),(34 2757420.5),(35 2627231.8),(36 2589257.5),(37 2665164.3),(38 2815613.8),(39 2955156),(40 3004700.5),(41 2951537.5),(42 2844238.5),(43 2735146.3),(44 2714155.3),(45 2785773.3),(46 2884994.3),(47 2981393.8),(48 3041740.5),(49 3089749),(50 3125075),(51 3153802),(52 3227551.3),(53 3274181),(54 3314510.8),(55 3319689.8),(56 3271486.3),(57 3241613),(58 3218004),(59 3188666.5),(60 3170637.3),(61 3174914.5),(62 3201230.5),(63 3233842.5),(64 3255639.3),(65 3259600.8),(66 3244289.3),(67 3195936.5),(68 3127651.8),(69 3108026.3),(70 3179330),(71 3293431.8),(72 3412364.3),(73 3516454),(74 3625260),(75 3732550.5),(76 3792719.5),(77 3739799.3),(78 3559851),(79 3333071.3),
(1 336058.4),(2 1069826),(3 1794235.9),(4 2198580.5),(5 2224451.8),(6 2046611),(7 1907066.1),(8 1976644.1),(9 2186047.5),(10 2369517.8),(11 2427443.8),(12 2357102.3),(13 2216577.3),(14 2132736.8),(15 2180342.5),(16 2316874.3),(17 2407534.5),(18 2390238.8),(19 2292792.8),(20 2257284),(21 2349217.8),(22 2550459.5),(23 2719726.3),(24 2744018),(25 2610101.5),(26 2382836.5),(27 2221826),(28 2230411),(29 2414382),(30 2636156.5),(31 2745345.3),(32 2684281.3),(33 2507380),(34 2328337),(35 2251057.3),(36 2287814.3),(37 2377841),(38 2470560.3),(39 2540177.8),(40 2530742.5),(41 2448508.8),(42 2326478.8),(43 2229343),(44 2181960.3),(45 2207460.3),(46 2282472.3),(47 2385982),(48 2491470.3),(49 2560649.3),(50 2626310),(51 2704796.3),(52 2775404.3),(53 2832701.3),(54 2841255.5),(55 2800370),(56 2729834.3),(57 2702078.8),(58 2733226.5),(59 2804136),(60 2912371.3),(61 3046267.5),(62 3197800.8),(63 3310275),(64 3349417.3),(65 3283723.3),(66 3174360.3),(67 3087712.5),(68 3060799.3),(69 3078464),(70 3081112),(71 3089569.3),(72 3088528.3),(73 3032110.8),(74 2976422.5),(75 2937054.8),(76 2889546),(77 2840363),(78 2810185.5),(79 2799848.8),
(1 261554.19),(2 805999.25),(3 1297151),(4 1537640),(5 1530777.6),(6 1406892.9),(7 1285148.8),(8 1256574.5),(9 1321560.5),(10 1408878),(11 1472117.8),(12 1509077.5),(13 1487817.1),(14 1477564.9),(15 1509036),(16 1569046.8),(17 1602483.1),(18 1602032.9),(19 1604495.5),(20 1644164),(21 1736599),(22 1879003.5),(23 2044871.4),(24 2133169.8),(25 2118934),(26 2058597.5),(27 2024656.3),(28 2058213.4),(29 2131867.5),(30 2188845),(31 2172755.3),(32 2098040.8),(33 2021841.8),(34 2001913.1),(35 2076135.4),(36 2238666.5),(37 2399897.8),(38 2472930.5),(39 2412612.3),(40 2279227.8),(41 2134025.3),(42 2013777.1),(43 1943261.5),(44 1934717.5),(45 1988934),(46 2083781.8),(47 2217029),(48 2358951),(49 2453947),(50 2482678),(51 2461906.3),(52 2433623.8),(53 2388250.5),(54 2306376.8),(55 2226575.3),(56 2176513.5),(57 2172247.8),(58 2220445.3),(59 2272912.3),(60 2279964.8),(61 2231095.5),(62 2177491),(63 2152751.8),(64 2177975.3),(65 2256211),(66 2379689.3),(67 2487375.3),(68 2553952),(69 2558713.3),(70 2475985),(71 2355941),(72 2260612),(73 2242296),(74 2260050),(75 2308990.3),(76 2389879),(77 2479380.3),(78 2574773.5),(79 2630960),
(1 260780.34),(2 795268.44),(3 1253581.4),(4 1452919.1),(5 1398958.1),(6 1265163.5),(7 1187537.3),(8 1192696.9),(9 1254232.3),(10 1303008.1),(11 1313344.4),(12 1321852.8),(13 1348190.4),(14 1395935),(15 1465249.3),(16 1509479.9),(17 1510991.9),(18 1473057.9),(19 1425655.1),(20 1386188.1),(21 1375255.6),(22 1398554.6),(23 1452589.1),(24 1501865.9),(25 1538580.1),(26 1555100.1),(27 1580755.1),(28 1640225.9),(29 1706549.4),(30 1738605.4),(31 1719272.9),(32 1664871.5),(33 1593495.1),(34 1538304.5),(35 1538389.3),(36 1594869.8),(37 1681363),(38 1772919.1),(39 1802554),(40 1775571),(41 1722998.5),(42 1698102.1),(43 1721726.4),(44 1766984.8),(45 1805021.6),(46 1805941.3),(47 1782215.9),(48 1761611.8),(49 1719713.9),(50 1662735.5),(51 1618121.9),(52 1620843.5),(53 1674674.4),(54 1735771),(55 1790424.4),(56 1840995.8),(57 1877950.8),(58 1865376.9),(59 1802841.9),(60 1740962.3),(61 1720002.8),(62 1751608),(63 1832247.9),(64 1934460.9),(65 2002823.5),(66 1991369.1),(67 1908831.6),(68 1832190.1),(69 1830660.3),(70 1883379.8),(71 1962094.4),(72 2031265.9),(73 2083896.8),(74 2121602.5),(75 2150691.3),(76 2165740.5),(77 2145312.8),(78 2120193.3),(79 2109952),
(1 263864.22),(2 807040.7),(3 1255528.6),(4 1408997.1),(5 1331591.1),(6 1201167),(7 1150609.8),(8 1200669.3),(9 1268947.4),(10 1266298.8),(11 1214326.4),(12 1184107.4),(13 1213805),(14 1270931.9),(15 1299013.1),(16 1283791.1),(17 1235889.1),(18 1189221.9),(19 1156367.5),(20 1143046),(21 1149387.9),(22 1179962.8),(23 1235420.8),(24 1296321.1),(25 1356050.1),(26 1439128.3),(27 1523007.1),(28 1584313.6),(29 1584549.5),(30 1544585.8),(31 1491159.3),(32 1453471.4),(33 1454194.1),(34 1477012),(35 1501622.8),(36 1527334.4),(37 1573790.8),(38 1624534.4),(39 1644188.3),(40 1610149.4),(41 1538618.3),(42 1488222.4),(43 1494359.1),(44 1535004.6),(45 1582178.1),(46 1583571.3),(47 1540185.1),(48 1481906),(49 1458283.5),(50 1474752.6),(51 1500280.9),(52 1548086),(53 1615099.4),(54 1659983.6),(55 1660791.1),(56 1628970),(57 1602434.3),(58 1597827.5),(59 1598971.4),(60 1615142.6),(61 1643923.9),(62 1698156.3),(63 1773578.6),(64 1844620.1),(65 1885036.8),(66 1858170.1),(67 1796063.3),(68 1751197.9),(69 1766832.4),(70 1829740.1),(71 1882355.5),(72 1868193.1),(73 1829545.6),(74 1833217.8),(75 1891872.1),(76 1954134.4),(77 2017629.9),(78 2059567.3),(79 2067253),
(1 269938.44),(2 814182.5),(3 1255524.9),(4 1389734.8),(5 1303615.3),(6 1183535.3),(7 1155698.9),(8 1197243.5),(9 1240963.3),(10 1236655.1),(11 1190201.9),(12 1146952.6),(13 1133621.4),(14 1144787.1),(15 1160010),(16 1187786.6),(17 1215334.3),(18 1241183.3),(19 1243473.9),(20 1207253.6),(21 1151739.8),(22 1104160.4),(23 1106841.6),(24 1151234.9),(25 1189327.5),(26 1211401.3),(27 1208445.1),(28 1171756.9),(29 1128794.6),(30 1109127.5),(31 1141651.9),(32 1211954.4),(33 1297479.1),(34 1346725.1),(35 1345593.4),(36 1317237.6),(37 1305641.3),(38 1310413),(39 1310087.1),(40 1291501.4),(41 1295443.5),(42 1308112.1),(43 1313238.6),(44 1289579.1),(45 1266135.1),(46 1258792.1),(47 1258796.1),(48 1314948.1),(49 1398377.4),(50 1476143.3),(51 1512281.4),(52 1506603.9),(53 1494445.4),(54 1495030.4),(55 1476504.5),(56 1452919.6),(57 1438153.3),(58 1446819.9),(59 1491263.6),(60 1549274.3),(61 1597880.5),(62 1618797),(63 1616438.8),(64 1620381.1),(65 1633358.3),(66 1655839.1),(67 1699885.9),(68 1762384.5),(69 1792173.1),(70 1781513.3),(71 1728920),(72 1680201.4),(73 1650217.4),(74 1660942.6),(75 1712061.5),(76 1749386),(77 1728646.4),(78 1686905.6),(79 1642942.6),
(1 247582.33),(2 727713),(3 1083039.3),(4 1157941.4),(5 1029644.5),(6 884641.5),(7 845279.06),(8 913904.5),(9 1008734.2),(10 1089653.6),(11 1131109.1),(12 1137599.8),(13 1114070.9),(14 1084204.4),(15 1079323.6),(16 1110943.9),(17 1171690.6),(18 1235011.3),(19 1275314.1),(20 1245003.8),(21 1134229.5),(22 1021424.1),(23 996498.56),(24 1028705.6),(25 1076752.9),(26 1108582.8),(27 1103488.8),(28 1081670.5),(29 1065145),(30 1067325.3),(31 1103967.3),(32 1157470.1),(33 1185210.8),(34 1195080.3),(35 1183475),(36 1158807.4),(37 1152007.9),(38 1158965.4),(39 1161156.6),(40 1153819.4),(41 1162161.3),(42 1191565.6),(43 1196718.5),(44 1176618.9),(45 1170370.5),(46 1183896.9),(47 1203889.1),(48 1235593.6),(49 1253147.3),(50 1241377),(51 1218497.5),(52 1211598.5),(53 1229903.8),(54 1289606.1),(55 1354197.9),(56 1392609.3),(57 1401417.6),(58 1382485.4),(59 1350803),(60 1348950.9),(61 1369038.3),(62 1387003),(63 1396612),(64 1419608.8),(65 1450151),(66 1491096),(67 1520634.6),(68 1528718.1),(69 1516674.5),(70 1469201.9),(71 1426510.3),(72 1418913.3),(73 1421847.8),(74 1432667.3),(75 1459337.6),(76 1477355.5),(77 1463736),(78 1443121.3),(79 1448693),
(1 212882.31),(2 611261.3),(3 881811.56),(4 897322.7),(5 786028.44),(6 730990.2),(7 784663.2),(8 894597.1),(9 973618.06),(10 985451.6),(11 964084.8),(12 947812.44),(13 952273.7),(14 972284.7),(15 992473.75),(16 1007369.25),(17 1012699.1),(18 1011074.75),(19 1028261.75),(20 1062497.3),(21 1073805.4),(22 1075378.4),(23 1104626.3),(24 1128355),(25 1141998.8),(26 1139325.9),(27 1118763),(28 1084434.6),(29 1047318.75),(30 1007381.44),(31 981682.3),(32 969630.75),(33 966322.1),(34 994823.75),(35 1029471),(36 1033841.44),(37 1025484.4),(38 1020855.44),(39 1024901.3),(40 1040433.94),(41 1058733.4),(42 1092975.9),(43 1120050.9),(44 1148088.8),(45 1177630.8),(46 1184382.8),(47 1144875.8),(48 1090917.8),(49 1051875.8),(50 1026468.06),(51 1029746.1),(52 1063675.5),(53 1121569.1),(54 1168043.9),(55 1186482.3),(56 1184057.4),(57 1160852.5),(58 1127506.4),(59 1112559.1),(60 1145890),(61 1191946.9),(62 1203235),(63 1194584.5),(64 1196620.6),(65 1221279.3),(66 1269484.3),(67 1297796.6),(68 1293554.5),(69 1301175.3),(70 1313391.9),(71 1316184),(72 1326657.3),(73 1358589.4),(74 1417601.1),(75 1469453.3),(76 1480287.6),(77 1464504.1),(78 1440289.6),(79 1424529.8),
(1 205688.98),(2 569090.25),(3 794320.94),(4 784762.9),(5 684289.44),(6 650202.3),(7 717796.6),(8 816655.7),(9 878329.56),(10 872236.7),(11 842589.94),(12 834872),(13 882514.7),(14 940139),(15 952990.7),(16 926320.5),(17 893827.44),(18 873017.25),(19 882222.75),(20 920485.3),(21 965562.8),(22 985553.6),(23 990528.2),(24 977661.5),(25 949061.6),(26 934249.56),(27 931651.5),(28 940259.94),(29 957857.25),(30 980787.6),(31 968358.2),(32 952040.56),(33 968985.94),(34 1025971.6),(35 1090539.9),(36 1093654.3),(37 1045598.06),(38 1004947.4),(39 1003532.3),(40 1032587.5),(41 1059324.9),(42 1075725.5),(43 1080431.1),(44 1081087.3),(45 1077166),(46 1077825.1),(47 1081376.9),(48 1084957.1),(49 1072448.6),(50 1060111.5),(51 1043634.4),(52 1033463.8),(53 1037123),(54 1032297.9),(55 1025640.8),(56 1042286.9),(57 1066715.4),(58 1077517.6),(59 1062252.4),(60 1032437.1),(61 1005995.75),(62 1005837.2),(63 1051781.1),(64 1103752.8),(65 1120569.1),(66 1098657.6),(67 1081437),(68 1092458.1),(69 1120919.3),(70 1149882.4),(71 1158636.5),(72 1154367.3),(73 1166195.9),(74 1194035.9),(75 1205646.6),(76 1193732.9),(77 1165173.4),(78 1153343.6),(79 1157047.1),
(1 203177.17),(2 564811.2),(3 785995.7),(4 778119.2),(5 691336.5),(6 678238.8),(7 738653.56),(8 788857),(9 784236.7),(10 746192.8),(11 716960),(12 731468.5),(13 785267.94),(14 830435.5),(15 845371.2),(16 831899.8),(17 805585.25),(18 779307.8),(19 776647.3),(20 818810.2),(21 870612.2),(22 897414.25),(23 898024.06),(24 904709.7),(25 906669.5),(26 910582.2),(27 911182.8),(28 933142.56),(29 961567.75),(30 984331.2),(31 994927.3),(32 996362.75),(33 998726.75),(34 1016322.8),(35 1039043.75),(36 1029431.94),(37 974817.56),(38 926946.2),(39 921010.25),(40 950936.8),(41 994185.75),(42 1025656.3),(43 1043592),(44 1061508.6),(45 1095868.9),(46 1124399.3),(47 1125039),(48 1122953.1),(49 1105188),(50 1073862.4),(51 1043373.56),(52 1034744.56),(53 1067523.9),(54 1127048.5),(55 1137983.6),(56 1097642.1),(57 1045938.8),(58 1018793.2),(59 1031514.3),(60 1066308.8),(61 1100543.6),(62 1107456.1),(63 1097961.5),(64 1072933.8),(65 1050876.6),(66 1045544.94),(67 1065522.9),(68 1109266),(69 1121681.9),(70 1104625.5),(71 1085607.1),(72 1103376.9),(73 1180160.5),(74 1238228.1),(75 1244792.9),(76 1217783.8),(77 1169810.4),(78 1141660.6),(79 1154889),
(1 187556.53),(2 509230.34),(3 675877.3),(4 640532),(5 557609.75),(6 541249.7),(7 594843.7),(8 647356.3),(9 667080.3),(10 669862.1),(11 680491.1),(12 706913.3),(13 724184.6),(14 713593.2),(15 688634.6),(16 678310.9),(17 687958.2),(18 685341.9),(19 680812.1),(20 695086.25),(21 714570.06),(22 700925.9),(23 675989.44),(24 686311.56),(25 716369.5),(26 730201.8),(27 702414.06),(28 675644.9),(29 671207.94),(30 698963),(31 739049.44),(32 790670.25),(33 818751.75),(34 802153.56),(35 779238.9),(36 786365.56),(37 803455),(38 809736.5),(39 806252.25),(40 819286.6),(41 852778.7),(42 875994.94),(43 885700.06),(44 877906.9),(45 876362.94),(46 888738.06),(47 898572.9),(48 918281.9),(49 962067.6),(50 982243.2),(51 969465),(52 944940.75),(53 927787.56),(54 942421.7),(55 953438.25),(56 939046.94),(57 913693.5),(58 908418.06),(59 929297.7),(60 963358.1),(61 994214.44),(62 991465.56),(63 966842.56),(64 942453.2),(65 941399.6),(66 966805.94),(67 990983.56),(68 975130.56),(69 943262.94),(70 933137.9),(71 953264.4),(72 975732.7),(73 988591.25),(74 978941.7),(75 946413.06),(76 926168.4),(77 938962.5),(78 976892),(79 1011370.8),
(1 196315.05),(2 523128.03),(3 665470.75),(4 593281.1),(5 496607.34),(6 491929.88),(7 544381.56),(8 586860.4),(9 593289.6),(10 595709.6),(11 596159.25),(12 596978.1),(13 610007.56),(14 626988.2),(15 633522.5),(16 628977.1),(17 629357.2),(18 638226.9),(19 649648.25),(20 667563.44),(21 682125.44),(22 670624.3),(23 664432.2),(24 683567.75),(25 722966.44),(26 752388.56),(27 752666.5),(28 725993.8),(29 710925.8),(30 727416.25),(31 755613.25),(32 766495.3),(33 770857.9),(34 779757.25),(35 792649),(36 803099.4),(37 781743.44),(38 750988.94),(39 744603.75),(40 767331.7),(41 807419.94),(42 829589.5),(43 840065.75),(44 851419.4),(45 851810.1),(46 836554.7),(47 841974.25),(48 869533.2),(49 903465.6),(50 914204.94),(51 890610.56),(52 880831.7),(53 893189.75),(54 892918.44),(55 878127.06),(56 856078.44),(57 854268.4),(58 883121.5),(59 921277.75),(60 937688.6),(61 928720.9),(62 926659.44),(63 948192.94),(64 949470.1),(65 916536.5),(66 883884.2),(67 864500.94),(68 867153.1),(69 876899.06),(70 877740.2),(71 867129.25),(72 851171.06),(73 835127.3),(74 838660.06),(75 862316.2),(76 880578.2),(77 876450.56),(78 860210.25),(79 850561.6),
(1 189599.38),(2 481759.28),(3 587499),(4 499338.3),(5 435775.34),(6 488489.47),(7 557067.6),(8 556811.9),(9 522008.88),(10 521397.53),(11 554177.5),(12 568457.75),(13 563117.94),(14 558136.2),(15 552334.06),(16 536493),(17 533994.4),(18 573888.94),(19 617758.3),(20 628155.5),(21 611272.94),(22 595696.6),(23 609378.75),(24 628081.2),(25 615271),(26 615160.1),(27 647658.3),(28 670872.2),(29 656080.3),(30 634545.2),(31 658021),(32 715274.75),(33 738799.94),(34 715862.1),(35 683973.25),(36 679679.56),(37 698373.4),(38 713583.06),(39 716849),(40 714684.06),(41 710358.3),(42 708789.75),(43 719395.5),(44 739308.3),(45 756326.2),(46 751784),(47 731026.3),(48 719033.44),(49 714668.1),(50 711866.06),(51 713907.9),(52 725706.25),(53 753463.25),(54 779072.4),(55 784239.9),(56 777182.06),(57 763231.25),(58 763068.6),(59 778710.6),(60 795490.2),(61 806628.56),(62 786676.06),(63 748036.6),(64 722310.56),(65 728500),(66 738999),(67 746032),(68 751167),(69 741901.4),(70 737144.4),(71 740547.2),(72 742303.56),(73 741139.56),(74 755980.44),(75 789688.9),(76 793030.75),(77 776460.3),(78 763837.94),(79 762047.6),
(1 198106.03),(2 504309.53),(3 591156.44),(4 497328.6),(5 446799.8),(6 502512.2),(7 549694.9),(8 538271.56),(9 530124.44),(10 551941.6),(11 574870.94),(12 569488),(13 560827.75),(14 570708.3),(15 569480.8),(16 548327.06),(17 536304.3),(18 552884.56),(19 585397.7),(20 601013.94),(21 603648.8),(22 600616.6),(23 611298.06),(24 609538.56),(25 589781.9),(26 573468.56),(27 593440.2),(28 609668.8),(29 590958.4),(30 570363.56),(31 588764.25),(32 627426.7),(33 631918.4),(34 610443.8),(35 604724.94),(36 635478.9),(37 644771.2),(38 626991.75),(39 612968.8),(40 617116.1),(41 636932.2),(42 663459),(43 682716.6),(44 705062.25),(45 712440.2),(46 691592.25),(47 651312.1),(48 637673.44),(49 664279.9),(50 694491.94),(51 710353.8),(52 711077),(53 702561.56),(54 706355.75),(55 710800.6),(56 710344.7),(57 696973),(58 695658.4),(59 699980.75),(60 703966.1),(61 696349.44),(62 680026.7),(63 690742.7),(64 728747.6),(65 753050.44),(66 745843.25),(67 716562.2),(68 701296.06),(69 718058.56),(70 756783),(71 775744.8),(72 762434.2),(73 733643.9),(74 728547.3),(75 748640.8),(76 786212.06),(77 819773.94),(78 812458.25),(79 770168.4),
(1 216394.53),(2 536275.5),(3 611385.06),(4 513596.3),(5 486665.34),(6 547273.4),(7 565146.44),(8 522711.47),(9 499226.34),(10 517612),(11 538977.44),(12 548096.3),(13 555935.3),(14 561516.1),(15 551705.8),(16 538757),(17 561653.56),(18 614212.8),(19 649974.8),(20 639274.25),(21 616373.9),(22 603447.25),(23 605041.3),(24 596721.4),(25 574635.5),(26 575753.2),(27 599753.2),(28 637088.06),(29 654723.9),(30 653691),(31 643520.75),(32 647188.4),(33 652577.7),(34 649372.7),(35 629531.9),(36 613952.5),(37 609332.6),(38 618902.06),(39 620466.6),(40 618013.8),(41 618762.8),(42 633776.6),(43 656313.4),(44 671755.2),(45 677779.94),(46 667951.9),(47 640347.5),(48 627465.94),(49 630086.3),(50 623602.44),(51 617197.9),(52 635614.7),(53 668193.75),(54 684650.44),(55 665219.7),(56 643167.6),(57 646640.6),(58 668559.7),(59 665713),(60 652504),(61 648498.7),(62 653433.56),(63 659709.9),(64 669468.06),(65 670967.7),(66 658049.7),(67 652835.75),(68 664257.06),(69 700040.8),(70 721408.75),(71 690647.6),(72 634625.7),(73 627705.06),(74 674377.5),(75 725653.3),(76 745602.7),(77 739555.3),(78 730275.2),(79 719272.9),
(1 185820.28),(2 450056.9),(3 496729.84),(4 402958.16),(5 375937.56),(6 431215.47),(7 464584.1),(8 450391.03),(9 434500.53),(10 448872.2),(11 464138.63),(12 462471.13),(13 451249.38),(14 444728),(15 458745.56),(16 488195.72),(17 511122.8),(18 511553.56),(19 493820.5),(20 481325.06),(21 481295.63),(22 506067.2),(23 516910.22),(24 510899.84),(25 514254.06),(26 516217.4),(27 531383.9),(28 545171.06),(29 542882.56),(30 538147.2),(31 524069.53),(32 504370.75),(33 510047.72),(34 538194.6),(35 556954.56),(36 549103.7),(37 538037.7),(38 546465.75),(39 545407.6),(40 527816.8),(41 521064.38),(42 534387.7),(43 539747.8),(44 530109.8),(45 532592.25),(46 550153.44),(47 561948.5),(48 568563.94),(49 568497.8),(50 558100.4),(51 543809.9),(52 546074.6),(53 553965.9),(54 557827.7),(55 557146.94),(56 564137.44),(57 572928.25),(58 571358.06),(59 562776.5),(60 561080.1),(61 565947.8),(62 584390.2),(63 600181.1),(64 604639.8),(65 610328.5),(66 620467.2),(67 626942.6),(68 629788.9),(69 622024.56),(70 600360.5),(71 582417.4),(72 589038.3),(73 618120.8),(74 643090.06),(75 639560.44),(76 618495.5),(77 612690.4),(78 622667.06),(79 637677.6),
(1 160969.63),(2 389157.03),(3 432555.66),(4 353867.25),(5 335335.53),(6 387596.4),(7 419095.2),(8 406144.9),(9 396645.56),(10 412496.56),(11 433462.56),(12 430058.97),(13 419292.34),(14 421650.13),(15 441661),(16 455815.13),(17 450281.9),(18 449962.4),(19 463960.03),(20 478372.63),(21 472184.63),(22 461848.06),(23 462805.25),(24 474423.72),(25 500401.1),(26 513124.72),(27 513796.66),(28 521866.03),(29 529403.1),(30 528369.3),(31 521526.88),(32 513363.8),(33 514977.9),(34 530250.94),(35 546258.25),(36 545758.8),(37 526629.75),(38 521027.38),(39 521824.22),(40 514815.34),(41 521006.34),(42 539564.5),(43 541516.4),(44 524193.06),(45 525530.4),(46 557567.9),(47 585611.44),(48 582987.75),(49 563319.94),(50 558324.8),(51 565500.94),(52 573012.8),(53 579200.56),(54 575767.4),(55 581651.44),(56 590244.7),(57 592050.1),(58 591780.56),(59 596144.4),(60 604469.44),(61 601270.06),(62 588929.94),(63 577910.2),(64 579119.25),(65 590863.06),(66 603121.4),(67 603888.1),(68 607695.44),(69 610958.94),(70 596459.06),(71 573273.9),(72 556827.06),(73 566863.8),(74 595445.5),(75 613658.75),(76 604950.5),(77 583884.8),(78 572549.2),(79 572106.75),
(1 163201.48),(2 384010.63),(3 408193.28),(4 327211.97),(5 329375.03),(6 394266.56),(7 409185.53),(8 381230.63),(9 377770.56),(10 400110.1),(11 410662.34),(12 408062.16),(13 417668.25),(14 446691.38),(15 461208.38),(16 445867.94),(17 427383.22),(18 439809.13),(19 463138.44),(20 465395.28),(21 451100.4),(22 441174.1),(23 446022.1),(24 447872.78),(25 439539.2),(26 429660.84),(27 429641.56),(28 444786.5),(29 468002.03),(30 473213),(31 463951.3),(32 454124.63),(33 465653.2),(34 470728.34),(35 453864.63),(36 444337.5),(37 458929),(38 486079.22),(39 484211.34),(40 462324.63),(41 463517.47),(42 489644.34),(43 502968.66),(44 491045.25),(45 489134.03),(46 497593.06),(47 499553.38),(48 497697.25),(49 500489.5),(50 504580.9),(51 499519.34),(52 495495.1),(53 497387.88),(54 501832.84),(55 510824.6),(56 505872.6),(57 483765.3),(58 478951.22),(59 495567.53),(60 508994.34),(61 510519.6),(62 512617.97),(63 524475),(64 529762),(65 518326.63),(66 512550.88),(67 508511.16),(68 508638.34),(69 517585.9),(70 523917.66),(71 517315.8),(72 515162.28),(73 520030.63),(74 534922),(75 545360.3),(76 535304.1),(77 520168.47),(78 508579.53),(79 503672.97),
(1 167784.75),(2 376696.22),(3 368399.7),(4 274978.97),(5 296300.75),(6 373541.3),(7 379999.88),(8 351800.06),(9 363241.9),(10 396703.2),(11 404137.9),(12 385828.06),(13 386896.88),(14 409638.03),(15 414741.28),(16 396250.13),(17 385506.44),(18 397069.3),(19 406476.63),(20 407998.75),(21 420409.5),(22 436185.22),(23 436490),(24 425340.63),(25 413887.1),(26 408238.84),(27 416006.8),(28 434508.13),(29 443478.34),(30 440773.63),(31 432747.13),(32 423105.28),(33 415757.34),(34 415966.34),(35 424992),(36 435374.53),(37 437337.78),(38 439478.6),(39 438029.6),(40 424922.03),(41 426177.75),(42 448068.3),(43 449087.78),(44 415059.5),(45 401151.63),(46 421556.5),(47 443475.63),(48 447311.28),(49 447537.44),(50 436120.22),(51 416082.88),(52 418582.1),(53 440273.22),(54 451932.34),(55 446520.88),(56 439738.06),(57 435562.3),(58 434895.75),(59 438013.38),(60 447009.84),(61 449580.7),(62 446423.38),(63 454367.16),(64 458259.97),(65 456578.7),(66 461967.94),(67 474358.4),(68 479237.03),(69 478502.6),(70 490956.38),(71 508169.1),(72 512910.6),(73 512742.22),(74 504577.06),(75 494510.72),(76 495982.94),(77 511198.7),(78 519443.8),(79 508397.34),
(1 167594.77),(2 366540.22),(3 346125.47),(4 268156.38),(5 299049.75),(6 359578.3),(7 351427.2),(8 321860.03),(9 325470.4),(10 350185.63),(11 359502.6),(12 356604.7),(13 340078.97),(14 332228.4),(15 339905.22),(16 346272.03),(17 342024.7),(18 340781.38),(19 347773.7),(20 353829.06),(21 362574.6),(22 365912.88),(23 367416.75),(24 378418.56),(25 387702.44),(26 383709.78),(27 381335.3),(28 387926.06),(29 403623.63),(30 407875.2),(31 403271.75),(32 395065.13),(33 389633.94),(34 404100.4),(35 433291.88),(36 430183.16),(37 395303.06),(38 381131.97),(39 404895.44),(40 412685.4),(41 399369.25),(42 401615.78),(43 421094.38),(44 424036.97),(45 426327.53),(46 434288.97),(47 429616.78),(48 414620.6),(49 411933.1),(50 408717.38),(51 403564.28),(52 410836.03),(53 434206.44),(54 448335.1),(55 451591.78),(56 463705.8),(57 467271.4),(58 454227.9),(59 442897.2),(60 454967),(61 472706.4),(62 475886),(63 474651),(64 476091.16),(65 465452.47),(66 458219.47),(67 459048.7),(68 462982.6),(69 462404.6),(70 480080.3),(71 505771.9),(72 497719.3),(73 483201.16),(74 484699.53),(75 491621.7),(76 497492.4),(77 511893.9),(78 508712.9),(79 492769.03),
(1 153850.5),(2 337744.7),(3 332724.88),(4 280131.38),(5 307787.4),(6 344375.66),(7 333142.78),(8 313300.72),(9 308850),(10 311822.22),(11 317618.9),(12 329208.22),(13 336569.63),(14 339785.03),(15 345380.94),(16 341990.6),(17 332828.4),(18 332459.6),(19 347161.66),(20 354067.6),(21 339087.2),(22 332978.9),(23 353491.8),(24 373044.8),(25 380448.1),(26 371482.6),(27 370653.75),(28 377829.8),(29 393134.97),(30 396480.03),(31 384352.44),(32 387766.4),(33 394671.28),(34 397679.4),(35 391964.7),(36 393054.72),(37 396614.94),(38 406397.75),(39 420684.03),(40 413377.13),(41 390903.84),(42 396236.72),(43 416319.78),(44 402606.78),(45 379221.1),(46 394771.2),(47 417058.6),(48 418949.03),(49 414698.78),(50 427653.13),(51 432565.47),(52 422026.2),(53 420206.6),(54 429851.03),(55 435156),(56 435992.72),(57 437372.53),(58 437351.47),(59 436210.94),(60 441383.94),(61 446333.97),(62 452989.22),(63 452100.9),(64 447964.22),(65 441768.9),(66 435843.2),(67 438284.25),(68 442208.4),(69 441681.97),(70 456690.5),(71 484718.97),(72 479991.4),(73 462986.56),(74 467725.56),(75 464836.63),(76 454224.6),(77 456397.03),(78 461239.13),(79 455007.3),
(1 143394.36),(2 298455.84),(3 270155.1),(4 216796.92),(5 253098.89),(6 287780.56),(7 274923.94),(8 266465.72),(9 278046.6),(10 285575.94),(11 290114.2),(12 298792.94),(13 303835.88),(14 299157.16),(15 305867.78),(16 313981.75),(17 320393.72),(18 325932.28),(19 333991.78),(20 338247.06),(21 327486.4),(22 322398.22),(23 332969.06),(24 335889.63),(25 331594.53),(26 333751.13),(27 344038.88),(28 346927.44),(29 346858.1),(30 352791.25),(31 352319.53),(32 343248.53),(33 347456.66),(34 348811.56),(35 339279.44),(36 343501.16),(37 372728.28),(38 382920.6),(39 372479.56),(40 376968.06),(41 391582.47),(42 396920.22),(43 395533.6),(44 393920.72),(45 390539.9),(46 387651.4),(47 388555.7),(48 396500.5),(49 398809.22),(50 398541.16),(51 389899.4),(52 384831.6),(53 390431.06),(54 399140.53),(55 395123.84),(56 398060.56),(57 404588.53),(58 408437),(59 404870.1),(60 406143.03),(61 407383.6),(62 395062.88),(63 386542.94),(64 391592.84),(65 402099),(66 400863.16),(67 407062.75),(68 407690.75),(69 399578),(70 397997.97),(71 405509.53),(72 401511.94),(73 398521),(74 403656.13),(75 398944.34),(76 395952.63),(77 417071.4),(78 424085.56),(79 401521.56),
(1 136078.33),(2 279914.97),(3 241130.69),(4 187947.73),(5 229910.25),(6 271410.5),(7 256973.86),(8 249229.06),(9 267005.1),(10 272111.72),(11 270844.13),(12 278617.44),(13 287623.5),(14 287450.2),(15 286964.72),(16 292769.75),(17 297849.53),(18 300568.75),(19 295336.6),(20 297773.66),(21 313182.8),(22 322325),(23 322314.75),(24 320550.06),(25 316604.84),(26 312175.13),(27 309985.16),(28 309208.78),(29 315379),(30 315203.28),(31 305681.44),(32 307581.13),(33 322151.84),(34 323121.03),(35 316169.28),(36 315626.7),(37 317468.8),(38 320850.2),(39 320454.63),(40 327735.6),(41 332120.72),(42 329637.75),(43 327148.13),(44 324876.1),(45 324962),(46 328059.88),(47 336990.5),(48 338150.56),(49 328764.2),(50 321894.7),(51 329895.9),(52 342475.66),(53 340593.78),(54 335768.13),(55 344428.34),(56 351390.38),(57 355479.53),(58 349113.88),(59 345345.8),(60 346776.28),(61 343526.78),(62 335978.78),(63 340173.66),(64 356173.47),(65 362408),(66 366185.75),(67 367396.4),(68 364144.88),(69 358807.34),(70 363556.06),(71 374901.3),(72 379192.03),(73 379767.75),(74 382527.03),(75 381352.22),(76 377852.8),(77 371933.1),(78 364116.94),(79 358038.2),
(1 130729.68),(2 267155.22),(3 245175.67),(4 215135.08),(5 247028.25),(6 266297.97),(7 257040.25),(8 260417.14),(9 271603.13),(10 267524.3),(11 262657.2),(12 266547.03),(13 280271.97),(14 288520.1),(15 289758.9),(16 286869.3),(17 294234),(18 298171.2),(19 299994.28),(20 313781.75),(21 325580.44),(22 320419.4),(23 317036.28),(24 326244.13),(25 331050.97),(26 327483.56),(27 312911.9),(28 313433.97),(29 325817.72),(30 321000.97),(31 303616.22),(32 304348.94),(33 310876),(34 310311.34),(35 315772.63),(36 327654.66),(37 325256.7),(38 316491),(39 319759),(40 327066.78),(41 322661.97),(42 317926.22),(43 320586.44),(44 318175.66),(45 319032.38),(46 326336.88),(47 332852.72),(48 329175.22),(49 326152.44),(50 329243.28),(51 328616.28),(52 317556.44),(53 316004.47),(54 325340.22),(55 341679.3),(56 342059.56),(57 327597.63),(58 327279.75),(59 339033.63),(60 339534.1),(61 335780.88),(62 335687.38),(63 338425.06),(64 349575.88),(65 351386.63),(66 351971.06),(67 350396.78),(68 353575.06),(69 362082.94),(70 366986.13),(71 369080.22),(72 370793),(73 381023.06),(74 388940.72),(75 371356.38),(76 352673.56),(77 362003.78),(78 371663.7),(79 362806.34),
(1 118740.7),(2 234711.63),(3 210813.1),(4 191740.77),(5 224165.08),(6 236721.33),(7 232688.5),(8 230970.73),(9 230582.11),(10 238343.25),(11 248077.25),(12 253923.77),(13 260955.7),(14 266700.7),(15 269403.22),(16 260201.05),(17 266005.25),(18 271698.78),(19 270374.44),(20 282123.06),(21 286859.84),(22 274220.8),(23 279478.72),(24 294029),(25 296606.06),(26 295995.2),(27 301002.5),(28 301066.38),(29 300305.4),(30 294397.13),(31 285330.1),(32 288526.53),(33 292094.3),(34 294033.16),(35 296462.63),(36 296567.47),(37 288568.88),(38 289332.2),(39 300100.22),(40 309079.47),(41 311004.63),(42 308082.6),(43 303169.38),(44 305816.28),(45 309320.6),(46 302533.44),(47 290365.5),(48 293204.7),(49 306503.47),(50 315845.63),(51 309066.8),(52 307998.5),(53 317363.8),(54 323365),(55 318135.28),(56 311631.25),(57 303574.78),(58 301845.9),(59 319624.94),(60 336887.3),(61 327405.34),(62 311952.75),(63 306936.8),(64 316832.8),(65 333635.47),(66 334359.78),(67 324981.9),(68 328693.4),(69 340883),(70 332089.2),(71 326052.63),(72 326193.5),(73 329719.78),(74 338710.3),(75 339216.8),(76 329643.4),(77 330271.97),(78 324645.16),(79 310164.4),
(1 103982.055),(2 198940.67),(3 170044.98),(4 155426.95),(5 180346.6),(6 184830.88),(7 185841.44),(8 195080.83),(9 201046.34),(10 207011.77),(11 211537.36),(12 213282.16),(13 220828.42),(14 224229.2),(15 214700.28),(16 215978.9),(17 236028.94),(18 252943.89),(19 243841.02),(20 242261.23),(21 249259.78),(22 243212.14),(23 240082.67),(24 249994.3),(25 254343.5),(26 250791.06),(27 250501.73),(28 250879.95),(29 251210.08),(30 253025.13),(31 257114.4),(32 255535.05),(33 248162.69),(34 246610.69),(35 250683.25),(36 249774.72),(37 245661.23),(38 259011.69),(39 262819.38),(40 251621.77),(41 246137.55),(42 249088.34),(43 250421.13),(44 255146.11),(45 257594.67),(46 256503.69),(47 263845.8),(48 269223.5),(49 262846.53),(50 263660),(51 268096.34),(52 272923.9),(53 277528.56),(54 277076.88),(55 273309.44),(56 278093.28),(57 285074.66),(58 287501.97),(59 287282.72),(60 294705.13),(61 307032.7),(62 311878.34),(63 299230.88),(64 295404.97),(65 306079.9),(66 304865.22),(67 289084.75),(68 290042.47),(69 309255.78),(70 313343.2),(71 307306.9),(72 308380.16),(73 308399.1),(74 309579.38),(75 315477.9),(76 308494.47),(77 298626.53),(78 296597.97),(79 298063.7),
(1 107281.12),(2 194479.86),(3 157689.25),(4 153259.4),(5 190529.31),(6 187102.25),(7 178697.45),(8 189936.14),(9 192615.66),(10 196919.95),(11 198009.16),(12 194344.34),(13 193129.25),(14 203073.63),(15 205268.7),(16 206763.69),(17 211621.31),(18 214741.66),(19 213526.05),(20 212694.7),(21 215770.58),(22 218576.67),(23 226899.84),(24 232420),(25 232632.97),(26 228933.25),(27 216537.72),(28 214855.72),(29 218779.98),(30 219513),(31 227959.34),(32 234615.05),(33 235842.7),(34 235498.4),(35 232206.92),(36 233361.3),(37 249085.67),(38 261806.73),(39 260457.14),(40 253215.89),(41 254639.52),(42 258022.66),(43 255441.78),(44 251054.6),(45 253957.6),(46 263809.78),(47 275069.16),(48 272831.56),(49 271713.7),(50 276437.44),(51 274021.2),(52 269695.7),(53 275383.03),(54 280404.28),(55 273281.5),(56 267288.22),(57 269201.72),(58 271901.56),(59 270799.78),(60 276387.8),(61 287599.63),(62 291320.22),(63 285559.78),(64 279106.16),(65 280625.94),(66 290074.38),(67 289467.13),(68 287343.1),(69 294043.78),(70 303103.66),(71 295654.63),(72 291140.2),(73 291488.22),(74 294790.5),(75 294679.66),(76 287958.88),(77 294301.7),(78 305302.7),(79 299535.13),
(1 106236.125),(2 188616.06),(3 153814.48),(4 157346.64),(5 193427.56),(6 188095.52),(7 178872.39),(8 183449.67),(9 180158.58),(10 180144.52),(11 188764.5),(12 190959.16),(13 191269.53),(14 192806.3),(15 188680.63),(16 190574.55),(17 193371.98),(18 193403.98),(19 198047.7),(20 201058.52),(21 199760.72),(22 207620.27),(23 212031.06),(24 203410.5),(25 205347.06),(26 216093.9),(27 212620.5),(28 209636.36),(29 218235.19),(30 219483.95),(31 219124.2),(32 227070.23),(33 230974.23),(34 231309.03),(35 232211.42),(36 240121.39),(37 249315.84),(38 249442.94),(39 248636.94),(40 260157.9),(41 262123.23),(42 250473.14),(43 246444.81),(44 252810.81),(45 253636.58),(46 251608.38),(47 253510.28),(48 258306.05),(49 263854.94),(50 264411.9),(51 263484.78),(52 256063.44),(53 248263.72),(54 249349.42),(55 257621.42),(56 261544.73),(57 254714.58),(58 249211.17),(59 245716.33),(60 243415.44),(61 245963.7),(62 252806.48),(63 255286.69),(64 253327.5),(65 265450.34),(66 272585.25),(67 268228.6),(68 262469.7),(69 263796.88),(70 268641.9),(71 271634.38),(72 266358.66),(73 267501.34),(74 275920.75),(75 270962.4),(76 262081.97),(77 266623.47),(78 271922.47),(79 271450.22),
(1 98735.55),(2 169139.44),(3 138231.5),(4 140420.8),(5 167993.38),(6 166024.73),(7 163922.89),(8 165796.08),(9 159516.44),(10 161017.4),(11 167192.06),(12 167836.2),(13 176740.45),(14 184835.2),(15 185764.75),(16 186227.8),(17 189517.63),(18 190810.9),(19 193937.73),(20 194285.53),(21 194809.38),(22 205189.86),(23 209062.64),(24 208787.45),(25 208611.45),(26 211727.03),(27 210939.19),(28 208138.77),(29 206291.56),(30 205391.6),(31 207415.06),(32 208365.5),(33 206138.95),(34 208039.27),(35 205609.64),(36 207828.17),(37 212333.95),(38 210547.53),(39 209290.2),(40 215150.38),(41 214426.03),(42 206369.1),(43 209845.58),(44 217587.92),(45 213973.61),(46 214141.97),(47 220669.78),(48 222387.02),(49 222522.81),(50 221138.69),(51 220640.81),(52 222099.11),(53 227719.61),(54 232764.89),(55 232080.6),(56 234445.38),(57 235693.67),(58 241905.78),(59 242077.53),(60 241786.9),(61 250535.48),(62 252212.8),(63 247034.5),(64 239590),(65 239651.86),(66 241099.7),(67 234280.98),(68 232194.98),(69 238188.42),(70 244777.02),(71 250572.22),(72 250345.27),(73 252010.72),(74 250118.25),(75 240888.13),(76 244319.44),(77 259139.88),(78 262844.47),(79 254667.14),
(1 88834.78),(2 150295.39),(3 123989.76),(4 134693.11),(5 155899.08),(6 148792.38),(7 148019.77),(8 151222.11),(9 150183.53),(10 158956.02),(11 165569.77),(12 165330.2),(13 176347.16),(14 182140.97),(15 175310.61),(16 172250.75),(17 174312.02),(18 176150.6),(19 180385.08),(20 184620.28),(21 186351.89),(22 196508.23),(23 206518.92),(24 198835.36),(25 192027.89),(26 198043.36),(27 204587.81),(28 199272.64),(29 196795.72),(30 202745.61),(31 207472.72),(32 201682.94),(33 200316.39),(34 205949.22),(35 203895.63),(36 205008.2),(37 206773.23),(38 207667.84),(39 211520.5),(40 213918.28),(41 211502.98),(42 209532.05),(43 205035.31),(44 208493.4),(45 214506.67),(46 214138.69),(47 212030.06),(48 211939.36),(49 224334.39),(50 230351.23),(51 216882.28),(52 211077.63),(53 217010.25),(54 216893.55),(55 214517.67),(56 215396.14),(57 216366.25),(58 225404.23),(59 228188.8),(60 225604.48),(61 235657.95),(62 240576.06),(63 232602.48),(64 231556.11),(65 236529.89),(66 235729.2),(67 232800.64),(68 239393.56),(69 245537.61),(70 244146.84),(71 241886.14),(72 239888.53),(73 238048.19),(74 241764.39),(75 243844.23),(76 244866.63),(77 241379.8),(78 238484.34),(79 242143.27),
(1 91319.03),(2 148609.73),(3 116563.32),(4 127238.34),(5 148316.58),(6 146104.78),(7 149087.95),(8 153878.45),(9 158017.61),(10 166704.14),(11 164528.83),(12 161718.08),(13 164666.9),(14 163821.69),(15 162183.89),(16 165905.88),(17 165205.92),(18 165485.38),(19 167829.19),(20 169715.78),(21 172272.31),(22 180382.14),(23 182390.88),(24 177978.83),(25 176675.58),(26 184033.03),(27 189934.81),(28 188913.95),(29 193238.92),(30 193061.67),(31 195162.5),(32 190840.45),(33 183871.9),(34 190352.4),(35 198759.11),(36 196773.13),(37 199758.05),(38 198184.88),(39 199530.14),(40 207865.53),(41 206945.22),(42 203453.64),(43 206366.28),(44 212415.13),(45 216399.6),(46 214512.05),(47 214569.36),(48 214071.19),(49 214711.64),(50 212299.14),(51 209294.63),(52 212106.23),(53 216609.08),(54 210722.23),(55 205854.05),(56 210034.42),(57 215180.67),(58 218419.77),(59 217777.38),(60 222243.67),(61 229701.36),(62 229386.78),(63 227814.72),(64 233977.83),(65 232742.42),(66 231621.03),(67 242553.63),(68 232191.92),(69 218460),(70 225798.36),(71 230595.03),(72 228544.14),(73 229008.53),(74 237748.05),(75 237201.31),(76 234474.88),(77 225067.22),(78 224566.36),(79 234190.63),
(1 96931.8),(2 150472.22),(3 116166.836),(4 134180.9),(5 151561.78),(6 139274.81),(7 146756.97),(8 151130.63),(9 150479.56),(10 158022.23),(11 160671.56),(12 162430.42),(13 165989.61),(14 168061.86),(15 169924.47),(16 170054.95),(17 169419.27),(18 172928.56),(19 172344.83),(20 172428.25),(21 177279.38),(22 176961.25),(23 173667.19),(24 176600.6),(25 185056.7),(26 183608.89),(27 182164.28),(28 190471.34),(29 191185.27),(30 183832.67),(31 182146.28),(32 182907.25),(33 189101.02),(34 189970.86),(35 187389.95),(36 180812.52),(37 184105.13),(38 188601.38),(39 190051.36),(40 192976.9),(41 195766.73),(42 198935.38),(43 200574.03),(44 199519.56),(45 193647.11),(46 193283.75),(47 194926.69),(48 193002.86),(49 195371.53),(50 199695.31),(51 197054.52),(52 197039.66),(53 203559.92),(54 199356.86),(55 193852.1),(56 199555.02),(57 200767.16),(58 193239.44),(59 194061.77),(60 202702.14),(61 211313.48),(62 213773.1),(63 212932.6),(64 209009.44),(65 204989.97),(66 203537.38),(67 215548.72),(68 213369.36),(69 206034.44),(70 212899.4),(71 219210.25),(72 220987.31),(73 224474.55),(74 233230.13),(75 228429.11),(76 218880.03),(77 220142.39),(78 217996.08),(79 223799.9),
(1 93165.86),(2 138573.94),(3 103286.336),(4 123407.63),(5 135675.28),(6 123534.58),(7 128801.02),(8 129917.586),(9 126135.76),(10 129378.47),(11 134312.64),(12 140633.5),(13 144297.67),(14 148450.38),(15 146795.63),(16 139739.13),(17 143631.8),(18 153681.97),(19 152453.88),(20 154710.48),(21 161773),(22 158347.19),(23 154866.3),(24 164297.53),(25 169462.33),(26 165386.78),(27 163322.27),(28 164091.9),(29 168615.7),(30 171990.33),(31 167117.23),(32 164995.5),(33 176713.38),(34 177176.23),(35 171543.77),(36 173714),(37 175045.33),(38 179758.83),(39 180799.3),(40 175883.94),(41 179115.11),(42 180394.06),(43 176041.9),(44 173723.7),(45 175951.03),(46 179543.7),(47 181374.23),(48 189816.4),(49 194009.33),(50 190360.44),(51 185438.84),(52 190656.98),(53 193676.98),(54 185934.42),(55 182973.38),(56 191845.52),(57 191285.6),(58 184719.63),(59 187610.39),(60 191965.38),(61 186240.72),(62 188168.94),(63 193460.45),(64 191581.38),(65 195085.06),(66 198279.33),(67 200666.34),(68 206007.89),(69 204231.63),(70 197114.11),(71 196821.13),(72 197382.83),(73 196405.4),(74 195759.02),(75 201015.55),(76 204320.89),(77 203906.19),(78 201315.23),(79 205291.63),
(1 88413.84),(2 131187.27),(3 102977.91),(4 119310.14),(5 129730.79),(6 130064.52),(7 137564.88),(8 133425.25),(9 131219),(10 133984.4),(11 140672.19),(12 143392.92),(13 143678.52),(14 147556.36),(15 141641.23),(16 140931.92),(17 154178.83),(18 156340.05),(19 148581.6),(20 146108.22),(21 149802.72),(22 154254.5),(23 154802.42),(24 156038.83),(25 155765.4),(26 160230.8),(27 155067.78),(28 149713.03),(29 158064.92),(30 161535.45),(31 157282.53),(32 157452.22),(33 163381.28),(34 165705.44),(35 163112.86),(36 166426.45),(37 171297.28),(38 172842),(39 168464.67),(40 163775.42),(41 169286.27),(42 175800.17),(43 167944.88),(44 168266.08),(45 176143.52),(46 172127.98),(47 170714),(48 177943),(49 179413.58),(50 179874.88),(51 182391.1),(52 187174.58),(53 184842.28),(54 181450.97),(55 186874.13),(56 190699.42),(57 183782.72),(58 183700.22),(59 192495.05),(60 195086.33),(61 186675.83),(62 187117.69),(63 195859.63),(64 195132.45),(65 188553.1),(66 191993.28),(67 202147.63),(68 201694.64),(69 200014.36),(70 201894.81),(71 201111.28),(72 202921.05),(73 202474.28),(74 199127.63),(75 202409.19),(76 200721),(77 192910.17),(78 199391.13),(79 207133.36),
(1 89943.61),(2 131702.34),(3 103884.875),(4 123787.07),(5 127609.88),(6 121500.76),(7 126618.734),(8 127827.98),(9 129172.4),(10 132683.4),(11 130863.766),(12 128771.45),(13 131437.02),(14 133474.77),(15 128790.61),(16 133280.61),(17 145389.56),(18 145737.72),(19 144722.55),(20 152293.63),(21 154129.8),(22 152647.8),(23 157383.56),(24 160927.25),(25 156008.72),(26 157664.98),(27 160765.8),(28 159739.47),(29 157138.16),(30 161211.23),(31 165376.42),(32 164103.17),(33 163130.6),(34 170600.72),(35 170212.84),(36 168183.61),(37 166732.64),(38 169899.14),(39 165976.53),(40 164691.39),(41 168810.58),(42 168134.42),(43 163596.92),(44 167026.83),(45 169546.77),(46 168140.6),(47 171337.22),(48 176607.16),(49 173255.53),(50 166444.69),(51 167281.5),(52 173802.42),(53 177438.14),(54 175787.64),(55 175752.92),(56 171666.56),(57 174852.56),(58 181572.08),(59 179130.4),(60 178103.64),(61 180796.63),(62 179672.97),(63 178820.42),(64 177453.02),(65 178155.39),(66 180468.47),(67 178196.97),(68 181643.72),(69 186984.28),(70 188719.14),(71 186331.92),(72 184224.6),(73 186298.56),(74 185888.3),(75 188752.55),(76 193098.17),(77 188521.03),(78 187102.53),(79 186324.48),
(1 89456.03),(2 127289.91),(3 99581.85),(4 124036.66),(5 126209.055),(6 118774.445),(7 124979.88),(8 122336.875),(9 120466.07),(10 127938.9),(11 126064),(12 128112.31),(13 130649.56),(14 129149.91),(15 131957.92),(16 127375.09),(17 130150.25),(18 132100.17),(19 137519.38),(20 145578.94),(21 145077.52),(22 142079.75),(23 149349.81),(24 154403.47),(25 149119.58),(26 148538.5),(27 158127.95),(28 151809.45),(29 146652.27),(30 155416.23),(31 157904.6),(32 151743.45),(33 152635.4),(34 155652.5),(35 158633.72),(36 166193.06),(37 163693.73),(38 161746.4),(39 165619.61),(40 164947.8),(41 163730.55),(42 164847.67),(43 163403.5),(44 159653.56),(45 163409.31),(46 168265.84),(47 168686.67),(48 170475.94),(49 170829.84),(50 168680.77),(51 162741.55),(52 166810.4),(53 177752.34),(54 170626.33),(55 162061.2),(56 165336.94),(57 170473.72),(58 169641.77),(59 166202.94),(60 166929.78),(61 171627.13),(62 170855.8),(63 170075.9),(64 172880.42),(65 176589.11),(66 175320.34),(67 169073.56),(68 176126.72),(69 177836.3),(70 174293.23),(71 178529.66),(72 177141.77),(73 177795.88),(74 174737.16),(75 176140.84),(76 179503.81),(77 177742.23),(78 178829.38),(79 180340.98),
(1 84607.51),(2 118988.55),(3 91413.57),(4 111218.83),(5 115704.14),(6 113179.82),(7 117264.65),(8 119535.63),(9 119791.95),(10 124068.52),(11 126438.99),(12 126710.45),(13 123968.11),(14 123137.91),(15 131370.28),(16 132498.47),(17 136019.84),(18 139858.2),(19 139789.7),(20 141549.02),(21 146936.9),(22 140244.17),(23 135782.5),(24 143516.83),(25 143872.61),(26 143700.05),(27 149234.16),(28 150423.38),(29 149063.7),(30 151346.73),(31 153366.63),(32 153033.88),(33 150968.5),(34 149050.84),(35 151781.27),(36 150598.14),(37 146871.08),(38 147586.19),(39 152786.38),(40 150669.61),(41 151695.19),(42 156704.78),(43 159040.38),(44 160643.33),(45 162227.23),(46 162941.81),(47 159568.95),(48 157654.72),(49 163927.16),(50 166270.06),(51 162332.47),(52 164986.7),(53 165911.45),(54 162003.22),(55 167354.73),(56 169215.53),(57 157972.98),(58 157133.9),(59 166150.89),(60 167718.61),(61 165477.08),(62 166059.89),(63 168857.47),(64 173124.16),(65 173719.44),(66 170790.81),(67 171458.64),(68 174784.73),(69 172133.31),(70 167986.47),(71 166662.16),(72 164374.36),(73 168476.56),(74 169976.83),(75 165342.95),(76 165644.27),(77 169807.42),(78 169668.28),(79 170433.89),
(1 82928.445),(2 113517.14),(3 87470.37),(4 106746.11),(5 109855.11),(6 104157.08),(7 105623.164),(8 111245.22),(9 108085.28),(10 109494.49),(11 115020.44),(12 120273.945),(13 120099.67),(14 118832.44),(15 122156.83),(16 124338.51),(17 126271.47),(18 124010.6),(19 124803.89),(20 130546.63),(21 131193.81),(22 130068.89),(23 129008.12),(24 132359.31),(25 132427.02),(26 131898.9),(27 138029.95),(28 136714.94),(29 130782.49),(30 133055.45),(31 132863.27),(32 133113.73),(33 135167.14),(34 134368.13),(35 137699.66),(36 136045.45),(37 136320.77),(38 136231.1),(39 134241.3),(40 140322.4),(41 138824),(42 137035),(43 139198.17),(44 138215.4),(45 136810.55),(46 139481.44),(47 141051.2),(48 144745.39),(49 145021.77),(50 143614.34),(51 138822.95),(52 139054.39),(53 140269.31),(54 143241.02),(55 147484.44),(56 143771.88),(57 138065.61),(58 143685.48),(59 150433.81),(60 149531.05),(61 147111.02),(62 146461.55),(63 145871.08),(64 150447.72),(65 149436.13),(66 145582.48),(67 145322.33),(68 155469.8),(69 157662.81),(70 154351.05),(71 152890.66),(72 155010.7),(73 159249.73),(74 157506.23),(75 152244.45),(76 157305.9),(77 160777.7),(78 157090.84),(79 159719.89),
(1 79931.9),(2 102593.86),(3 78756.65),(4 97637.055),(5 103181.38),(6 100965.83),(7 100837.914),(8 104670.15),(9 104052.76),(10 106593),(11 111780.8),(12 113010.91),(13 112532.07),(14 113238.81),(15 115905.734),(16 115885.664),(17 119341.25),(18 121091.484),(19 115866.875),(20 116967.93),(21 119387.75),(22 117484.39),(23 120873.98),(24 121776.14),(25 122672.98),(26 126494.03),(27 125880.45),(28 125028.586),(29 128240.83),(30 126270.38),(31 124710.2),(32 129674),(33 134032.86),(34 132031.23),(35 130550.38),(36 130397.16),(37 132192.42),(38 129080.15),(39 128562.21),(40 132090.19),(41 133826.56),(42 135032.73),(43 135130.44),(44 133292.08),(45 133560.63),(46 137505.02),(47 138239.38),(48 140795.8),(49 134940.86),(50 137248.5),(51 140939.5),(52 137421.38),(53 136096.3),(54 133884.55),(55 139038.05),(56 142702.55),(57 139274.66),(58 138252.2),(59 141960.3),(60 143502.63),(61 143041.95),(62 144518.3),(63 144005.63),(64 143251.95),(65 144166.25),(66 144394.56),(67 143768.31),(68 144264.45),(69 146058.56),(70 143360.4),(71 144938),(72 147480.14),(73 146687.22),(74 145073.64),(75 149318.98),(76 148485.14),(77 151008.4),(78 148532.92),(79 147748.2),
(1 76691.31),(2 97070.93),(3 76915.56),(4 92628.74),(5 92381.555),(6 92837.17),(7 93855.44),(8 97738.86),(9 99777.19),(10 102826.88),(11 104427.62),(12 103901.336),(13 107712.97),(14 110409.68),(15 104708.695),(16 104512.77),(17 108528.664),(18 108867.86),(19 109082.734),(20 112328.44),(21 113287.33),(22 109385.41),(23 115393.625),(24 117488.58),(25 121588.55),(26 123529.33),(27 118309.414),(28 119931.17),(29 123342.34),(30 121667.99),(31 121907.914),(32 125627.51),(33 127924.22),(34 129344.3),(35 126580.18),(36 127015.89),(37 135026.98),(38 126429.14),(39 126084.97),(40 129047.03),(41 130295.555),(42 129232.17),(43 128030.414),(44 133646.23),(45 130965.94),(46 129910.16),(47 130917.6),(48 130753.875),(49 129993.16),(50 132958.92),(51 134772.19),(52 133736.25),(53 134579.55),(54 136001.83),(55 136279.56),(56 135085.69),(57 133179.36),(58 134257.11),(59 135115.61),(60 136139.81),(61 135632.86),(62 136607.83),(63 136080.47),(64 132354.5),(65 136338.56),(66 142104.78),(67 140269.44),(68 139042.95),(69 143461.6),(70 141550.75),(71 140823.02),(72 139358.39),(73 140816.2),(74 138515.9),(75 136865.25),(76 141452.66),(77 140000.98),(78 135827.11),(79 143205.31),
(1 71611.125),(2 83382.5),(3 67534.016),(4 88129.14),(5 90741.23),(6 92651.63),(7 94878),(8 97117.63),(9 100969),(10 98208.64),(11 98188.57),(12 104146.24),(13 105346.01),(14 104178.87),(15 102744.91),(16 105708.89),(17 107022.555),(18 110555.02),(19 115009.9),(20 116510.86),(21 113628.14),(22 110555.86),(23 114067.98),(24 115193.94),(25 116608.67),(26 122721.51),(27 123516.8),(28 120267.29),(29 120482.63),(30 121362.23),(31 117255.76),(32 112699.58),(33 114746.57),(34 120773.57),(35 112130.21),(36 113320.31),(37 117864.27),(38 113494.71),(39 117427.67),(40 121295.61),(41 121217.2),(42 121132.58),(43 119766.01),(44 122580.836),(45 118481.43),(46 123353.49),(47 123742.19),(48 119665.61),(49 120738.77),(50 124352.305),(51 120716.766),(52 122060.08),(53 126563.14),(54 124568.266),(55 123079.61),(56 125146.34),(57 129499.64),(58 133552.53),(59 131616.38),(60 129900.8),(61 127801.29),(62 129271.61),(63 130705.96),(64 126622.64),(65 129883.24),(66 132282.88),(67 132469.5),(68 134575.7),(69 135230.48),(70 134579.55),(71 134523.25),(72 134989.45),(73 136427.14),(74 137609.28),(75 135225.28),(76 134738.92),(77 133982.63),(78 134197.61),(79 139047.4),
(1 70963.58),(2 85000.24),(3 73316.45),(4 87060.45),(5 82962.73),(6 89048.07),(7 91636.09),(8 91822.97),(9 94386.76),(10 93443.02),(11 97641.09),(12 99778.61),(13 96252.41),(14 99527.09),(15 102220.14),(16 102620.02),(17 103976.83),(18 106136.83),(19 104147.2),(20 104814.35),(21 106993.61),(22 108950.65),(23 112737.09),(24 114648.54),(25 110563.164),(26 114522.664),(27 113852.766),(28 113607.63),(29 114218.336),(30 110628.59),(31 110824.82),(32 111794.04),(33 117821.92),(34 115743.29),(35 109312.555),(36 113329.266),(37 114837.89),(38 114002.68),(39 113748.39),(40 118211.55),(41 115481.94),(42 115749.234),(43 117859.66),(44 113317.37),(45 109858.61),(46 111256.34),(47 113728.11),(48 112942.59),(49 113781.35),(50 116020.375),(51 114538.71),(52 118397.49),(53 122831.14),(54 119369.21),(55 114573.73),(56 120033.305),(57 121441.9),(58 121695.836),(59 125296.28),(60 127475.98),(61 124358.98),(62 124292.13),(63 129262.8),(64 126738.92),(65 128311.37),(66 131398.34),(67 132678.25),(68 134731.05),(69 137351.83),(70 132087.42),(71 132036.47),(72 139597.11),(73 137853.64),(74 135218.39),(75 131726.39),(76 133988.36),(77 136030.63),(78 133989.03),(79 132442.88),
(1 67503.32),(2 78876.85),(3 69893.77),(4 82951.484),(5 76009.71),(6 82641.92),(7 84760.18),(8 83922.26),(9 86371.53),(10 83451.03),(11 86145.33),(12 92455.05),(13 91505.62),(14 93226.336),(15 97490.12),(16 93199.84),(17 93609.17),(18 101304.37),(19 98893.86),(20 99129.94),(21 101873.03),(22 102012.64),(23 103034.37),(24 103851.6),(25 104302.66),(26 106270.22),(27 105713.84),(28 106026.84),(29 105938.06),(30 105414.99),(31 108793.17),(32 108362.58),(33 109333.3),(34 112744.96),(35 112568.04),(36 111165.38),(37 112479.01),(38 111720.99),(39 109868.125),(40 111732.36),(41 107612.44),(42 111636.08),(43 114818.11),(44 109821.336),(45 109392.234),(46 113085.17),(47 115201.125),(48 113204.625),(49 116589.07),(50 116664.36),(51 113212.73),(52 115426.664),(53 117082.516),(54 111561.26),(55 112857.47),(56 117363.21),(57 113159.96),(58 113929.805),(59 115857.48),(60 113921.03),(61 114067.25),(62 116151.516),(63 117406.95),(64 116760.74),(65 117279.05),(66 114161),(67 119864.79),(68 125698.58),(69 122545.34),(70 123964.53),(71 121495.32),(72 123474.75),(73 119493.05),(74 118068.62),(75 119584.06),(76 122709.62),(77 122322.26),(78 120891.95),(79 122653.45),
(1 65184.02),(2 71030.61),(3 62902.95),(4 75161.445),(5 70908.48),(6 78235.375),(7 78278.86),(8 77344.75),(9 82139.305),(10 82359.97),(11 86832.79),(12 88030.6),(13 88548.21),(14 90214.56),(15 92299.06),(16 88461.94),(17 88470.836),(18 87558.78),(19 86223.78),(20 91917.91),(21 93982.87),(22 91422.64),(23 94081.73),(24 97432.375),(25 98350.4),(26 99437.195),(27 101603.625),(28 101882.55),(29 100314.984),(30 104483.89),(31 104641.266),(32 102280.914),(33 105316.266),(34 105860.914),(35 106639.17),(36 104860.9),(37 106943.35),(38 108896.94),(39 106644.914),(40 106916.81),(41 103404.016),(42 104235.42),(43 107278.445),(44 106905.36),(45 104869.56),(46 105748.17),(47 109241.77),(48 104228.445),(49 102576.72),(50 103822.72),(51 99512.05),(52 100707.414),(53 104365.94),(54 102887.53),(55 107041.4),(56 107729.086),(57 104640.5),(58 107200.1),(59 107536.33),(60 106335.49),(61 106277.05),(62 108466.56),(63 109915.945),(64 109777.28),(65 111833),(66 110677.06),(67 109087.71),(68 107938.914),(69 108887.73),(70 110998.375),(71 109282.23),(72 111163.836),(73 113820.69),(74 115514.4),(75 114945.586),(76 116512.5),(77 117149.664),(78 114156.55),(79 115516.37),
(1 64454.414),(2 66317.03),(3 61665.98),(4 77018.945),(5 70049.83),(6 73196.53),(7 74208.07),(8 76088.336),(9 78290.664),(10 77434.91),(11 81577.74),(12 82420.62),(13 84040.14),(14 86945.51),(15 84975.68),(16 82114.25),(17 85377.41),(18 85713.33),(19 84989.32),(20 88146.734),(21 86855.42),(22 87099.06),(23 91506.695),(24 94346.52),(25 90308.69),(26 93786.2),(27 94395.74),(28 93776.79),(29 95598.125),(30 96007.164),(31 95358.03),(32 96141.086),(33 96028.16),(34 98204.9),(35 99319.17),(36 97825.84),(37 99305.516),(38 100458.86),(39 98777.78),(40 99293.77),(41 99644.27),(42 102264.12),(43 100031.195),(44 100379.82),(45 101888.91),(46 99090.89),(47 100393.99),(48 99006.21),(49 98452.52),(50 103868.68),(51 98935.875),(52 100317.33),(53 101749.414),(54 99106.42),(55 101757.36),(56 102496.61),(57 102201.04),(58 101438.195),(59 102911.54),(60 103837.875),(61 105242.2),(62 106102.88),(63 105282.9),(64 103287.125),(65 105154.63),(66 107292.32),(67 104885.586),(68 105682.016),(69 107507.97),(70 108450.72),(71 106707.484),(72 106450.836),(73 108237.95),(74 106795.36),(75 107936.51),(76 108262.375),(77 107205.56),(78 108634.1),(79 108433.36),
(1 64148.28),(2 64295.125),(3 59376.33),(4 74257.15),(5 68449.48),(6 69877.125),(7 69656.305),(8 71521.63),(9 74228.16),(10 76350.94),(11 81142.766),(12 81830.79),(13 84402.62),(14 86030.85),(15 85508.305),(16 86382.27),(17 90680.81),(18 90078.25),(19 91328.3),(20 91813.766),(21 87882.06),(22 89932.81),(23 92858.29),(24 96086.41),(25 95200.59),(26 96880.59),(27 96062.85),(28 92056.14),(29 92781.51),(30 94682.81),(31 98782.12),(32 96317.02),(33 94060.25),(34 94709.195),(35 96317.63),(36 95414.516),(37 98073.12),(38 99601.85),(39 99334.36),(40 98547.18),(41 99240.4),(42 99098.15),(43 99373.555),(44 103044.86),(45 104113.64),(46 102278.12),(47 104500.266),(48 104814.32),(49 101668.086),(50 103517.06),(51 102962.08),(52 102126.914),(53 104343.52),(54 103254.445),(55 104581.03),(56 101201.18),(57 99327.48),(58 100274.445),(59 102047.81),(60 101399.93),(61 103747.83),(62 105451.89),(63 100996.34),(64 100045.44),(65 103851.75),(66 102048.48),(67 105420.9),(68 105468.49),(69 100264.41),(70 104760.02),(71 106640.766),(72 104938.766),(73 105124.27),(74 105372.81),(75 107178.56),(76 101284.06),(77 103172.63),(78 105196.67),(79 104959.93),
(1 60293.797),(2 61523.035),(3 57105.887),(4 68278.35),(5 65296.69),(6 67146.914),(7 66077.55),(8 69330.44),(9 69716.38),(10 73323.43),(11 74437.35),(12 74299.836),(13 77593.336),(14 80259.38),(15 83148.86),(16 81223.7),(17 81453.016),(18 83130.836),(19 84501.39),(20 83069.945),(21 82538.2),(22 81048.88),(23 85279.14),(24 88264.734),(25 85544.57),(26 84883.64),(27 86782.375),(28 85995.33),(29 88139.53),(30 87163.3),(31 86979.82),(32 89038.88),(33 88202.93),(34 85515.1),(35 88265.99),(36 89280.25),(37 89483.53),(38 87850.31),(39 88728.8),(40 90424.75),(41 91082.79),(42 87976.96),(43 89476.75),(44 90975.76),(45 90959.36),(46 91751.16),(47 92771.83),(48 93889.53),(49 95040.1),(50 96514.125),(51 94632.57),(52 94390.48),(53 95637.94),(54 93513.64),(55 95185.91),(56 95016.45),(57 93342.06),(58 96703.516),(59 97794.84),(60 98101.375),(61 100888.05),(62 98248.625),(63 100672.79),(64 101122.99),(65 100762.58),(66 99414.945),(67 99277.65),(68 97396.125),(69 97131.03),(70 97468.95),(71 97294.73),(72 99882.15),(73 100179.195),(74 99449.1),(75 100335.984),(76 98886.914),(77 101186.49),(78 96652.086),(79 97653.68),
(1 54849.656),(2 54457.547),(3 54213.094),(4 63134.92),(5 59228.035),(6 64513.023),(7 65327.402),(8 69596.84),(9 68642.44),(10 71826.516),(11 73098.29),(12 73393.016),(13 75837.65),(14 76451.21),(15 76606.73),(16 74347.92),(17 77431.51),(18 78106.44),(19 77772.48),(20 79719.95),(21 78624.375),(22 81158.66),(23 84282.35),(24 83213.02),(25 83773.63),(26 80807.625),(27 81426.664),(28 80562.69),(29 80369.97),(30 83338.42),(31 80998.734),(32 83939.67),(33 82985.88),(34 84074.664),(35 84731.52),(36 84045.88),(37 82996.7),(38 83673.664),(39 87106.98),(40 87814.836),(41 85922.98),(42 84407.49),(43 85939.875),(44 87463.66),(45 86315.875),(46 89194.14),(47 88724.58),(48 86851.9),(49 91626.79),(50 92508.84),(51 88888.445),(52 91110.1),(53 88958.016),(54 87191.58),(55 90395.59),(56 90254.58),(57 89648.664),(58 90864.59),(59 91716.945),(60 94033.87),(61 95884.31),(62 93523.65),(63 95834.45),(64 97159.53),(65 96784.625),(66 98367.31),(67 97022.14),(68 96860.99),(69 96604.62),(70 95313.59),(71 95216.125),(72 95915.07),(73 97131.59),(74 99016.59),(75 99972.74),(76 96229.47),(77 99102.67),(78 101710.47),(79 97043.57),
(1 54375.645),(2 52565.617),(3 54146.363),(4 61296.555),(5 58957.324),(6 62166.5),(7 63243.39),(8 65024.73),(9 64753.52),(10 67593.35),(11 68908.01),(12 71309.08),(13 71731.77),(14 69526.86),(15 70866.945),(16 69562.73),(17 71654.016),(18 72560.06),(19 73918.83),(20 76058.53),(21 75663.96),(22 75778.61),(23 76981.49),(24 76833.38),(25 81831.586),(26 78076.86),(27 76851.16),(28 78001.53),(29 77765.42),(30 77767.48),(31 77246.72),(32 81324.52),(33 79721.05),(34 81609.62),(35 81200.375),(36 82476),(37 85417.23),(38 86499.17),(39 88249.08),(40 86278.73),(41 87051.09),(42 86459.58),(43 86422.51),(44 86658.445),(45 87795.336),(46 90761.99),(47 87886.58),(48 88762.56),(49 91475.47),(50 90753.195),(51 93004.984),(52 91494.914),(53 89328.555),(54 89600.95),(55 88916.055),(56 89939.555),(57 90594.82),(58 92446.11),(59 91508.34),(60 93070.47),(61 89151.33),(62 92442.54),(63 94154.16),(64 92282.055),(65 92435.055),(66 92868.47),(67 93442.96),(68 96996.516),(69 94153.055),(70 95164.56),(71 99065.01),(72 94731.87),(73 96747.4),(74 99802.23),(75 98681.63),(76 95157.234),(77 97875.03),(78 94572.22),(79 95103.695),
(1 52117.656),(2 48617.97),(3 51669.723),(4 56947.57),(5 56181.47),(6 57931.637),(7 59659.69),(8 58543.945),(9 60495.01),(10 64329.992),(11 63412.457),(12 65729.95),(13 68327.74),(14 65866.21),(15 65166.563),(16 67625.51),(17 68393.8),(18 65572),(19 67774.57),(20 66225.18),(21 69508.17),(22 71787.81),(23 71409.81),(24 70509.59),(25 72687.66),(26 72662.68),(27 72618.35),(28 74809.69),(29 74105.34),(30 75370.87),(31 77076.07),(32 77922.21),(33 73523.29),(34 74024.32),(35 78614.47),(36 79092.22),(37 78657.945),(38 78740.85),(39 80331.375),(40 79141.195),(41 82094.55),(42 81262.414),(43 82693.81),(44 83363.54),(45 83748.15),(46 85363.75),(47 87296.28),(48 86800.18),(49 87642.086),(50 88027.305),(51 87313.945),(52 88145.8),(53 89814.13),(54 89507.61),(55 89634),(56 91748.99),(57 90344.62),(58 88384.78),(59 88907.01),(60 87918.98),(61 87515.18),(62 89584.44),(63 88357.26),(64 91185.76),(65 90724.62),(66 88323.48),(67 91701.734),(68 88290.45),(69 87767.31),(70 88838.73),(71 88713.51),(72 87474.24),(73 87773.61),(74 87924.625),(75 86236.91),(76 86981.625),(77 87375.15),(78 85827.88),(79 88913.8),
(1 53652.473),(2 49320.844),(3 52943.348),(4 55018.4),(5 56648.75),(6 60245.582),(7 59574.293),(8 60401.36),(9 58114.277),(10 62762.97),(11 63287.875),(12 62646.168),(13 65028.152),(14 64916.473),(15 64336.75),(16 68012.87),(17 66176.695),(18 66628.414),(19 68986.09),(20 66464),(21 69305.69),(22 67280.16),(23 70274.53),(24 72250.336),(25 73184.71),(26 73324.32),(27 73574.484),(28 73746.305),(29 76076.14),(30 76984.18),(31 76787.26),(32 76738.26),(33 76952.82),(34 73709.14),(35 77942.9),(36 76445.34),(37 75670.06),(38 77413.055),(39 79600.64),(40 79740.484),(41 79305.14),(42 81286.18),(43 82519.57),(44 83409.29),(45 79234.1),(46 84119.61),(47 82677.484),(48 81385.96),(49 83844.25),(50 81484.81),(51 82676.03),(52 81568.94),(53 80574.63),(54 81818.805),(55 83359.11),(56 80922.88),(57 82248.945),(58 83403.31),(59 82526.75),(60 81928.31),(61 84316.9),(62 83454.44),(63 83671.305),(64 84122.41),(65 85138.414),(66 84003.7),(67 84090.51),(68 83966.5),(69 85026.31),(70 83756.88),(71 83590.21),(72 85529.39),(73 86288.05),(74 87879.22),(75 86155.54),(76 87381.14),(77 85178.31),(78 85470.91),(79 85221.41),
(1 48689.387),(2 43832.9),(3 47921.535),(4 47613.1),(5 48342.668),(6 50970.12),(7 51970.023),(8 53689.54),(9 52844.51),(10 57025.773),(11 57509.32),(12 57167.137),(13 57990.71),(14 59584.742),(15 61767.984),(16 60577.266),(17 59245.02),(18 60485.51),(19 61272.273),(20 63221.313),(21 64149.305),(22 63877.094),(23 66244.03),(24 65845.16),(25 66072.72),(26 67865.664),(27 67142.32),(28 64767.863),(29 67335.44),(30 68114.25),(31 67480.625),(32 69125.766),(33 67469.08),(34 68920.36),(35 69874.91),(36 68861.16),(37 69729.26),(38 72886.875),(39 74067.26),(40 73085.86),(41 73029.93),(42 73607.06),(43 76340.52),(44 75881.92),(45 75214.625),(46 77152.2),(47 76838.93),(48 75585.65),(49 76154.164),(50 76801.766),(51 77453.77),(52 78097.89),(53 78177.83),(54 78835.78),(55 78397.08),(56 75902.83),(57 78201.16),(58 78353.62),(59 76476.11),(60 76613.44),(61 77552.27),(62 80369.89),(63 81721.76),(64 82137.766),(65 80111.836),(66 78508.58),(67 79902.78),(68 80286.56),(69 81132.45),(70 80533.375),(71 78722.96),(72 81361.125),(73 79687.445),(74 78432.734),(75 80917.79),(76 82477.375),(77 81807.55),(78 82520.375),(79 82195.695),
(1 47606.43),(2 42881.086),(3 48932.063),(4 48226.555),(5 47614.05),(6 50668.8),(7 51245.92),(8 54344.17),(9 54799.766),(10 54633.766),(11 54971.23),(12 55940.89),(13 57847.81),(14 58932.992),(15 59381.047),(16 59377.05),(17 59407.55),(18 60833.355),(19 60681.023),(20 62293.65),(21 64057.285),(22 63165.832),(23 65812.2),(24 67107.78),(25 66590.195),(26 68215.875),(27 65537.664),(28 67113.586),(29 69271.305),(30 69577.44),(31 69168.11),(32 67068.73),(33 67665.88),(34 67184.18),(35 69179.734),(36 69705.12),(37 69917.06),(38 70070.97),(39 71981.44),(40 71290.64),(41 70790.41),(42 72245.266),(43 72552.42),(44 71737.35),(45 71511.16),(46 72724.99),(47 74057.87),(48 72604.51),(49 73085.82),(50 74317.6),(51 75025.8),(52 72740.46),(53 75260.12),(54 74986.37),(55 74680.16),(56 74022.8),(57 75287.445),(58 73371.56),(59 74573.266),(60 75461.234),(61 75623.17),(62 75224.695),(63 76165.67),(64 76910.04),(65 76125.91),(66 77381.75),(67 76424.12),(68 77469.336),(69 78328.68),(70 78341.93),(71 77979.375),(72 77296.16),(73 78728.55),(74 78223.63),(75 77752.25),(76 79258.805),(77 80025.4),(78 79072.69),(79 80934.15),
(1 47237.93),(2 40378.574),(3 46235.67),(4 46207.773),(5 47357.7),(6 50523.813),(7 48129.906),(8 50557.66),(9 51947.617),(10 51129.152),(11 53563.727),(12 55297.38),(13 55696.17),(14 56460.836),(15 57244.14),(16 58905.83),(17 57373.69),(18 60610.914),(19 60080.813),(20 58978.855),(21 61515.24),(22 61974.082),(23 63080.727),(24 62435.59),(25 63406.23),(26 63873.39),(27 62160.758),(28 65154.453),(29 64311.406),(30 64592.42),(31 63019.12),(32 64414.85),(33 63323.508),(34 64928.04),(35 66586.695),(36 66692.77),(37 66734.23),(38 67371.97),(39 67971.805),(40 67324.28),(41 67927.59),(42 67693.58),(43 68779.95),(44 68092.56),(45 67000.58),(46 69785.13),(47 69849.914),(48 68298.82),(49 70165.95),(50 70426.16),(51 71028.68),(52 69431.61),(53 70143.96),(54 69986.75),(55 72063.555),(56 73138.27),(57 73484.055),(58 73526.32),(59 72613.6),(60 75416.57),(61 73527.87),(62 73121.81),(63 74042.92),(64 72144.22),(65 74965.414),(66 75116.25),(67 76460.336),(68 76092.02),(69 75530.81),(70 75799.05),(71 77259.24),(72 76704.61),(73 77856.664),(74 75744.3),(75 77954.94),(76 77197.33),(77 74879.2),(78 76316.305),(79 75531.305),
(1 47069.895),(2 38961.863),(3 44360.508),(4 43737.957),(5 42807.87),(6 45960.52),(7 47411.242),(8 48985.51),(9 48895.008),(10 48082.305),(11 50904.67),(12 52299.2),(13 52891.18),(14 52519.617),(15 54553.61),(16 55626.1),(17 56425.477),(18 58080.79),(19 56633.16),(20 58178.89),(21 60288.734),(22 59283.68),(23 62925.703),(24 59845.688),(25 60682.895),(26 63174.715),(27 61445.39),(28 63678.508),(29 63484.816),(30 64450.14),(31 65355.605),(32 63971.75),(33 63586.16),(34 63062.4),(35 61615.84),(36 63277.973),(37 63509.977),(38 63067.46),(39 64408.965),(40 64861.168),(41 64405.754),(42 62180.7),(43 64792.316),(44 63492.71),(45 64812.434),(46 65359.207),(47 65411.984),(48 63890.45),(49 64373.008),(50 64574.05),(51 65022.69),(52 65179.86),(53 66693.33),(54 66893.92),(55 66290.695),(56 68107.234),(57 68834.3),(58 68548.96),(59 68202.16),(60 68380.82),(61 65534.617),(62 68750),(63 67660.3),(64 68773.945),(65 69068.67),(66 68887.93),(67 70389.97),(68 68353.84),(69 69222.76),(70 70242.375),(71 68127.45),(72 68886.81),(73 69437.5),(74 70322.8),(75 70626.43),(76 70691.32),(77 68359.984),(78 70585.97),(79 71129.53),
(1 48662.953),(2 40415.24),(3 45540.445),(4 47694.016),(5 45626.52),(6 47077.953),(7 48687.695),(8 49742.77),(9 52076.156),(10 53094.563),(11 54174.008),(12 56408.195),(13 56397.906),(14 56302.42),(15 60075.5),(16 59419.867),(17 58695.727),(18 59979.082),(19 58852.984),(20 60239.984),(21 60003.23),(22 60715.55),(23 63672.816),(24 62430.246),(25 62490.055),(26 65577.87),(27 62974.07),(28 64085.973),(29 64622.9),(30 64292.6),(31 63868.684),(32 62017.496),(33 63700.66),(34 63622.625),(35 61781.305),(36 63625.695),(37 65418.07),(38 65422.008),(39 64318.28),(40 67048.27),(41 64430.047),(42 62767.363),(43 65208.215),(44 64549.76),(45 64807.83),(46 65690.23),(47 65431.777),(48 62781.504),(49 64151.977),(50 65132.223),(51 64243.348),(52 63952.387),(53 66347.516),(54 65168.21),(55 64740.86),(56 66821.586),(57 65289.19),(58 66666.02),(59 66919.44),(60 67276.36),(61 66153.83),(62 68120.52),(63 69104.445),(64 69284.414),(65 69786.66),(66 69035.016),(67 70267.16),(68 68708.8),(69 69707.125),(70 71430.98),(71 68960.03),(72 72039.87),(73 70916.86),(74 72320.08),(75 71768.836),(76 70881.63),(77 71868.51),(78 70752.08),(79 72911.484),
(1 45243.96),(2 37933.12),(3 42874.676),(4 43653.6),(5 42155.418),(6 44090.254),(7 46346.316),(8 46343.906),(9 49245.895),(10 50086.418),(11 49847.82),(12 52064.26),(13 51923.637),(14 54041.15),(15 55431.96),(16 55283.074),(17 55459.793),(18 55675.203),(19 56221.395),(20 57012.46),(21 57221.22),(22 58414.703),(23 58124.4),(24 58182.016),(25 57838.6),(26 59014.668),(27 58605.766),(28 59624.92),(29 59903.293),(30 58071.688),(31 59816.992),(32 59220.426),(33 59572.773),(34 59059.996),(35 60548.477),(36 60321.008),(37 59899.457),(38 59688.56),(39 59684.656),(40 59746.93),(41 60049.23),(42 59106.3),(43 60341.79),(44 60844.04),(45 61362.184),(46 60101.52),(47 59510.17),(48 60799.973),(49 61966.22),(50 63034.984),(51 61925.56),(52 62688.387),(53 63762.27),(54 63048.063),(55 63272.695),(56 64324.043),(57 63087.64),(58 62031.695),(59 64195.15),(60 64864.684),(61 64639.74),(62 65044.336),(63 63269.516),(64 63084.582),(65 64437.21),(66 67838.9),(67 67796.945),(68 64557.05),(69 64341.926),(70 65460.234),(71 65900.32),(72 65720.805),(73 66142.51),(74 65575.664),(75 65020.645),(76 65671.625),(77 67191.84),(78 64773.715),(79 65638.68),
(1 42195.082),(2 34572.51),(3 41553.62),(4 40109.055),(5 40635.336),(6 42533.5),(7 44640.51),(8 44172.637),(9 46163.63),(10 47211.734),(11 47030.195),(12 47694.55),(13 46840.016),(14 48209.977),(15 49768.64),(16 49389.293),(17 50761.645),(18 53022.477),(19 53369.418),(20 53153.977),(21 52460.15),(22 53254.266),(23 53850.55),(24 56123.32),(25 54895.074),(26 55690.9),(27 54978.336),(28 56013.207),(29 56717.117),(30 56328.168),(31 56822.38),(32 58050.793),(33 58537.617),(34 58076.64),(35 58878.38),(36 55611.234),(37 57291.31),(38 57665.273),(39 55498.676),(40 57652.984),(41 58957.875),(42 59759.016),(43 58806.86),(44 57473.766),(45 57399.758),(46 58832.77),(47 59615.434),(48 59301.234),(49 61593.88),(50 62058.793),(51 61604.727),(52 60923.56),(53 63179.984),(54 62131.99),(55 62323.26),(56 61879.934),(57 62466.06),(58 59786.023),(59 60975.813),(60 61246.293),(61 63421.246),(62 63728.8),(63 65138.566),(64 65512.297),(65 63394.465),(66 65372.707),(67 66641.61),(68 64766.95),(69 64116.832),(70 62909.668),(71 63674.715),(72 64727.86),(73 64947.668),(74 64251.38),(75 64898.91),(76 64317.56),(77 64579.004),(78 64490.242),(79 63636.945),
(1 41287.883),(2 32799.12),(3 40381.59),(4 39174.656),(5 42064.836),(6 40850.125),(7 42762.82),(8 42238.97),(9 43193.3),(10 44310.473),(11 45730.418),(12 47556.8),(13 46968.41),(14 47686.977),(15 48786.57),(16 48608.2),(17 49950.44),(18 50363.17),(19 50696.9),(20 50484.59),(21 51485.945),(22 51839.926),(23 51810.883),(24 51589.645),(25 51736.676),(26 51127.31),(27 52112.71),(28 53646.48),(29 53765.06),(30 55382.31),(31 55853.313),(32 56630.754),(33 53976.58),(34 55396.043),(35 56409.465),(36 54269.918),(37 56509.14),(38 57786.758),(39 56344.31),(40 57081.387),(41 56522.945),(42 58391.39),(43 57965.566),(44 58117.16),(45 59570.883),(46 60203.15),(47 57600.31),(48 57722.82),(49 58193.523),(50 58047.336),(51 59513.05),(52 60169.74),(53 60496.984),(54 57615.176),(55 57536.465),(56 57751.242),(57 59067.684),(58 57983.063),(59 59103.023),(60 58195.73),(61 59329.57),(62 60295.523),(63 60302.074),(64 59923.086),(65 60018.92),(66 60568.418),(67 61415.285),(68 59924.3),(69 61936.285),(70 61914.117),(71 61708.543),(72 61216.063),(73 60131.81),(74 61742.03),(75 60881.15),(76 60767.94),(77 61449.863),(78 61877.133),(79 61918.21),
