1.5,2.5,3.5,4.5,5.5,6.5,7.5,8.5,9.5,10.5,11.5,12.5,13.5,14.5,15.5,16.5,17.5,18.5,19.5,20.5,21.5,22.5,23.5,24.5,25.5,26.5,27.5,28.5,29.5,30.5,31.5,32.5,33.5,34.5,35.5,36.5,37.5,38.5,39.5,40.5,41.5,42.5,43.5,44.5,45.5,46.5,47.5,48.5,49.5,50.5,51.5,52.5,53.5,54.5,55.5,56.5,57.5,58.5,59.5,60.5,61.5,62.5,63.5,64.5,65.5,66.5,67.5,68.5,69.5,70.5,
(1 0.013207891),(2 0.025750592),(3 0.04337124),(4 0.06536624),(5 0.09110109),(6 0.120069705),(7 0.15182954),(8 0.18625562),(9 0.22283518),(10 0.2618176),(11 0.3027139),(12 0.3455261),(13 0.39026895),(14 0.43669546),(15 0.48452693),(16 0.53403246),(17 0.58485025),(18 0.637081),(19 0.6906253),(20 0.74469066),(21 0.80018634),(22 0.8565985),(23 0.9138045),(24 0.9714656),(25 1.0301856),(26 1.0889201),(27 1.1483635),(28 1.2077416),(29 1.267629),(30 1.3274593),(31 1.3871511),(32 1.4470537),(33 1.5065936),(34 1.5653406),(35 1.6237822),(36 1.6809994),(37 1.7378383),(38 1.7942187),(39 1.8497349),(40 1.9044774),(41 1.9582003),(42 2.0103743),(43 2.062191),(44 2.1122189),(45 2.1609917),(46 2.2083437),(47 2.25495),(48 2.2996163),(49 2.3425946),(50 2.3839195),(51 2.4237437),(52 2.4621074),(53 2.4993236),(54 2.5349724),(55 2.5689719),(56 2.6017492),(57 2.6325984),(58 2.6619802),(59 2.6895316),(60 2.715851),(61 2.7402544),(62 2.7634668),(63 2.785076),(64 2.805186),(65 2.8244276),(66 2.8419952),(67 2.8579876),(68 2.8729243),(69 2.8867202),(70 2.899039),(71 2.910499),(72 2.9204175),(73 2.929308),(74 2.9366105),(75 2.9430373),(76 2.948481),(77 2.9530237),(78 2.956406),(79 2.958891),
(1 0.03475738),(2 0.06984226),(3 0.120193206),(4 0.18492723),(5 0.26230693),(6 0.3512579),(7 0.4506151),(8 0.55961156),(9 0.67758477),(10 0.8041888),(11 0.93803596),(12 1.0787668),(13 1.2257587),(14 1.3783575),(15 1.5359442),(16 1.6981153),(17 1.8636069),(18 2.032143),(19 2.2030482),(20 2.374752),(21 2.547948),(22 2.7214723),(23 2.8939216),(24 3.0645308),(25 3.234583),(26 3.40145),(27 3.5654366),(28 3.7258034),(29 3.8826056),(30 4.034964),(31 4.1819806),(32 4.324693),(33 4.4616876),(34 4.592282),(35 4.7173095),(36 4.835525),(37 4.9467654),(38 5.050976),(39 5.1481504),(40 5.2381144),(41 5.320464),(42 5.395198),(43 5.463351),(44 5.5227103),(45 5.5754204),(46 5.619692),(47 5.6577826),(48 5.6881995),(49 5.7115555),(50 5.7276874),(51 5.736686),(52 5.739628),(53 5.7370296),(54 5.728757),(55 5.714004),(56 5.6945267),(57 5.6697755),(58 5.6405845),(59 5.6072564),(60 5.5710588),(61 5.531122),(62 5.487694),(63 5.442163),(64 5.3945966),(65 5.3458614),(66 5.295016),(67 5.242892),(68 5.188959),(69 5.135292),(70 5.0809402),(71 5.0263996),(72 4.9712806),(73 4.9163094),(74 4.8620124),(75 4.8075876),(76 4.754944),(77 4.7022915),(78 4.650973),(79 4.6012917),
(1 0.06288186),(2 0.12756734),(3 0.22165944),(4 0.34313646),(5 0.48944607),(6 0.65853053),(7 0.8476024),(8 1.055435),(9 1.2798481),(10 1.5195146),(11 1.7710665),(12 2.032687),(13 2.3032625),(14 2.580107),(15 2.8617737),(16 3.1453278),(17 3.4286141),(18 3.7112603),(19 3.9891753),(20 4.2621818),(21 4.5282397),(22 4.7853727),(23 5.0322003),(24 5.267324),(25 5.4905896),(26 5.6992884),(27 5.8935423),(28 6.0721054),(29 6.234232),(30 6.3797493),(31 6.5080404),(32 6.6188064),(33 6.712401),(34 6.788232),(35 6.846416),(36 6.887108),(37 6.911044),(38 6.9200826),(39 6.9139996),(40 6.8934073),(41 6.8590636),(42 6.8108816),(43 6.7518106),(44 6.682009),(45 6.602672),(46 6.515041),(47 6.4208593),(48 6.3202925),(49 6.2152996),(50 6.1060624),(51 5.9944124),(52 5.881107),(53 5.7679734),(54 5.65618),(55 5.5465193),(56 5.4393225),(57 5.3359365),(58 5.236844),(59 5.1432853),(60 5.0556445),(61 4.975369),(62 4.9023376),(63 4.837387),(64 4.7805705),(65 4.7324786),(66 4.692893),(67 4.661399),(68 4.6385217),(69 4.6244555),(70 4.6192226),(71 4.6214995),(72 4.631322),(73 4.649801),(74 4.673608),(75 4.7052207),(76 4.7433186),(77 4.787352),(78 4.8360324),(79 4.890335),
(1 0.14079551),(2 0.28627387),(3 0.49853188),(4 0.77170736),(5 1.1002797),(6 1.4777966),(7 1.8983079),(8 2.3551922),(9 2.8427231),(10 3.3540545),(11 3.88282),(12 4.421588),(13 4.96653),(14 5.510042),(15 6.045581),(16 6.565917),(17 7.068025),(18 7.5461082),(19 7.9947033),(20 8.41015),(21 8.789321),(22 9.127499),(23 9.4256115),(24 9.681518),(25 9.891973),(26 10.059598),(27 10.183533),(28 10.263968),(29 10.303625),(30 10.302964),(31 10.264591),(32 10.1912),(33 10.084375),(34 9.948189),(35 9.785946),(36 9.60054),(37 9.397352),(38 9.178093),(39 8.950971),(40 8.715452),(41 8.476364),(42 8.23886),(43 8.004374),(44 7.777346),(45 7.5619946),(46 7.3580537),(47 7.170252),(48 6.9987106),(49 6.846129),(50 6.7146387),(51 6.603136),(52 6.513882),(53 6.4479885),(54 6.4035726),(55 6.3796415),(56 6.3772073),(57 6.3950086),(58 6.4318924),(59 6.4850583),(60 6.5566187),(61 6.6426454),(62 6.7400246),(63 6.849921),(64 6.967984),(65 7.0930214),(66 7.221505),(67 7.351378),(68 7.48256),(69 7.6128354),(70 7.739872),(71 7.863006),(72 7.977834),(73 8.085088),(74 8.185116),(75 8.274243),(76 8.353803),(77 8.420426),(78 8.476509),(79 8.519378),
(1 0.22992039),(2 0.47320148),(3 0.8289177),(4 1.2863103),(5 1.8337644),(6 2.4578302),(7 3.1450944),(8 3.8815975),(9 4.655607),(10 5.452653),(11 6.2577868),(12 7.057553),(13 7.8411255),(14 8.596456),(15 9.310374),(16 9.970598),(17 10.5717745),(18 11.106481),(19 11.568317),(20 11.952936),(21 12.25629),(22 12.479816),(23 12.623889),(24 12.689484),(25 12.681053),(26 12.605425),(27 12.467609),(28 12.274477),(29 12.033593),(30 11.751205),(31 11.438686),(32 11.104166),(33 10.756244),(34 10.402548),(35 10.051724),(36 9.708467),(37 9.385452),(38 9.083289),(39 8.810577),(40 8.569132),(41 8.362317),(42 8.192875),(43 8.063519),(44 7.9747005),(45 7.9257717),(46 7.912952),(47 7.938906),(48 7.9984446),(49 8.086216),(50 8.200903),(51 8.338305),(52 8.493471),(53 8.662445),(54 8.84138),(55 9.024371),(56 9.207087),(57 9.3849945),(58 9.554987),(59 9.714041),(60 9.858273),(61 9.985598),(62 10.094145),(63 10.182962),(64 10.250892),(65 10.295301),(66 10.318927),(67 10.321863),(68 10.303017),(69 10.26514),(70 10.211551),(71 10.143163),(72 10.060438),(73 9.968636),(74 9.869718),(75 9.7646265),(76 9.657737),(77 9.549604),(78 9.444268),(79 9.342838),
(1 0.27243203),(2 0.5590805),(3 0.9766298),(4 1.5074826),(5 2.1343343),(6 2.8387196),(7 3.6003647),(8 4.399708),(9 5.216621),(10 6.0291),(11 6.8199387),(12 7.5700784),(13 8.266256),(14 8.891099),(15 9.436397),(16 9.890887),(17 10.250212),(18 10.510435),(19 10.675213),(20 10.74261),(21 10.717712),(22 10.608947),(23 10.4273815),(24 10.182241),(25 9.885167),(26 9.553156),(27 9.197156),(28 8.828711),(29 8.461438),(30 8.1058235),(31 7.775262),(32 7.478719),(33 7.2241993),(34 7.018901),(35 6.8687983),(36 6.774895),(37 6.7415824),(38 6.763754),(39 6.839511),(40 6.963723),(41 7.131234),(42 7.3377514),(43 7.5711474),(44 7.8252535),(45 8.090668),(46 8.35997),(47 8.622691),(48 8.872857),(49 9.102303),(50 9.303695),(51 9.473066),(52 9.607197),(53 9.702439),(54 9.7591095),(55 9.775324),(56 9.753387),(57 9.693413),(58 9.600892),(59 9.479448),(60 9.3344),(61 9.169482),(62 8.993747),(63 8.812095),(64 8.631527),(65 8.456302),(66 8.291876),(67 8.141476),(68 8.0131855),(69 7.9061933),(70 7.8245625),(71 7.7709785),(72 7.7436833),(73 7.745613),(74 7.7748466),(75 7.8302736),(76 7.9058266),(77 8.001399),(78 8.113169),(79 8.23746),
(1 0.44102103),(2 0.9081304),(3 1.5843607),(4 2.4370499),(5 3.4329307),(6 4.5339236),(7 5.7058744),(8 6.9061995),(9 8.099563),(10 9.251439),(11 10.325075),(12 11.297576),(13 12.143429),(14 12.845244),(15 13.390966),(16 13.774274),(17 13.99768),(18 14.066091),(19 13.989124),(20 13.78086),(21 13.460395),(22 13.047912),(23 12.569628),(24 12.0462675),(25 11.502793),(26 10.962551),(27 10.447592),(28 9.973709),(29 9.558464),(30 9.216349),(31 8.951478),(32 8.770793),(33 8.673758),(34 8.661907),(35 8.726902),(36 8.860451),(37 9.055775),(38 9.298771),(39 9.577179),(40 9.875544),(41 10.180959),(42 10.483584),(43 10.768513),(44 11.025705),(45 11.245704),(46 11.42562),(47 11.55971),(48 11.646023),(49 11.681773),(50 11.674761),(51 11.621101),(52 11.527483),(53 11.405604),(54 11.258449),(55 11.092971),(56 10.921405),(57 10.749374),(58 10.58367),(59 10.434305),(60 10.304883),(61 10.1970625),(62 10.11634),(63 10.067149),(64 10.048006),(65 10.055231),(66 10.091403),(67 10.153615),(68 10.237331),(69 10.339503),(70 10.4523),(71 10.571675),(72 10.692884),(73 10.811889),(74 10.923495),(75 11.021268),(76 11.105417),(77 11.171912),(78 11.219794),(79 11.244725),
(1 0.61333686),(2 1.2450094),(3 2.143706),(4 3.256357),(5 4.5325747),(6 5.9088335),(7 7.3304453),(8 8.733981),(9 10.070328),(10 11.289121),(11 12.352324),(12 13.227408),(13 13.896605),(14 14.350497),(15 14.586871),(16 14.617556),(17 14.460679),(18 14.142457),(19 13.695195),(20 13.149825),(21 12.548194),(22 11.930438),(23 11.329793),(24 10.774359),(25 10.294122),(26 9.911273),(27 9.640122),(28 9.487382),(29 9.452187),(30 9.532856),(31 9.716452),(32 9.987812),(33 10.32901),(34 10.714794),(35 11.125584),(36 11.537427),(37 11.922878),(38 12.273216),(39 12.56576),(40 12.788896),(41 12.937089),(42 13.004494),(43 12.993362),(44 12.9099655),(45 12.758808),(46 12.552785),(47 12.30848),(48 12.035941),(49 11.751768),(50 11.472148),(51 11.209498),(52 10.975991),(53 10.783209),(54 10.63241),(55 10.532929),(56 10.4885435),(57 10.496614),(58 10.555752),(59 10.662826),(60 10.805529),(61 10.9808235),(62 11.172669),(63 11.378055),(64 11.586501),(65 11.783675),(66 11.962884),(67 12.116634),(68 12.236752),(69 12.3229),(70 12.370862),(71 12.383989),(72 12.360837),(73 12.304497),(74 12.221055),(75 12.11621),(76 11.994739),(77 11.860579),(78 11.727343),(79 11.595425),
(1 0.8219969),(2 1.6548313),(3 2.8332472),(4 4.269773),(5 5.8869762),(6 7.595129),(7 9.304502),(8 10.932969),(9 12.411516),(10 13.675661),(11 14.688678),(12 15.426062),(13 15.874042),(14 16.04006),(15 15.940474),(16 15.611727),(17 15.099574),(18 14.4523325),(19 13.729225),(20 12.97866),(21 12.253948),(22 11.600269),(23 11.047207),(24 10.624521),(25 10.345543),(26 10.213289),(27 10.226349),(28 10.368017),(29 10.618245),(30 10.947271),(31 11.329739),(32 11.735287),(33 12.13466),(34 12.504826),(35 12.822656),(36 13.072856),(37 13.239973),(38 13.329202),(39 13.336315),(40 13.26819),(41 13.140029),(42 12.964262),(43 12.758362),(44 12.539389),(45 12.323309),(46 12.131045),(47 11.973478),(48 11.859412),(49 11.788739),(50 11.769956),(51 11.799011),(52 11.868274),(53 11.97448),(54 12.097279),(55 12.233421),(56 12.367421),(57 12.498363),(58 12.6139145),(59 12.703288),(60 12.764804),(61 12.795473),(62 12.798933),(63 12.774606),(64 12.729052),(65 12.665002),(66 12.593187),(67 12.515175),(68 12.442342),(69 12.37862),(70 12.322383),(71 12.288104),(72 12.268025),(73 12.268691),(74 12.287104),(75 12.32514),(76 12.371488),(77 12.427261),(78 12.493051),(79 12.562269),
(1 0.9864134),(2 1.9960546),(3 3.4121735),(4 5.1147513),(5 6.9868317),(6 8.910472),(7 10.765598),(8 12.456525),(9 13.890068),(10 15.011403),(11 15.780368),(12 16.190804),(13 16.253838),(14 16.012152),(15 15.51363),(16 14.831838),(17 14.040028),(18 13.2131815),(19 12.42147),(20 11.726799),(21 11.174713),(22 10.796935),(23 10.607751),(24 10.601733),(25 10.761091),(26 11.058635),(27 11.458043),(28 11.921356),(29 12.40089),(30 12.849982),(31 13.23624),(32 13.534432),(33 13.727279),(34 13.807656),(35 13.78457),(36 13.65936),(37 13.453425),(38 13.192583),(39 12.899367),(40 12.603591),(41 12.3296175),(42 12.100483),(43 11.931334),(44 11.83268),(45 11.814882),(46 11.874569),(47 11.999432),(48 12.175543),(49 12.384701),(50 12.603924),(51 12.825458),(52 13.019885),(53 13.177344),(54 13.280089),(55 13.33518),(56 13.335665),(57 13.281252),(58 13.185798),(59 13.055228),(60 12.901731),(61 12.749473),(62 12.603063),(63 12.481567),(64 12.390478),(65 12.338466),(66 12.329424),(67 12.357859),(68 12.424745),(69 12.521786),(70 12.635494),(71 12.762481),(72 12.888649),(73 13.000919),(74 13.093414),(75 13.162101),(76 13.198619),(77 13.203711),(78 13.176208),(79 13.121853),
(1 1.0347189),(2 2.0889633),(3 3.5433824),(4 5.2589264),(5 7.0982366),(6 8.916768),(7 10.588899),(8 12.008096),(9 13.094347),(10 13.813055),(11 14.151699),(12 14.138288),(13 13.82301),(14 13.272141),(15 12.57286),(16 11.807781),(17 11.066498),(18 10.418707),(19 9.926964),(20 9.620602),(21 9.51995),(22 9.620323),(23 9.888305),(24 10.288936),(25 10.772624),(26 11.285735),(27 11.771965),(28 12.191733),(29 12.505415),(30 12.697676),(31 12.754692),(32 12.681371),(33 12.494998),(34 12.229943),(35 11.909678),(36 11.577835),(37 11.264139),(38 10.999759),(39 10.804359),(40 10.695418),(41 10.678757),(42 10.746967),(43 10.886298),(44 11.080235),(45 11.308061),(46 11.5450535),(47 11.763792),(48 11.945778),(49 12.080303),(50 12.152638),(51 12.159941),(52 12.106266),(53 11.999499),(54 11.855542),(55 11.684042),(56 11.503752),(57 11.331423),(58 11.180883),(59 11.063308),(60 10.984329),(61 10.954183),(62 10.969763),(63 11.019144),(64 11.104923),(65 11.212169),(66 11.331778),(67 11.453942),(68 11.5591955),(69 11.64482),(70 11.704903),(71 11.733457),(72 11.738123),(73 11.720526),(74 11.684771),(75 11.636981),(76 11.5836115),(77 11.526236),(78 11.476466),(79 11.435575),
(1 1.5249193),(2 3.0443757),(3 5.1029677),(4 7.4823666),(5 9.966267),(6 12.338716),(7 14.422402),(8 16.079144),(9 17.218372),(10 17.829855),(11 17.927057),(12 17.591045),(13 16.917974),(14 16.028654),(15 15.051611),(16 14.112994),(17 13.312404),(18 12.725073),(19 12.378668),(20 12.285656),(21 12.430067),(22 12.762499),(23 13.221352),(24 13.736614),(25 14.244759),(26 14.683614),(27 14.999564),(28 15.178587),(29 15.20266),(30 15.087999),(31 14.866369),(32 14.573739),(33 14.252313),(34 13.936736),(35 13.683452),(36 13.507304),(37 13.431451),(38 13.446324),(39 13.559056),(40 13.745098),(41 13.969055),(42 14.207705),(43 14.429088),(44 14.606803),(45 14.7285595),(46 14.776757),(47 14.758658),(48 14.677387),(49 14.545691),(50 14.384314),(51 14.215508),(52 14.054485),(53 13.918768),(54 13.827012),(55 13.779427),(56 13.775388),(57 13.814267),(58 13.882201),(59 13.973183),(60 14.073637),(61 14.169537),(62 14.253726),(63 14.327645),(64 14.381937),(65 14.414963),(66 14.42608),(67 14.418802),(68 14.386721),(69 14.34826),(70 14.306133),(71 14.25989),(72 14.219555),(73 14.184379),(74 14.159339),(75 14.145836),(76 14.142253),(77 14.145931),(78 14.152017),(79 14.16686),
(1 1.7006035),(2 3.3614962),(3 5.57343),(4 8.065263),(5 10.566081),(6 12.843249),(7 14.6993),(8 16.016094),(9 16.739971),(10 16.88801),(11 16.551163),(12 15.8562155),(13 14.948821),(14 13.981554),(15 13.091567),(16 12.394234),(17 11.964765),(18 11.83177),(19 11.975545),(20 12.354917),(21 12.8924675),(22 13.496844),(23 14.083478),(24 14.570145),(25 14.918142),(26 15.079589),(27 15.047848),(28 14.85142),(29 14.526184),(30 14.119426),(31 13.699431),(32 13.321155),(33 13.014157),(34 12.819188),(35 12.746264),(36 12.786623),(37 12.935026),(38 13.151445),(39 13.400885),(40 13.651995),(41 13.862867),(42 14.02101),(43 14.104979),(44 14.10414),(45 14.041197),(46 13.923572),(47 13.78027),(48 13.634551),(49 13.502876),(50 13.408119),(51 13.357633),(52 13.357781),(53 13.399595),(54 13.469292),(55 13.5608015),(56 13.652632),(57 13.741766),(58 13.805545),(59 13.843005),(60 13.847035),(61 13.828993),(62 13.781618),(63 13.71787),(64 13.652754),(65 13.580938),(66 13.525386),(67 13.4882765),(68 13.466489),(69 13.467425),(70 13.482901),(71 13.511357),(72 13.54385),(73 13.578811),(74 13.614121),(75 13.646431),(76 13.666818),(77 13.676008),(78 13.676992),(79 13.663403),
(1 1.8764237),(2 3.6876755),(3 6.060287),(4 8.666473),(5 11.1985445),(6 13.385172),(7 15.045829),(8 16.063349),(9 16.435743),(10 16.228195),(11 15.583577),(12 14.67009),(13 13.661266),(14 12.716246),(15 11.968796),(16 11.499149),(17 11.329554),(18 11.439866),(19 11.778316),(20 12.252794),(21 12.775177),(22 13.2613535),(23 13.638983),(24 13.870718),(25 13.9477825),(26 13.867283),(27 13.669568),(28 13.400159),(29 13.118415),(30 12.868226),(31 12.683242),(32 12.596434),(33 12.593133),(34 12.679949),(35 12.838764),(36 13.029178),(37 13.223294),(38 13.3866),(39 13.505212),(40 13.56022),(41 13.541297),(42 13.465851),(43 13.3470125),(44 13.207695),(45 13.072102),(46 12.968969),(47 12.909342),(48 12.890513),(49 12.919722),(50 12.977285),(51 13.064012),(52 13.152596),(53 13.231218),(54 13.293837),(55 13.331607),(56 13.342128),(57 13.3276205),(58 13.28351),(59 13.224828),(60 13.159426),(61 13.098514),(62 13.053535),(63 13.026523),(64 13.019281),(65 13.035536),(66 13.066387),(67 13.113769),(68 13.166175),(69 13.2165575),(70 13.263828),(71 13.290913),(72 13.312104),(73 13.318764),(74 13.310495),(75 13.282124),(76 13.249276),(77 13.2150345),(78 13.181454),(79 13.161783),
(1 1.9483192),(2 3.8136055),(3 6.2142158),(4 8.774287),(5 11.156853),(6 13.08934),(7 14.396275),(8 15.014306),(9 14.987638),(10 14.448206),(11 13.5901165),(12 12.609897),(13 11.698316),(14 10.998969),(15 10.6065035),(16 10.5229845),(17 10.733134),(18 11.14177),(19 11.657963),(20 12.172863),(21 12.597541),(22 12.876653),(23 12.973107),(24 12.897372),(25 12.697537),(26 12.419204),(27 12.132187),(28 11.882741),(29 11.713579),(30 11.643676),(31 11.674303),(32 11.793412),(33 11.965761),(34 12.160842),(35 12.34228),(36 12.477226),(37 12.548597),(38 12.5514145),(39 12.490571),(40 12.388799),(41 12.272857),(42 12.162511),(43 12.081838),(44 12.049852),(45 12.054274),(46 12.103251),(47 12.181291),(48 12.269896),(49 12.350327),(50 12.4074135),(51 12.4287405),(52 12.412926),(53 12.363347),(54 12.290749),(55 12.208854),(56 12.136528),(57 12.087703),(58 12.065196),(59 12.064462),(60 12.098212),(61 12.133651),(62 12.177624),(63 12.21515),(64 12.247067),(65 12.261718),(66 12.262246),(67 12.258015),(68 12.249964),(69 12.244151),(70 12.244787),(71 12.242854),(72 12.238577),(73 12.239701),(74 12.238317),(75 12.237804),(76 12.230221),(77 12.217184),(78 12.202939),(79 12.18437),
(1 2.1210465),(2 4.113997),(3 6.610543),(4 9.197321),(5 11.4868555),(6 13.224554),(7 14.248411),(8 14.560095),(9 14.252773),(10 13.517838),(11 12.586886),(12 11.672371),(13 10.941336),(14 10.509648),(15 10.407504),(16 10.604321),(17 11.01017),(18 11.510718),(19 11.997216),(20 12.383405),(21 12.602086),(22 12.642738),(23 12.516206),(24 12.279177),(25 11.997516),(26 11.724591),(27 11.528567),(28 11.438363),(29 11.460517),(30 11.572387),(31 11.74813),(32 11.94583),(33 12.134246),(34 12.258311),(35 12.306583),(36 12.2736),(37 12.1829405),(38 12.062201),(39 11.928563),(40 11.820192),(41 11.752368),(42 11.73594),(43 11.763676),(44 11.823116),(45 11.904881),(46 11.978383),(47 12.036656),(48 12.059944),(49 12.055944),(50 12.01945),(51 11.968694),(52 11.905221),(53 11.841822),(54 11.797171),(55 11.762804),(56 11.750398),(57 11.758777),(58 11.792107),(59 11.841484),(60 11.89644),(61 11.946934),(62 11.975021),(63 11.983035),(64 11.965239),(65 11.924254),(66 11.867309),(67 11.804356),(68 11.747924),(69 11.711858),(70 11.699591),(71 11.710313),(72 11.739051),(73 11.788593),(74 11.842305),(75 11.896587),(76 11.933755),(77 11.96163),(78 11.972558),(79 11.973313),
(1 2.3675818),(2 4.5609455),(3 7.2511635),(4 9.93558),(5 12.212661),(6 13.80587),(7 14.587069),(8 14.610367),(9 14.045703),(10 13.136588),(11 12.164791),(12 11.344142),(13 10.813391),(14 10.644995),(15 10.8034525),(16 11.191441),(17 11.686477),(18 12.15627),(19 12.504366),(20 12.668957),(21 12.6462755),(22 12.473019),(23 12.202092),(24 11.913465),(25 11.667972),(26 11.524407),(27 11.490217),(28 11.566482),(29 11.716631),(30 11.886276),(31 12.05251),(32 12.163598),(33 12.212205),(34 12.184592),(35 12.108016),(36 12.0013075),(37 11.902652),(38 11.835337),(39 11.800642),(40 11.814544),(41 11.86208),(42 11.9321995),(43 12.009487),(44 12.066727),(45 12.092068),(46 12.08539),(47 12.046371),(48 11.986862),(49 11.924728),(50 11.8746395),(51 11.848886),(52 11.852005),(53 11.879121),(54 11.9214735),(55 11.983153),(56 12.036645),(57 12.079416),(58 12.096188),(59 12.092843),(60 12.069252),(61 12.031417),(62 11.991176),(63 11.962836),(64 11.928858),(65 11.907449),(66 11.901061),(67 11.901579),(68 11.916944),(69 11.929851),(70 11.941969),(71 11.962401),(72 11.970703),(73 11.971189),(74 11.969341),(75 11.963753),(76 11.953332),(77 11.938795),(78 11.928838),(79 11.924176),
(1 2.4073157),(2 4.561438),(3 7.137452),(4 9.606138),(5 11.550475),(6 12.742289),(7 13.122265),(8 12.842192),(9 12.106977),(10 11.214744),(11 10.419121),(12 9.904617),(13 9.737893),(14 9.914254),(15 10.322664),(16 10.829886),(17 11.286793),(18 11.596563),(19 11.702388),(20 11.603586),(21 11.351676),(22 11.035855),(23 10.725578),(24 10.503881),(25 10.412488),(26 10.456989),(27 10.599092),(28 10.796196),(29 10.989621),(30 11.12804),(31 11.200092),(32 11.191461),(33 11.122309),(34 11.01403),(35 10.896614),(36 10.814792),(37 10.776733),(38 10.794898),(39 10.858238),(40 10.942011),(41 11.020607),(42 11.077385),(43 11.094836),(44 11.072692),(45 11.031899),(46 10.979275),(47 10.923365),(48 10.878105),(49 10.852888),(50 10.837493),(51 10.844397),(52 10.860854),(53 10.87141),(54 10.890987),(55 10.9051),(56 10.924771),(57 10.940188),(58 10.952708),(59 10.962677),(60 10.961515),(61 10.953663),(62 10.9483595),(63 10.946338),(64 10.936485),(65 10.937723),(66 10.935892),(67 10.943404),(68 10.960592),(69 10.973757),(70 10.989119),(71 10.989811),(72 10.988123),(73 10.971321),(74 10.955925),(75 10.947695),(76 10.939782),(77 10.946003),(78 10.955706),(79 10.975861),
(1 2.4840703),(2 4.658102),(3 7.190968),(4 9.542339),(5 11.304007),(6 12.28835),(7 12.482719),(8 12.057386),(9 11.275011),(10 10.425273),(11 9.743521),(12 9.357918),(13 9.291113),(14 9.502824),(15 9.859832),(16 10.255372),(17 10.559771),(18 10.714214),(19 10.7117815),(20 10.584389),(21 10.399938),(22 10.219651),(23 10.0800905),(24 10.032971),(25 10.065576),(26 10.16486),(27 10.27705),(28 10.379844),(29 10.432655),(30 10.433526),(31 10.387836),(32 10.321003),(33 10.247252),(34 10.199698),(35 10.179144),(36 10.198394),(37 10.255005),(38 10.306504),(39 10.351973),(40 10.375396),(41 10.363583),(42 10.336043),(43 10.2962055),(44 10.256145),(45 10.234652),(46 10.227842),(47 10.24584),(48 10.267734),(49 10.2985735),(50 10.313281),(51 10.319462),(52 10.316339),(53 10.303561),(54 10.288326),(55 10.263995),(56 10.246079),(57 10.237352),(58 10.240447),(59 10.25438),(60 10.278679),(61 10.306477),(62 10.332915),(63 10.351728),(64 10.35637),(65 10.346193),(66 10.3269005),(67 10.308777),(68 10.280746),(69 10.264618),(70 10.258433),(71 10.260244),(72 10.266352),(73 10.277667),(74 10.286108),(75 10.292168),(76 10.285851),(77 10.278086),(78 10.276046),(79 10.270493),
(1 2.3051572),(2 4.298646),(3 6.556216),(4 8.55474),(5 9.930892),(6 10.555588),(7 10.486664),(8 9.944536),(9 9.202),(10 8.523384),(11 8.096332),(12 7.9755144),(13 8.127149),(14 8.448551),(15 8.808067),(16 9.097964),(17 9.248118),(18 9.235662),(19 9.103368),(20 8.912212),(21 8.731641),(22 8.618673),(23 8.589175),(24 8.643261),(25 8.748366),(26 8.864539),(27 8.958023),(28 8.99528),(29 8.98039),(30 8.927729),(31 8.864295),(32 8.80415),(33 8.766979),(34 8.7678795),(35 8.7986555),(36 8.846886),(37 8.895511),(38 8.923598),(39 8.933828),(40 8.921483),(41 8.88681),(42 8.841347),(43 8.8089285),(44 8.795542),(45 8.800956),(46 8.827231),(47 8.86162),(48 8.88966),(49 8.909446),(50 8.913477),(51 8.910889),(52 8.902411),(53 8.88315),(54 8.865889),(55 8.848064),(56 8.838959),(57 8.836401),(58 8.847476),(59 8.866747),(60 8.880643),(61 8.889644),(62 8.896586),(63 8.890131),(64 8.878551),(65 8.872866),(66 8.862285),(67 8.849035),(68 8.854261),(69 8.860966),(70 8.876462),(71 8.88897),(72 8.902946),(73 8.911116),(74 8.906652),(75 8.891635),(76 8.871633),(77 8.848278),(78 8.831815),(79 8.822275),
(1 2.4981172),(2 4.6160235),(3 6.939027),(4 8.90862),(5 10.1527405),(6 10.576763),(7 10.322844),(8 9.669775),(9 8.925153),(10 8.341474),(11 8.068748),(12 8.109851),(13 8.379218),(14 8.743942),(15 9.049067),(16 9.2224655),(17 9.228877),(18 9.093901),(19 8.896154),(20 8.707045),(21 8.60201),(22 8.585129),(23 8.653391),(24 8.760091),(25 8.866421),(26 8.942539),(27 8.966714),(28 8.938917),(29 8.872925),(30 8.809893),(31 8.7559595),(32 8.7385435),(33 8.745392),(34 8.777762),(35 8.822502),(36 8.849413),(37 8.85668),(38 8.851686),(39 8.827409),(40 8.804571),(41 8.795874),(42 8.7951),(43 8.806666),(44 8.835975),(45 8.850956),(46 8.857632),(47 8.855165),(48 8.845511),(49 8.828441),(50 8.826899),(51 8.829499),(52 8.829223),(53 8.834489),(54 8.8371725),(55 8.836676),(56 8.832677),(57 8.825649),(58 8.817149),(59 8.815865),(60 8.823611),(61 8.833012),(62 8.846306),(63 8.860656),(64 8.8687725),(65 8.881808),(66 8.881316),(67 8.872891),(68 8.865025),(69 8.86041),(70 8.850815),(71 8.844703),(72 8.843652),(73 8.8349285),(74 8.824062),(75 8.819383),(76 8.815994),(77 8.823019),(78 8.83624),(79 8.848518),
(1 2.1808581),(2 3.986915),(3 5.908988),(4 7.4565287),(5 8.332708),(6 8.521809),(7 8.190712),(8 7.604076),(9 7.0346384),(10 6.6775575),(11 6.592764),(12 6.7312016),(13 6.9939995),(14 7.2559743),(15 7.422384),(16 7.461386),(17 7.3908067),(18 7.256344),(19 7.1240244),(20 7.0492773),(21 7.0440755),(22 7.0961165),(23 7.1823907),(24 7.2647004),(25 7.312417),(26 7.311542),(27 7.2723403),(28 7.2165756),(29 7.174009),(30 7.150186),(31 7.1551485),(32 7.1790385),(33 7.2018695),(34 7.2208157),(35 7.2281384),(36 7.228251),(37 7.2118573),(38 7.190753),(39 7.171676),(40 7.157329),(41 7.15414),(42 7.155624),(43 7.1657987),(44 7.1726384),(45 7.1779923),(46 7.1841474),(47 7.192964),(48 7.2048483),(49 7.2189617),(50 7.228635),(51 7.238466),(52 7.234949),(53 7.2227473),(54 7.209665),(55 7.198812),(56 7.1874537),(57 7.1795897),(58 7.177983),(59 7.17838),(60 7.180351),(61 7.1894975),(62 7.188485),(63 7.1912127),(64 7.1864376),(65 7.175615),(66 7.161759),(67 7.1528063),(68 7.145286),(69 7.1470394),(70 7.1477594),(71 7.1569357),(72 7.170048),(73 7.1820436),(74 7.186309),(75 7.1912365),(76 7.1857405),(77 7.180536),(78 7.1782236),(79 7.1762943),
(1 2.025696),(2 3.6447437),(3 5.302917),(4 6.572767),(5 7.2245517),(6 7.2776165),(7 6.9300303),(8 6.427945),(9 6.007689),(10 5.7986593),(11 5.8114524),(12 5.987083),(13 6.214779),(14 6.4028916),(15 6.48139),(16 6.452844),(17 6.3578644),(18 6.2412677),(19 6.1520267),(20 6.116635),(21 6.137379),(22 6.19056),(23 6.2540464),(24 6.2982955),(25 6.3057113),(26 6.28288),(27 6.240249),(28 6.200065),(29 6.1766076),(30 6.1769934),(31 6.19285),(32 6.2158785),(33 6.2459407),(34 6.2597685),(35 6.2682877),(36 6.2706075),(37 6.2623954),(38 6.2458777),(39 6.2353296),(40 6.2281027),(41 6.227739),(42 6.2257013),(43 6.226006),(44 6.227187),(45 6.227837),(46 6.2291203),(47 6.233606),(48 6.238863),(49 6.246521),(50 6.2503214),(51 6.2503886),(52 6.24342),(53 6.2303753),(54 6.221113),(55 6.217639),(56 6.219941),(57 6.2210073),(58 6.2290487),(59 6.241351),(60 6.2573357),(61 6.266839),(62 6.2758784),(63 6.275239),(64 6.2709208),(65 6.262002),(66 6.247512),(67 6.2375607),(68 6.2339892),(69 6.233796),(70 6.2412114),(71 6.247591),(72 6.25077),(73 6.2408166),(74 6.236301),(75 6.2287784),(76 6.2272253),(77 6.2304144),(78 6.2382383),(79 6.2538657),
(1 2.1660666),(2 3.851338),(3 5.5271),(4 6.7524605),(5 7.3055625),(6 7.254536),(7 6.83681),(8 6.3364806),(9 5.9601765),(10 5.812988),(11 5.870009),(12 6.0473905),(13 6.23495),(14 6.35745),(15 6.3820934),(16 6.3321233),(17 6.247613),(18 6.1793437),(19 6.151729),(20 6.174892),(21 6.2234015),(22 6.2762737),(23 6.309714),(24 6.305595),(25 6.270629),(26 6.222271),(27 6.1850457),(28 6.169939),(29 6.1832123),(30 6.2102942),(31 6.2411113),(32 6.259104),(33 6.264556),(34 6.257925),(35 6.237963),(36 6.2236595),(37 6.2163677),(38 6.2200437),(39 6.2334914),(40 6.2490497),(41 6.2671785),(42 6.2721663),(43 6.2684097),(44 6.246629),(45 6.225756),(46 6.204585),(47 6.198741),(48 6.1897016),(49 6.1949887),(50 6.210099),(51 6.2305584),(52 6.2478247),(53 6.2557826),(54 6.258042),(55 6.25151),(56 6.2408466),(57 6.227156),(58 6.2187386),(59 6.217294),(60 6.224883),(61 6.2327247),(62 6.2386527),(63 6.249778),(64 6.2445226),(65 6.2446527),(66 6.2426367),(67 6.2467494),(68 6.2515235),(69 6.25671),(70 6.2579613),(71 6.259156),(72 6.2579517),(73 6.2507415),(74 6.250078),(75 6.2487597),(76 6.2479362),(77 6.2462463),(78 6.2555695),(79 6.2620645),
(1 1.9586293),(2 3.4446084),(3 4.851883),(4 5.8120947),(5 6.1624627),(6 6.022896),(7 5.631297),(8 5.2351637),(9 5.004177),(10 4.980734),(11 5.105205),(12 5.2868876),(13 5.42423),(14 5.476442),(15 5.4395843),(16 5.3604),(17 5.2723107),(18 5.2332754),(19 5.2372613),(20 5.277837),(21 5.327805),(22 5.3633103),(23 5.372181),(24 5.34979),(25 5.313026),(26 5.2796073),(27 5.2610703),(28 5.261902),(29 5.2805343),(30 5.3021426),(31 5.318611),(32 5.3320136),(33 5.3284264),(34 5.322668),(35 5.307911),(36 5.2989635),(37 5.291221),(38 5.2979198),(39 5.3087196),(40 5.313636),(41 5.3111515),(42 5.305842),(43 5.3039284),(44 5.304598),(45 5.3101363),(46 5.316676),(47 5.3226185),(48 5.320307),(49 5.3174844),(50 5.3171635),(51 5.3105493),(52 5.3126674),(53 5.3099885),(54 5.311867),(55 5.310145),(56 5.306467),(57 5.3008122),(58 5.30344),(59 5.3072243),(60 5.3147645),(61 5.320268),(62 5.3277545),(63 5.3302054),(64 5.3272033),(65 5.3251243),(66 5.324276),(67 5.322937),(68 5.3252378),(69 5.3281384),(70 5.3287473),(71 5.322076),(72 5.3186),(73 5.320283),(74 5.3219285),(75 5.323331),(76 5.321077),(77 5.321572),(78 5.3177505),(79 5.3207912),
(1 1.6812663),(2 2.9222417),(3 4.0575466),(4 4.786637),(5 5.002764),(6 4.8391),(7 4.5074854),(8 4.213263),(9 4.0645633),(10 4.071378),(11 4.168352),(12 4.2812653),(13 4.353774),(14 4.3660307),(15 4.332408),(16 4.286135),(17 4.2495003),(18 4.2404265),(19 4.253439),(20 4.279661),(21 4.2985973),(22 4.309543),(23 4.303729),(24 4.2884064),(25 4.274976),(26 4.2722645),(27 4.277717),(28 4.287804),(29 4.2979283),(30 4.302192),(31 4.301575),(32 4.295939),(33 4.2918777),(34 4.29411),(35 4.2935624),(36 4.29047),(37 4.2881517),(38 4.2855773),(39 4.288299),(40 4.2934647),(41 4.3001537),(42 4.301113),(43 4.3001065),(44 4.2974563),(45 4.28958),(46 4.2840853),(47 4.277038),(48 4.277784),(49 4.2841735),(50 4.291664),(51 4.2987523),(52 4.303293),(53 4.2988343),(54 4.29488),(55 4.286959),(56 4.281302),(57 4.283721),(58 4.2855635),(59 4.293174),(60 4.3006115),(61 4.3057113),(62 4.3022447),(63 4.296863),(64 4.295696),(65 4.291463),(66 4.2944713),(67 4.292545),(68 4.291964),(69 4.2910886),(70 4.2915287),(71 4.2858152),(72 4.283672),(73 4.285591),(74 4.290645),(75 4.299935),(76 4.3055406),(77 4.3050056),(78 4.302172),(79 4.295488),
(1 1.292914),(2 2.223174),(3 3.0410955),(4 3.5282726),(5 3.6292932),(6 3.469706),(7 3.2275398),(8 3.0426884),(9 2.9806712),(10 3.0209053),(11 3.10271),(12 3.1721718),(13 3.1993408),(14 3.1831672),(15 3.149732),(16 3.1206462),(17 3.1113074),(18 3.1226451),(19 3.142786),(20 3.16117),(21 3.1638165),(22 3.1575973),(23 3.1436064),(24 3.1328592),(25 3.1320553),(26 3.134734),(27 3.1422713),(28 3.1520061),(29 3.157878),(30 3.1561036),(31 3.1559842),(32 3.1551952),(33 3.157686),(34 3.1601946),(35 3.1620624),(36 3.1579466),(37 3.1577048),(38 3.154125),(39 3.1506822),(40 3.148106),(41 3.1461189),(42 3.147944),(43 3.150544),(44 3.1552262),(45 3.1593764),(46 3.1573818),(47 3.1546428),(48 3.1481776),(49 3.1441987),(50 3.1455896),(51 3.1460114),(52 3.1495495),(53 3.1551986),(54 3.1569111),(55 3.1579263),(56 3.1546834),(57 3.1527777),(58 3.1477985),(59 3.1448565),(60 3.1455488),(61 3.1466827),(62 3.1474624),(63 3.1492417),(64 3.1506798),(65 3.1556778),(66 3.1589234),(67 3.1583211),(68 3.1584182),(69 3.1603265),(70 3.1602042),(71 3.1614566),(72 3.1572974),(73 3.1492085),(74 3.1453183),(75 3.1448648),(76 3.1469545),(77 3.1529355),(78 3.1596234),(79 3.1612318),
(1 1.1380748),(2 1.9341849),(3 2.6055),(4 2.9792862),(5 3.0332584),(6 2.8882396),(7 2.690772),(8 2.552173),(9 2.5185962),(10 2.558253),(11 2.6206546),(12 2.6689293),(13 2.681373),(14 2.667497),(15 2.6440742),(16 2.6261904),(17 2.62018),(18 2.6309414),(19 2.6429715),(20 2.6538286),(21 2.6542182),(22 2.6463168),(23 2.636438),(24 2.6286185),(25 2.6290917),(26 2.6334598),(27 2.6409614),(28 2.6461923),(29 2.6491587),(30 2.6474755),(31 2.6429129),(32 2.637263),(33 2.6392345),(34 2.6459122),(35 2.6495957),(36 2.649823),(37 2.6496649),(38 2.6429102),(39 2.6366708),(40 2.6337008),(41 2.6349826),(42 2.6389408),(43 2.6456966),(44 2.6477265),(45 2.650199),(46 2.6483667),(47 2.6468403),(48 2.6464894),(49 2.6424885),(50 2.6399627),(51 2.640715),(52 2.6442223),(53 2.6466985),(54 2.6481774),(55 2.6478183),(56 2.6455235),(57 2.6395667),(58 2.6379898),(59 2.6390994),(60 2.6389718),(61 2.6448007),(62 2.6476614),(63 2.648992),(64 2.6470041),(65 2.6433098),(66 2.6410348),(67 2.6430511),(68 2.6477475),(69 2.6532867),(70 2.6527078),(71 2.6505632),(72 2.6479993),(73 2.6443973),(74 2.6425185),(75 2.6448271),(76 2.6453),(77 2.6465173),(78 2.6475742),(79 2.6457584),
(1 1.0462085),(2 1.7556497),(3 2.3396122),(4 2.6506777),(5 2.6813107),(6 2.5423641),(7 2.3692877),(8 2.2536948),(9 2.2240417),(10 2.2547677),(11 2.3007236),(12 2.3371654),(13 2.3496406),(14 2.3403406),(15 2.324991),(16 2.3142717),(17 2.3103957),(18 2.3155546),(19 2.3198612),(20 2.3231719),(21 2.3219624),(22 2.3214123),(23 2.3214624),(24 2.324289),(25 2.3261144),(26 2.3278317),(27 2.3268707),(28 2.323945),(29 2.3207731),(30 2.3198903),(31 2.3214476),(32 2.3233163),(33 2.328103),(34 2.3283596),(35 2.328806),(36 2.3310695),(37 2.3319383),(38 2.331599),(39 2.3290029),(40 2.3283954),(41 2.3297215),(42 2.3301303),(43 2.3301308),(44 2.3291032),(45 2.330003),(46 2.3287594),(47 2.327715),(48 2.3273382),(49 2.327206),(50 2.3306136),(51 2.332748),(52 2.3368866),(53 2.3370538),(54 2.3376818),(55 2.333195),(56 2.3273292),(57 2.3232543),(58 2.3202677),(59 2.322357),(60 2.3257608),(61 2.3256748),(62 2.325766),(63 2.3240135),(64 2.3245175),(65 2.326255),(66 2.3271487),(67 2.32947),(68 2.332706),(69 2.3328278),(70 2.3316505),(71 2.3305845),(72 2.332373),(73 2.3328154),(74 2.3345609),(75 2.3368983),(76 2.3353066),(77 2.32946),(78 2.325255),(79 2.32207),
(1 0.72177076),(2 1.1964521),(3 1.5672387),(4 1.749833),(5 1.7501916),(6 1.6527008),(7 1.5512216),(8 1.4977134),(9 1.4967682),(10 1.5253022),(11 1.5538831),(12 1.5688874),(13 1.5667888),(14 1.5532788),(15 1.5410978),(16 1.5341761),(17 1.5352719),(18 1.5410398),(19 1.5458511),(20 1.5498112),(21 1.5509105),(22 1.5499821),(23 1.5493042),(24 1.5494579),(25 1.550397),(26 1.5519662),(27 1.5532258),(28 1.551866),(29 1.5487044),(30 1.548085),(31 1.5481261),(32 1.5503514),(33 1.5507905),(34 1.551801),(35 1.5501682),(36 1.549111),(37 1.5480348),(38 1.5492073),(39 1.5502001),(40 1.5530351),(41 1.5570672),(42 1.5583119),(43 1.5563195),(44 1.5526085),(45 1.5494033),(46 1.5493759),(47 1.550119),(48 1.5509348),(49 1.5515532),(50 1.5538689),(51 1.5530503),(52 1.5548694),(53 1.5563956),(54 1.5565737),(55 1.555567),(56 1.5535142),(57 1.5515542),(58 1.5512537),(59 1.5532839),(60 1.5557499),(61 1.5564761),(62 1.557701),(63 1.5572007),(64 1.5557103),(65 1.5544896),(66 1.5527127),(67 1.5513716),(68 1.5494008),(69 1.5490295),(70 1.5503513),(71 1.5529649),(72 1.5556538),(73 1.5577168),(74 1.556007),(75 1.5546674),(76 1.5533421),(77 1.5527496),(78 1.5522212),(79 1.5507413),
(1 0.5966387),(2 0.9790606),(3 1.2701396),(4 1.4040804),(5 1.3959036),(6 1.3175625),(7 1.239131),(8 1.197904),(9 1.1967844),(10 1.213707),(11 1.2315779),(12 1.2403151),(13 1.2382866),(14 1.2338148),(15 1.2324295),(16 1.2360117),(17 1.2402499),(18 1.2416068),(19 1.2397085),(20 1.2377493),(21 1.2361882),(22 1.2366343),(23 1.2372409),(24 1.2369294),(25 1.236702),(26 1.2367251),(27 1.2376782),(28 1.2379133),(29 1.2395599),(30 1.239971),(31 1.2389557),(32 1.2386484),(33 1.2404298),(34 1.2412055),(35 1.2401075),(36 1.239455),(37 1.2392344),(38 1.2403897),(39 1.2413656),(40 1.2420466),(41 1.2426711),(42 1.2414458),(43 1.2407598),(44 1.2412952),(45 1.2421075),(46 1.2416565),(47 1.2408695),(48 1.2413312),(49 1.24193),(50 1.242783),(51 1.2434139),(52 1.2448866),(53 1.2440836),(54 1.2449384),(55 1.2452825),(56 1.244949),(57 1.2446663),(58 1.2437487),(59 1.2428844),(60 1.2414409),(61 1.2430204),(62 1.243687),(63 1.243523),(64 1.2444198),(65 1.2440598),(66 1.2438583),(67 1.2425635),(68 1.2421505),(69 1.2418274),(70 1.2426295),(71 1.2432287),(72 1.243024),(73 1.2434584),(74 1.244673),(75 1.244571),(76 1.2460246),(77 1.2465461),(78 1.2474859),(79 1.2477754),
(1 0.3821616),(2 0.62282234),(3 0.7994876),(4 0.8774485),(5 0.87088645),(6 0.82436055),(7 0.7809234),(8 0.7600789),(9 0.7631424),(10 0.77529114),(11 0.7868917),(12 0.7922744),(13 0.79265124),(14 0.7896599),(15 0.78697103),(16 0.78522366),(17 0.78490835),(18 0.7861813),(19 0.7866066),(20 0.78790015),(21 0.78870666),(22 0.7882791),(23 0.78697073),(24 0.7870552),(25 0.7861866),(26 0.785859),(27 0.78668594),(28 0.78731096),(29 0.78622204),(30 0.7870667),(31 0.7885278),(32 0.7890985),(33 0.78996944),(34 0.79152614),(35 0.7909616),(36 0.7896699),(37 0.79024893),(38 0.7916183),(39 0.79107636),(40 0.79068965),(41 0.79043156),(42 0.78993523),(43 0.7886324),(44 0.78866345),(45 0.78874743),(46 0.7884627),(47 0.7896154),(48 0.7898745),(49 0.79020244),(50 0.7898267),(51 0.7899745),(52 0.79071116),(53 0.7911847),(54 0.7912854),(55 0.79072887),(56 0.7900494),(57 0.7907635),(58 0.7911415),(59 0.79249585),(60 0.7937208),(61 0.79291165),(62 0.79084337),(63 0.7885809),(64 0.78782976),(65 0.788196),(66 0.78901577),(67 0.78967714),(68 0.79054695),(69 0.79054826),(70 0.7903458),(71 0.79082835),(72 0.7913005),(73 0.7925101),(74 0.79378945),(75 0.79383695),(76 0.7941192),(77 0.79295367),(78 0.7914046),(79 0.79068136),
(1 0.31524888),(2 0.5066594),(3 0.64320046),(4 0.7012852),(5 0.6938691),(6 0.6581874),(7 0.62504876),(8 0.61046904),(9 0.61319613),(10 0.62210506),(11 0.62855875),(12 0.63100237),(13 0.6297673),(14 0.62736315),(15 0.6274347),(16 0.62798464),(17 0.6292994),(18 0.63173246),(19 0.63167346),(20 0.6313674),(21 0.6306624),(22 0.6299344),(23 0.6303129),(24 0.63151205),(25 0.6325782),(26 0.6331658),(27 0.6322851),(28 0.63199604),(29 0.63213456),(30 0.6324507),(31 0.63236463),(32 0.63200206),(33 0.6320325),(34 0.63279414),(35 0.6326624),(36 0.6325597),(37 0.633262),(38 0.6329881),(39 0.6322136),(40 0.6320712),(41 0.63276505),(42 0.6328939),(43 0.63247347),(44 0.6322),(45 0.63185066),(46 0.63231933),(47 0.63177866),(48 0.63201106),(49 0.632294),(50 0.6329778),(51 0.6327443),(52 0.6337989),(53 0.6342492),(54 0.6342643),(55 0.63420755),(56 0.6335017),(57 0.6322228),(58 0.6312607),(59 0.6322117),(60 0.63277423),(61 0.6326498),(62 0.6331531),(63 0.6327503),(64 0.63189393),(65 0.6315679),(66 0.63257885),(67 0.633445),(68 0.6347896),(69 0.6347842),(70 0.63488525),(71 0.6338691),(72 0.63289106),(73 0.63346916),(74 0.634328),(75 0.63495237),(76 0.63608843),(77 0.63534594),(78 0.63486755),(79 0.63462454),
(1 0.25161567),(2 0.3996566),(3 0.49943557),(4 0.53853065),(5 0.53224665),(6 0.5088343),(7 0.4899176),(8 0.48404688),(9 0.48746374),(10 0.49351507),(11 0.49741545),(12 0.49809167),(13 0.4966374),(14 0.49514297),(15 0.49507797),(16 0.49617624),(17 0.49754885),(18 0.49848565),(19 0.49766788),(20 0.49758896),(21 0.4975662),(22 0.49862462),(23 0.500086),(24 0.50088084),(25 0.5008953),(26 0.49964204),(27 0.4987799),(28 0.4986003),(29 0.49933574),(30 0.4994867),(31 0.4996601),(32 0.4996153),(33 0.49993363),(34 0.5012186),(35 0.50040907),(36 0.5017175),(37 0.5011637),(38 0.50034523),(39 0.49925318),(40 0.49939108),(41 0.49979883),(42 0.50005597),(43 0.5003422),(44 0.4995711),(45 0.49990374),(46 0.500584),(47 0.5010772),(48 0.50069314),(49 0.50058675),(50 0.5009159),(51 0.5010267),(52 0.5015702),(53 0.5023913),(54 0.50251734),(55 0.5016618),(56 0.50049984),(57 0.500089),(58 0.4991884),(59 0.49920955),(60 0.49962756),(61 0.5003106),(62 0.50159216),(63 0.50218177),(64 0.50219345),(65 0.50111187),(66 0.5016021),(67 0.50098777),(68 0.50079393),(69 0.50042826),(70 0.50045836),(71 0.4999336),(72 0.5010007),(73 0.5015961),(74 0.50186515),(75 0.50234085),(76 0.502603),(77 0.5020535),(78 0.5018199),(79 0.50148004),
(1 0.18687524),(2 0.29351556),(3 0.3569818),(4 0.37797883),(5 0.37242672),(6 0.36136022),(7 0.35595387),(8 0.35771036),(9 0.36278284),(10 0.3659012),(11 0.36638838),(12 0.36649784),(13 0.36706167),(14 0.3685377),(15 0.36996213),(16 0.37029603),(17 0.3693086),(18 0.36823434),(19 0.36779732),(20 0.36738187),(21 0.36820364),(22 0.3697725),(23 0.370962),(24 0.3715695),(25 0.37080884),(26 0.37001964),(27 0.36988854),(28 0.37046993),(29 0.3703928),(30 0.3704251),(31 0.37073),(32 0.37086242),(33 0.37126502),(34 0.3715924),(35 0.37095186),(36 0.3705776),(37 0.36972836),(38 0.36909875),(39 0.36914808),(40 0.36953142),(41 0.3700297),(42 0.37008026),(43 0.37054646),(44 0.370587),(45 0.37078434),(46 0.3708034),(47 0.37056902),(48 0.37046883),(49 0.37028277),(50 0.3703824),(51 0.3709722),(52 0.37105992),(53 0.37129804),(54 0.3715845),(55 0.37117454),(56 0.3703296),(57 0.37007996),(58 0.36969095),(59 0.369697),(60 0.36991537),(61 0.3704459),(62 0.37046352),(63 0.3703254),(64 0.3702651),(65 0.3704234),(66 0.37120768),(67 0.3709863),(68 0.37086555),(69 0.37078828),(70 0.37071234),(71 0.37111813),(72 0.3714868),(73 0.37188986),(74 0.3723712),(75 0.37245214),(76 0.37204197),(77 0.37189975),(78 0.3711782),(79 0.37069517),
(1 0.2382737),(2 0.3678864),(3 0.43264973),(4 0.4461495),(5 0.43550375),(6 0.42650148),(7 0.42922592),(8 0.43758205),(9 0.44404304),(10 0.44524452),(11 0.44316307),(12 0.441653),(13 0.4415125),(14 0.44366205),(15 0.44579607),(16 0.44591147),(17 0.4446149),(18 0.44490704),(19 0.44469425),(20 0.44513303),(21 0.44542173),(22 0.44607702),(23 0.44658),(24 0.44639072),(25 0.44618618),(26 0.44584322),(27 0.44536534),(28 0.44531927),(29 0.44563258),(30 0.44559148),(31 0.44593516),(32 0.44589517),(33 0.44622105),(34 0.44682926),(35 0.44709748),(36 0.44673848),(37 0.44666538),(38 0.44666705),(39 0.44620767),(40 0.44604048),(41 0.44629037),(42 0.44629052),(43 0.4463789),(44 0.44629556),(45 0.44570374),(46 0.44527844),(47 0.4452513),(48 0.4456491),(49 0.44705293),(50 0.44783756),(51 0.44841534),(52 0.44843733),(53 0.4475678),(54 0.4472518),(55 0.44700754),(56 0.44701567),(57 0.44638652),(58 0.44554368),(59 0.4455387),(60 0.44525167),(61 0.44527024),(62 0.44618264),(63 0.44641697),(64 0.44716516),(65 0.44718638),(66 0.44750556),(67 0.4472978),(68 0.44682148),(69 0.4466936),(70 0.4465503),(71 0.44658828),(72 0.4468894),(73 0.4471638),(74 0.4476975),(75 0.44724283),(76 0.4473338),(77 0.44768366),(78 0.44756794),(79 0.44731772),
(1 0.28564528),(2 0.4326315),(3 0.4884535),(4 0.48985097),(5 0.47607768),(6 0.47606027),(7 0.49057555),(8 0.50562304),(9 0.5112996),(10 0.50872344),(11 0.5051854),(12 0.50341797),(13 0.50454396),(14 0.50767356),(15 0.5085007),(16 0.50782067),(17 0.5073279),(18 0.507968),(19 0.5072047),(20 0.50738263),(21 0.50712407),(22 0.508018),(23 0.5089205),(24 0.5091388),(25 0.5091537),(26 0.5089352),(27 0.50836456),(28 0.508784),(29 0.5092635),(30 0.5078036),(31 0.50789475),(32 0.508256),(33 0.5079533),(34 0.50891036),(35 0.5096381),(36 0.51009226),(37 0.5099756),(38 0.5103206),(39 0.5099338),(40 0.50977844),(41 0.5095266),(42 0.5098894),(43 0.50995153),(44 0.5097577),(45 0.50976413),(46 0.5090402),(47 0.5093639),(48 0.50912565),(49 0.5095121),(50 0.5094501),(51 0.5098824),(52 0.5108382),(53 0.5101348),(54 0.5096862),(55 0.509337),(56 0.5096058),(57 0.50925416),(58 0.5094531),(59 0.509591),(60 0.50937563),(61 0.5090614),(62 0.5095768),(63 0.50973105),(64 0.5095292),(65 0.5091079),(66 0.50992346),(67 0.50958896),(68 0.5091584),(69 0.5096852),(70 0.51002645),(71 0.50955313),(72 0.51012754),(73 0.5108845),(74 0.51102334),(75 0.5107645),(76 0.5105851),(77 0.51001865),(78 0.5099329),(79 0.51009655),
(1 0.40444916),(2 0.60460067),(3 0.66527754),(4 0.6550919),(5 0.6366783),(6 0.64267343),(7 0.66741294),(8 0.68658876),(9 0.6902864),(10 0.6829802),(11 0.6765933),(12 0.6755649),(13 0.67841136),(14 0.683548),(15 0.68516815),(16 0.6851251),(17 0.68250966),(18 0.6825947),(19 0.68316317),(20 0.6845488),(21 0.685381),(22 0.68405384),(23 0.6841335),(24 0.6841611),(25 0.6854589),(26 0.68586624),(27 0.6852304),(28 0.6841438),(29 0.6833722),(30 0.6842111),(31 0.68531364),(32 0.68567157),(33 0.6848949),(34 0.6842163),(35 0.6848465),(36 0.685352),(37 0.6850427),(38 0.6851336),(39 0.68650764),(40 0.6860103),(41 0.6846103),(42 0.6843549),(43 0.68513423),(44 0.6848981),(45 0.6860865),(46 0.6848693),(47 0.6842569),(48 0.68480486),(49 0.6848642),(50 0.68478423),(51 0.68539697),(52 0.6859873),(53 0.68499994),(54 0.6840869),(55 0.68494344),(56 0.6855825),(57 0.6861864),(58 0.68589634),(59 0.6851013),(60 0.6849224),(61 0.6853787),(62 0.68556225),(63 0.6842879),(64 0.68366235),(65 0.6835736),(66 0.68451744),(67 0.6862815),(68 0.68641305),(69 0.68501276),(70 0.6840878),(71 0.68373543),(72 0.6852945),(73 0.68512374),(74 0.685459),(75 0.6858427),(76 0.68502086),(77 0.68466055),(78 0.6842019),(79 0.68507236),
(1 0.5403237),(2 0.7989028),(3 0.8606728),(4 0.8365655),(5 0.8127892),(6 0.82630265),(7 0.8615601),(8 0.8840837),(9 0.8831754),(10 0.8716847),(11 0.8662787),(12 0.86760753),(13 0.871737),(14 0.8759952),(15 0.87573576),(16 0.8719388),(17 0.8704447),(18 0.8718132),(19 0.873516),(20 0.8757749),(21 0.87494606),(22 0.87449026),(23 0.8740897),(24 0.874813),(25 0.87529546),(26 0.8761317),(27 0.87571883),(28 0.87380064),(29 0.8720112),(30 0.8734285),(31 0.87385756),(32 0.87479866),(33 0.8756873),(34 0.8745613),(35 0.8751842),(36 0.87783664),(37 0.87668407),(38 0.87416255),(39 0.874051),(40 0.8756898),(41 0.8751074),(42 0.87628174),(43 0.87606496),(44 0.8754153),(45 0.8770061),(46 0.8763333),(47 0.8746473),(48 0.87526494),(49 0.8751852),(50 0.87452894),(51 0.8769194),(52 0.87754375),(53 0.8757475),(54 0.87650084),(55 0.87602335),(56 0.8767261),(57 0.87672454),(58 0.8755508),(59 0.87469995),(60 0.8744506),(61 0.8750598),(62 0.8763497),(63 0.8747147),(64 0.87492234),(65 0.8748687),(66 0.8759406),(67 0.8751852),(68 0.8748012),(69 0.87481856),(70 0.87634313),(71 0.8765295),(72 0.87664616),(73 0.8768597),(74 0.8771773),(75 0.87670386),(76 0.87617743),(77 0.87566864),(78 0.8740136),(79 0.87365925),
(1 0.74451464),(2 1.0855167),(3 1.1432705),(4 1.1011198),(5 1.0796001),(6 1.1101395),(7 1.1554528),(8 1.1798835),(9 1.1736825),(10 1.1606582),(11 1.1593604),(12 1.161965),(13 1.1669797),(14 1.1658108),(15 1.1623129),(16 1.1614903),(17 1.1603558),(18 1.1617631),(19 1.1643614),(20 1.1636533),(21 1.1648391),(22 1.1617839),(23 1.162589),(24 1.1674793),(25 1.1666129),(26 1.1635169),(27 1.16187),(28 1.1619838),(29 1.1647705),(30 1.1666415),(31 1.1681001),(32 1.1679952),(33 1.1668268),(34 1.1646833),(35 1.1644992),(36 1.1649781),(37 1.1646456),(38 1.1635853),(39 1.1639047),(40 1.1651202),(41 1.1654356),(42 1.1627544),(43 1.1616828),(44 1.1649657),(45 1.1650385),(46 1.1673651),(47 1.1669507),(48 1.1647043),(49 1.165595),(50 1.1665549),(51 1.1672114),(52 1.166711),(53 1.1660197),(54 1.1661712),(55 1.167341),(56 1.1660889),(57 1.1650757),(58 1.163016),(59 1.1622155),(60 1.1645235),(61 1.1647974),(62 1.1644068),(63 1.1663258),(64 1.1662511),(65 1.1646116),(66 1.1645508),(67 1.1645306),(68 1.1652741),(69 1.1653259),(70 1.1653651),(71 1.1636959),(72 1.1636738),(73 1.1635594),(74 1.1650642),(75 1.1669537),(76 1.16672),(77 1.16516),(78 1.1641825),(79 1.1643116),
(1 0.9539365),(2 1.3783704),(3 1.4296488),(4 1.3712268),(5 1.3511484),(6 1.3937777),(7 1.4486655),(8 1.4668814),(9 1.4559344),(10 1.4361515),(11 1.4366336),(12 1.4444745),(13 1.4485868),(14 1.4480286),(15 1.4446353),(16 1.4450566),(17 1.4437454),(18 1.4448181),(19 1.4442185),(20 1.4452307),(21 1.444399),(22 1.4444782),(23 1.4469814),(24 1.4494317),(25 1.4488888),(26 1.4475185),(27 1.4459397),(28 1.4454253),(29 1.4451228),(30 1.4473484),(31 1.4487303),(32 1.4465318),(33 1.4452263),(34 1.4447547),(35 1.4463046),(36 1.4448907),(37 1.4450529),(38 1.4441812),(39 1.4454089),(40 1.4464669),(41 1.4485953),(42 1.4479171),(43 1.4468076),(44 1.4500568),(45 1.4483336),(46 1.4469421),(47 1.448165),(48 1.4476372),(49 1.448191),(50 1.4484915),(51 1.4472022),(52 1.4478567),(53 1.4446375),(54 1.4450085),(55 1.446059),(56 1.4462376),(57 1.4464923),(58 1.4474541),(59 1.4477432),(60 1.4486469),(61 1.4470575),(62 1.4446383),(63 1.4461063),(64 1.4466926),(65 1.4468601),(66 1.4459908),(67 1.4456648),(68 1.4491388),(69 1.449176),(70 1.4498922),(71 1.4505374),(72 1.4499074),(73 1.4466573),(74 1.4470489),(75 1.4510021),(76 1.4522307),(77 1.450274),(78 1.4497603),(79 1.447575),
(1 1.1387041),(2 1.6282681),(3 1.6657182),(4 1.5948561),(5 1.5843848),(6 1.6363138),(7 1.6873552),(8 1.7028304),(9 1.691474),(10 1.6752067),(11 1.6746429),(12 1.683295),(13 1.684751),(14 1.6840359),(15 1.6823177),(16 1.6837823),(17 1.6857337),(18 1.6876343),(19 1.6869792),(20 1.6860628),(21 1.6840138),(22 1.6863743),(23 1.6859081),(24 1.6880934),(25 1.6855253),(26 1.6845522),(27 1.6837137),(28 1.6848185),(29 1.6846496),(30 1.6877965),(31 1.6877025),(32 1.6895001),(33 1.6867998),(34 1.6845669),(35 1.6807431),(36 1.683018),(37 1.6868616),(38 1.6874921),(39 1.6834419),(40 1.6823379),(41 1.6846464),(42 1.6865735),(43 1.687148),(44 1.6871334),(45 1.6852515),(46 1.6846958),(47 1.6890252),(48 1.6904464),(49 1.6875975),(50 1.6848077),(51 1.6827593),(52 1.6861106),(53 1.6887425),(54 1.6892457),(55 1.6839004),(56 1.68712),(57 1.6923118),(58 1.6900393),(59 1.6859956),(60 1.6827413),(61 1.6832283),(62 1.683471),(63 1.685534),(64 1.6847421),(65 1.6844665),(66 1.6848874),(67 1.6873432),(68 1.6851298),(69 1.6850533),(70 1.6872911),(71 1.6880792),(72 1.6872067),(73 1.6873641),(74 1.685616),(75 1.6859714),(76 1.6871928),(77 1.6864399),(78 1.6872431),(79 1.6855761),
(1 1.3966484),(2 1.9858534),(3 2.008241),(4 1.915471),(5 1.9175216),(6 1.9854783),(7 2.0406399),(8 2.04961),(9 2.0280633),(10 2.0147665),(11 2.023052),(12 2.0295832),(13 2.030426),(14 2.027868),(15 2.023083),(16 2.0201933),(17 2.0254006),(18 2.0325682),(19 2.0278919),(20 2.0257068),(21 2.0257943),(22 2.0304663),(23 2.0339642),(24 2.0341296),(25 2.0300195),(26 2.0305324),(27 2.0290363),(28 2.0329185),(29 2.0305307),(30 2.0287178),(31 2.027429),(32 2.024139),(33 2.0242865),(34 2.0292592),(35 2.0320845),(36 2.0264716),(37 2.0247943),(38 2.0295448),(39 2.0321949),(40 2.031892),(41 2.0317085),(42 2.0311346),(43 2.0271707),(44 2.0256674),(45 2.0237043),(46 2.02399),(47 2.0282476),(48 2.0301325),(49 2.029468),(50 2.0277088),(51 2.0289476),(52 2.030558),(53 2.0271888),(54 2.0323398),(55 2.0306282),(56 2.031986),(57 2.0313256),(58 2.0294585),(59 2.0322185),(60 2.0325372),(61 2.0340748),(62 2.0372486),(63 2.034946),(64 2.0311873),(65 2.0318131),(66 2.0352094),(67 2.0372071),(68 2.0342076),(69 2.034238),(70 2.0359008),(71 2.032858),(72 2.0342655),(73 2.0363343),(74 2.0348716),(75 2.0313382),(76 2.035414),(77 2.0337355),(78 2.0314715),(79 2.0338314),
(1 1.6080648),(2 2.265178),(3 2.2719886),(4 2.1705225),(5 2.191494),(6 2.271792),(7 2.3230317),(8 2.3246326),(9 2.2988548),(10 2.2884665),(11 2.2933989),(12 2.2998703),(13 2.2998607),(14 2.2981334),(15 2.296004),(16 2.2990036),(17 2.3043132),(18 2.3055897),(19 2.303381),(20 2.3039756),(21 2.3023252),(22 2.3057833),(23 2.3038476),(24 2.2982967),(25 2.2986042),(26 2.2999916),(27 2.298978),(28 2.2993588),(29 2.2977471),(30 2.2989748),(31 2.3017752),(32 2.3034208),(33 2.3046613),(34 2.304286),(35 2.3068998),(36 2.3069053),(37 2.3051932),(38 2.3007522),(39 2.3038492),(40 2.30728),(41 2.3043735),(42 2.3046486),(43 2.3048666),(44 2.3030877),(45 2.3005958),(46 2.3061845),(47 2.3058252),(48 2.3043559),(49 2.304177),(50 2.3057845),(51 2.304466),(52 2.301947),(53 2.304459),(54 2.3076074),(55 2.309781),(56 2.3098774),(57 2.3043723),(58 2.3005269),(59 2.3016238),(60 2.3075917),(61 2.3058934),(62 2.3028665),(63 2.3047001),(64 2.302009),(65 2.3004038),(66 2.3078947),(67 2.302111),(68 2.304393),(69 2.306893),(70 2.305605),(71 2.3038151),(72 2.3031442),(73 2.3038504),(74 2.3041844),(75 2.3037658),(76 2.304656),(77 2.303923),(78 2.304754),(79 2.304152),
(1 1.7698064),(2 2.4766517),(3 2.4627194),(4 2.350949),(5 2.386924),(6 2.474924),(7 2.5218022),(8 2.5145311),(9 2.4968083),(10 2.4859743),(11 2.49439),(12 2.504927),(13 2.502332),(14 2.4962204),(15 2.4954247),(16 2.5008535),(17 2.4993715),(18 2.502647),(19 2.4991372),(20 2.4940891),(21 2.4940495),(22 2.503927),(23 2.5040257),(24 2.4953651),(25 2.5015373),(26 2.5033183),(27 2.4986572),(28 2.4997342),(29 2.4973135),(30 2.4951017),(31 2.5007145),(32 2.499126),(33 2.4969254),(34 2.4976246),(35 2.5005522),(36 2.5090442),(37 2.5033512),(38 2.4956858),(39 2.4985585),(40 2.5057113),(41 2.5047839),(42 2.5039287),(43 2.5078716),(44 2.501946),(45 2.5012264),(46 2.5062265),(47 2.5029833),(48 2.4983857),(49 2.4980094),(50 2.5028603),(51 2.5027435),(52 2.500965),(53 2.5002613),(54 2.4991877),(55 2.4988275),(56 2.5013459),(57 2.4994183),(58 2.4997263),(59 2.5034528),(60 2.5039647),(61 2.502917),(62 2.5023096),(63 2.500009),(64 2.497231),(65 2.5015082),(66 2.501958),(67 2.4993904),(68 2.499755),(69 2.500847),(70 2.5029452),(71 2.5029297),(72 2.4990005),(73 2.5020027),(74 2.505845),(75 2.510197),(76 2.5106976),(77 2.506861),(78 2.504338),(79 2.5049295),
(1 1.9891775),(2 2.7710721),(3 2.7290893),(4 2.606083),(5 2.660606),(6 2.7582479),(7 2.792155),(8 2.7786238),(9 2.7685013),(10 2.7605727),(11 2.7648208),(12 2.7719564),(13 2.7727678),(14 2.7700248),(15 2.76975),(16 2.77243),(17 2.7704165),(18 2.772758),(19 2.7696187),(20 2.769745),(21 2.7708447),(22 2.7694063),(23 2.7688851),(24 2.7652626),(25 2.7719278),(26 2.772759),(27 2.7671552),(28 2.770878),(29 2.769383),(30 2.7649777),(31 2.767763),(32 2.773185),(33 2.7708848),(34 2.7701771),(35 2.7681212),(36 2.772292),(37 2.7749367),(38 2.772092),(39 2.7702417),(40 2.772126),(41 2.7694683),(42 2.768879),(43 2.7714078),(44 2.7753797),(45 2.7763019),(46 2.7739956),(47 2.7746513),(48 2.776409),(49 2.769609),(50 2.7686565),(51 2.7715142),(52 2.7693753),(53 2.7613525),(54 2.7692802),(55 2.7653184),(56 2.765322),(57 2.7691953),(58 2.7717142),(59 2.7683818),(60 2.7720616),(61 2.775557),(62 2.776701),(63 2.769712),(64 2.7709236),(65 2.7747686),(66 2.7737257),(67 2.7685122),(68 2.7694666),(69 2.7751243),(70 2.7772505),(71 2.7708611),(72 2.7703085),(73 2.7773573),(74 2.774564),(75 2.7677765),(76 2.7634094),(77 2.7662995),(78 2.773085),(79 2.7744887),
(1 2.1993625),(2 3.054539),(3 2.9860706),(4 2.844605),(5 2.9196966),(6 3.02908),(7 3.0564947),(8 3.0385952),(9 3.02528),(10 3.0297158),(11 3.032315),(12 3.034668),(13 3.0396066),(14 3.034247),(15 3.029329),(16 3.028344),(17 3.0253258),(18 3.032181),(19 3.034388),(20 3.0346699),(21 3.0315692),(22 3.0303073),(23 3.0354183),(24 3.0317419),(25 3.0345838),(26 3.031701),(27 3.0293176),(28 3.026168),(29 3.0304801),(30 3.030154),(31 3.0277698),(32 3.0299354),(33 3.029716),(34 3.0323274),(35 3.0309894),(36 3.0279894),(37 3.0318582),(38 3.0335193),(39 3.0330026),(40 3.0295236),(41 3.0346444),(42 3.0375004),(43 3.0343072),(44 3.0344915),(45 3.0361564),(46 3.0343266),(47 3.033295),(48 3.0330408),(49 3.0343354),(50 3.0362158),(51 3.040403),(52 3.038237),(53 3.039801),(54 3.040031),(55 3.0372248),(56 3.0303469),(57 3.0360336),(58 3.0357661),(59 3.0363643),(60 3.0312583),(61 3.032721),(62 3.034979),(63 3.0325944),(64 3.0345397),(65 3.0391605),(66 3.0357738),(67 3.0377223),(68 3.0367944),(69 3.0365653),(70 3.0330224),(71 3.03495),(72 3.0440078),(73 3.0428514),(74 3.034224),(75 3.0326297),(76 3.0308266),(77 3.0350554),(78 3.037576),(79 3.0352776),
(1 2.2881577),(2 3.164702),(3 3.0817666),(4 2.9383643),(5 3.0270646),(6 3.1388605),(7 3.1647007),(8 3.135011),(9 3.124947),(10 3.1392734),(11 3.1412382),(12 3.1342738),(13 3.1386163),(14 3.141817),(15 3.1443293),(16 3.1370013),(17 3.1378443),(18 3.1346638),(19 3.1398654),(20 3.144237),(21 3.141808),(22 3.1376672),(23 3.134352),(24 3.1406884),(25 3.1401606),(26 3.1352968),(27 3.1324685),(28 3.1334898),(29 3.13334),(30 3.1384206),(31 3.138305),(32 3.1406708),(33 3.139393),(34 3.1377485),(35 3.1358054),(36 3.14083),(37 3.1495256),(38 3.1447206),(39 3.1377902),(40 3.1367843),(41 3.144067),(42 3.1419804),(43 3.1407094),(44 3.135459),(45 3.1399908),(46 3.1399515),(47 3.1421213),(48 3.1405869),(49 3.138296),(50 3.1415572),(51 3.1437929),(52 3.1358843),(53 3.1356843),(54 3.1372967),(55 3.1451435),(56 3.1406322),(57 3.131903),(58 3.1376882),(59 3.141364),(60 3.141844),(61 3.1337664),(62 3.1326313),(63 3.138855),(64 3.1422753),(65 3.1371493),(66 3.1460085),(67 3.1464288),(68 3.1408017),(69 3.135608),(70 3.137576),(71 3.1395755),(72 3.135191),(73 3.136902),(74 3.1359472),(75 3.140745),(76 3.1460621),(77 3.1411898),(78 3.141013),(79 3.1445),
(1 2.5000823),(2 3.4414573),(3 3.3423252),(4 3.1841135),(5 3.294111),(6 3.4154415),(7 3.4294524),(8 3.3992932),(9 3.3937712),(10 3.4079552),(11 3.404761),(12 3.3961782),(13 3.400112),(14 3.4053776),(15 3.4068677),(16 3.3968024),(17 3.3944602),(18 3.3954625),(19 3.3957038),(20 3.3954635),(21 3.39707),(22 3.3964717),(23 3.3959892),(24 3.3998106),(25 3.3969967),(26 3.3959858),(27 3.402704),(28 3.401364),(29 3.3985567),(30 3.396743),(31 3.3974452),(32 3.3936565),(33 3.3925886),(34 3.3957052),(35 3.397761),(36 3.3930318),(37 3.3994365),(38 3.3957665),(39 3.3975306),(40 3.4093685),(41 3.4098334),(42 3.4006805),(43 3.3985295),(44 3.3978815),(45 3.401305),(46 3.4060066),(47 3.4041839),(48 3.405973),(49 3.4017503),(50 3.3988512),(51 3.3943682),(52 3.3933158),(53 3.3981614),(54 3.3968067),(55 3.395129),(56 3.396422),(57 3.3969157),(58 3.4015493),(59 3.3979251),(60 3.3981001),(61 3.4000938),(62 3.3997416),(63 3.400543),(64 3.400482),(65 3.3995197),(66 3.4058752),(67 3.40905),(68 3.4015443),(69 3.397363),(70 3.4030497),(71 3.408857),(72 3.4013276),(73 3.4033103),(74 3.4057465),(75 3.4036107),(76 3.4033809),(77 3.3990166),(78 3.3954124),(79 3.4003527),
(1 1.9154872),(2 2.6188886),(3 2.5436661),(4 2.4280562),(5 2.5000281),(6 2.5755076),(7 2.5825145),(8 2.557222),(9 2.5477371),(10 2.5611777),(11 2.5608356),(12 2.5590093),(13 2.5646727),(14 2.5609727),(15 2.5611434),(16 2.5551386),(17 2.559306),(18 2.5590093),(19 2.5556176),(20 2.555418),(21 2.5573356),(22 2.5586274),(23 2.5571723),(24 2.5588834),(25 2.558791),(26 2.5589871),(27 2.5559485),(28 2.5572083),(29 2.560108),(30 2.559306),(31 2.5606794),(32 2.561254),(33 2.559179),(34 2.5606606),(35 2.560706),(36 2.5612853),(37 2.5613055),(38 2.558376),(39 2.5623057),(40 2.560729),(41 2.5548284),(42 2.5571406),(43 2.5626247),(44 2.5669656),(45 2.5638986),(46 2.5635543),(47 2.5618489),(48 2.5614939),(49 2.5629947),(50 2.5618365),(51 2.560649),(52 2.559135),(53 2.5643258),(54 2.5641518),(55 2.5584836),(56 2.5617),(57 2.5612655),(58 2.5598397),(59 2.55856),(60 2.5645792),(61 2.5676703),(62 2.565742),(63 2.5710254),(64 2.5689383),(65 2.5627172),(66 2.5645113),(67 2.5685685),(68 2.5668821),(69 2.561389),(70 2.5631082),(71 2.5663571),(72 2.5635865),(73 2.558059),(74 2.5580971),(75 2.563958),(76 2.567008),(77 2.5625055),(78 2.563243),(79 2.5641894),
(1 0.8533513),(2 1.1429831),(3 1.1225944),(4 1.0789565),(5 1.0952703),(6 1.1116239),(7 1.108814),(8 1.1001062),(9 1.0998119),(10 1.1007308),(11 1.102902),(12 1.1005685),(13 1.1011457),(14 1.0988616),(15 1.0957719),(16 1.0949769),(17 1.0994695),(18 1.1008611),(19 1.0981876),(20 1.0971763),(21 1.0995886),(22 1.099563),(23 1.0995883),(24 1.1002091),(25 1.1002042),(26 1.1004531),(27 1.0986788),(28 1.0972747),(29 1.0991132),(30 1.099511),(31 1.0997069),(32 1.0974208),(33 1.0988874),(34 1.0998732),(35 1.101366),(36 1.1017822),(37 1.0979915),(38 1.0967739),(39 1.0991726),(40 1.0989717),(41 1.0978899),(42 1.098245),(43 1.0977641),(44 1.0991611),(45 1.0990322),(46 1.0996845),(47 1.1011804),(48 1.1018491),(49 1.1017396),(50 1.1004032),(51 1.1017579),(52 1.1033213),(53 1.101406),(54 1.1004038),(55 1.1010653),(56 1.0985565),(57 1.0995337),(58 1.1006527),(59 1.1008341),(60 1.0995774),(61 1.1008469),(62 1.1010758),(63 1.1024477),(64 1.0998087),(65 1.1002278),(66 1.1003007),(67 1.1012179),(68 1.1000582),(69 1.0978715),(70 1.0991194),(71 1.0992801),(72 1.1001194),(73 1.101732),(74 1.1022711),(75 1.1022918),(76 1.1025063),(77 1.1037296),(78 1.1061169),(79 1.1015273),
(1 0.52871984),(2 0.7020542),(3 0.6885084),(4 0.66062325),(5 0.66698754),(6 0.6723922),(7 0.6706599),(8 0.6671302),(9 0.6662113),(10 0.6657494),(11 0.66727084),(12 0.6662202),(13 0.66707766),(14 0.66631114),(15 0.6648878),(16 0.66600615),(17 0.66727376),(18 0.6675466),(19 0.6678149),(20 0.66758806),(21 0.6676547),(22 0.6670274),(23 0.6654033),(24 0.66595685),(25 0.66584784),(26 0.6659308),(27 0.6670189),(28 0.66754836),(29 0.66905147),(30 0.6692097),(31 0.6678392),(32 0.66643554),(33 0.6658549),(34 0.66657156),(35 0.66741365),(36 0.66795087),(37 0.6668881),(38 0.6673774),(39 0.66739523),(40 0.6675456),(41 0.66793674),(42 0.66838545),(43 0.66867363),(44 0.6693022),(45 0.6680408),(46 0.66773576),(47 0.66735125),(48 0.66860616),(49 0.6681237),(50 0.66789263),(51 0.66733176),(52 0.66916084),(53 0.66831875),(54 0.66731864),(55 0.6666256),(56 0.6667588),(57 0.666102),(58 0.6671738),(59 0.6687863),(60 0.66973245),(61 0.66793555),(62 0.6666207),(63 0.66744506),(64 0.66747487),(65 0.666937),(66 0.66745496),(67 0.6675958),(68 0.66821593),(69 0.6688225),(70 0.66841215),(71 0.6679074),(72 0.6685088),(73 0.6682525),(74 0.6677647),(75 0.6677722),(76 0.666909),(77 0.6665238),(78 0.66757315),(79 0.6684398),
(1 0.2975189),(2 0.38939115),(3 0.38084516),(4 0.36583948),(5 0.36791754),(6 0.37116763),(7 0.3698983),(8 0.3689357),(9 0.36703104),(10 0.36776075),(11 0.36922425),(12 0.36811885),(13 0.36807507),(14 0.36771533),(15 0.3676156),(16 0.36814496),(17 0.3673855),(18 0.368498),(19 0.36813298),(20 0.36754677),(21 0.3678306),(22 0.36825538),(23 0.36830166),(24 0.3682422),(25 0.3678416),(26 0.36846685),(27 0.3685738),(28 0.36872295),(29 0.3687853),(30 0.36820865),(31 0.36756632),(32 0.36882827),(33 0.36822835),(34 0.36804602),(35 0.36753663),(36 0.36796847),(37 0.36810783),(38 0.36853942),(39 0.36903623),(40 0.36796334),(41 0.36859736),(42 0.368301),(43 0.36798435),(44 0.36831394),(45 0.36832422),(46 0.36902088),(47 0.36881086),(48 0.36907727),(49 0.36879948),(50 0.368468),(51 0.36798134),(52 0.3681696),(53 0.36900985),(54 0.36944503),(55 0.36819696),(56 0.36843723),(57 0.3682328),(58 0.3682294),(59 0.3685654),(60 0.36905944),(61 0.36878064),(62 0.36853057),(63 0.3687152),(64 0.36891884),(65 0.3683978),(66 0.36835757),(67 0.3690378),(68 0.36831686),(69 0.36755854),(70 0.36741456),(71 0.36833155),(72 0.36808103),(73 0.36881733),(74 0.3694265),(75 0.36978728),(76 0.36921465),(77 0.36853614),(78 0.36815152),(79 0.3687591),
(1 0.17526715),(2 0.22593182),(3 0.2211526),(4 0.21223661),(5 0.21185979),(6 0.21313573),(7 0.2130818),(8 0.21257676),(9 0.2124719),(10 0.21193819),(11 0.21208946),(12 0.21230933),(13 0.21268924),(14 0.21205553),(15 0.21236688),(16 0.21322045),(17 0.21305692),(18 0.21220182),(19 0.21192566),(20 0.21216606),(21 0.21254323),(22 0.21293537),(23 0.21366149),(24 0.21321596),(25 0.21294963),(26 0.2136359),(27 0.21237509),(28 0.21231626),(29 0.21314412),(30 0.21342753),(31 0.21335393),(32 0.21319574),(33 0.21279162),(34 0.21298641),(35 0.21299641),(36 0.21298426),(37 0.21298759),(38 0.21299827),(39 0.21285106),(40 0.21295731),(41 0.21372038),(42 0.21352911),(43 0.21271348),(44 0.21307512),(45 0.21314794),(46 0.2130783),(47 0.21335918),(48 0.21357407),(49 0.21346094),(50 0.2135081),(51 0.21393897),(52 0.21306446),(53 0.21324797),(54 0.21273151),(55 0.21302614),(56 0.21386975),(57 0.21381165),(58 0.21366888),(59 0.21350902),(60 0.21424828),(61 0.21421403),(62 0.21348324),(63 0.21326618),(64 0.2131417),(65 0.21337458),(66 0.21335107),(67 0.21315694),(68 0.21347591),(69 0.21317232),(70 0.21304353),(71 0.21308368),(72 0.21360455),(73 0.2131308),(74 0.21337332),(75 0.21343304),(76 0.21336798),(77 0.21344593),(78 0.2133008),(79 0.21305239),
(1 0.13727854),(2 0.17612456),(3 0.17168397),(4 0.16429645),(5 0.1635252),(6 0.16488296),(7 0.1647284),(8 0.16493246),(9 0.16529495),(10 0.16457078),(11 0.16452944),(12 0.16452082),(13 0.16441819),(14 0.16447484),(15 0.1643287),(16 0.16428638),(17 0.16417731),(18 0.16443838),(19 0.16468221),(20 0.16449618),(21 0.16482387),(22 0.16457263),(23 0.16484427),(24 0.16508701),(25 0.16485761),(26 0.16468374),(27 0.16486625),(28 0.16451101),(29 0.16488236),(30 0.16493842),(31 0.16488233),(32 0.16444908),(33 0.16494621),(34 0.16545826),(35 0.16502337),(36 0.1648229),(37 0.1653316),(38 0.16484945),(39 0.16527423),(40 0.16510278),(41 0.16491595),(42 0.16468383),(43 0.16502535),(44 0.16475926),(45 0.1651733),(46 0.16498345),(47 0.16505091),(48 0.16540784),(49 0.16543853),(50 0.16532701),(51 0.16503732),(52 0.16504256),(53 0.1651128),(54 0.16474934),(55 0.16484752),(56 0.16537718),(57 0.16521774),(58 0.16478279),(59 0.16491388),(60 0.16511464),(61 0.1655036),(62 0.16516583),(63 0.1651164),(64 0.1653078),(65 0.16481887),(66 0.16452663),(67 0.16469292),(68 0.16468121),(69 0.16522989),(70 0.16559672),(71 0.16486497),(72 0.16532663),(73 0.16545515),(74 0.16536698),(75 0.16547641),(76 0.16522627),(77 0.16563769),(78 0.16505359),(79 0.16478603),
(1 0.061010715),(2 0.07687356),(3 0.07473645),(4 0.07173148),(5 0.071218766),(6 0.07192553),(7 0.07196982),(8 0.07188626),(9 0.071943745),(10 0.071822904),(11 0.07186167),(12 0.07191798),(13 0.07176565),(14 0.071767755),(15 0.071839154),(16 0.07191565),(17 0.07208124),(18 0.07196016),(19 0.0719749),(20 0.07211121),(21 0.07197672),(22 0.07203628),(23 0.07216717),(24 0.072044596),(25 0.072044656),(26 0.071991414),(27 0.071946435),(28 0.072118945),(29 0.072175615),(30 0.072033025),(31 0.07202489),(32 0.07209455),(33 0.07201874),(34 0.07217525),(35 0.07232464),(36 0.07210492),(37 0.07217725),(38 0.07215921),(39 0.072237805),(40 0.07215783),(41 0.07209927),(42 0.072239906),(43 0.07233669),(44 0.07211172),(45 0.07213849),(46 0.071943134),(47 0.07211452),(48 0.07221246),(49 0.072097816),(50 0.07225955),(51 0.07218077),(52 0.072239816),(53 0.07217532),(54 0.07188413),(55 0.07217638),(56 0.072240874),(57 0.0723715),(58 0.072675966),(59 0.07239197),(60 0.07226742),(61 0.07241312),(62 0.072433),(63 0.072254136),(64 0.072222464),(65 0.07227531),(66 0.07207503),(67 0.072026655),(68 0.07217553),(69 0.072388835),(70 0.07220368),(71 0.07219259),(72 0.07228894),(73 0.07214248),(74 0.072161786),(75 0.07209481),(76 0.07239089),(77 0.07229797),(78 0.07220456),(79 0.0721877),
(1 0.045553237),(2 0.056106977),(3 0.05428844),(4 0.052310847),(5 0.05184291),(6 0.052397057),(7 0.05252674),(8 0.05249415),(9 0.052563354),(10 0.05249671),(11 0.052481037),(12 0.052566446),(13 0.052651327),(14 0.052526873),(15 0.052519895),(16 0.05252103),(17 0.05277977),(18 0.052780665),(19 0.052705757),(20 0.052713983),(21 0.05274486),(22 0.052646365),(23 0.052607514),(24 0.05263168),(25 0.05281351),(26 0.052947674),(27 0.05271069),(28 0.05278151),(29 0.052889794),(30 0.05292498),(31 0.052672476),(32 0.052797154),(33 0.052994914),(34 0.052868955),(35 0.052885473),(36 0.05293167),(37 0.05290515),(38 0.052916076),(39 0.05276194),(40 0.052839056),(41 0.05294957),(42 0.05284498),(43 0.05290342),(44 0.052849412),(45 0.05276951),(46 0.052734893),(47 0.05287436),(48 0.052864898),(49 0.05284479),(50 0.052889533),(51 0.052791487),(52 0.05290145),(53 0.052897938),(54 0.052929837),(55 0.05299967),(56 0.05304284),(57 0.053024907),(58 0.05290036),(59 0.052875005),(60 0.053022485),(61 0.053065147),(62 0.052992847),(63 0.05293218),(64 0.05278639),(65 0.05280319),(66 0.052859914),(67 0.05292228),(68 0.052836727),(69 0.052859433),(70 0.052961033),(71 0.05291962),(72 0.052984577),(73 0.053092405),(74 0.053123333),(75 0.05302013),(76 0.052961636),(77 0.053007204),(78 0.05303879),(79 0.05293089),
(1 0.04746979),(2 0.057374682),(3 0.055155437),(4 0.053267676),(5 0.05273873),(6 0.05335076),(7 0.05360218),(8 0.053583033),(9 0.05363965),(10 0.053440433),(11 0.05348704),(12 0.053682808),(13 0.053735137),(14 0.05351824),(15 0.053575292),(16 0.053607587),(17 0.053701576),(18 0.05374874),(19 0.053717483),(20 0.053680338),(21 0.05370153),(22 0.05366866),(23 0.053802166),(24 0.053878114),(25 0.053784672),(26 0.05378563),(27 0.053687196),(28 0.053781517),(29 0.053864293),(30 0.05392646),(31 0.05379817),(32 0.053761415),(33 0.05371441),(34 0.053876817),(35 0.053997345),(36 0.053934284),(37 0.053832363),(38 0.053789366),(39 0.053682502),(40 0.053696487),(41 0.053823385),(42 0.053758904),(43 0.053847276),(44 0.053809915),(45 0.053758387),(46 0.053779192),(47 0.05380844),(48 0.053807404),(49 0.053770162),(50 0.053737637),(51 0.053709507),(52 0.053849597),(53 0.053800013),(54 0.05383186),(55 0.05373161),(56 0.053831518),(57 0.053822394),(58 0.053707547),(59 0.05378643),(60 0.05374418),(61 0.053775303),(62 0.053740427),(63 0.0537813),(64 0.05374855),(65 0.053692147),(66 0.053736746),(67 0.053792596),(68 0.053753316),(69 0.053753644),(70 0.05366639),(71 0.05391105),(72 0.053860012),(73 0.053910248),(74 0.05379239),(75 0.053895928),(76 0.053883422),(77 0.053876996),(78 0.053905554),(79 0.05375798),
(1 0.04177815),(2 0.05019479),(3 0.04807404),(4 0.046344776),(5 0.04612133),(6 0.046645623),(7 0.046799887),(8 0.046744283),(9 0.04675092),(10 0.04662501),(11 0.04673505),(12 0.04683139),(13 0.046779837),(14 0.046831153),(15 0.046738423),(16 0.046903282),(17 0.046889734),(18 0.047033075),(19 0.046827745),(20 0.046940804),(21 0.046928603),(22 0.0468114),(23 0.04697746),(24 0.046979602),(25 0.04691354),(26 0.0468822),(27 0.046879254),(28 0.046927016),(29 0.046983104),(30 0.04705472),(31 0.047015946),(32 0.04682599),(33 0.046958566),(34 0.04692633),(35 0.047000676),(36 0.046993133),(37 0.046921663),(38 0.04696324),(39 0.046992667),(40 0.047003537),(41 0.047040574),(42 0.047074743),(43 0.046985663),(44 0.04714298),(45 0.04688317),(46 0.04698035),(47 0.04703381),(48 0.0470958),(49 0.046940602),(50 0.0468758),(51 0.047050435),(52 0.047087856),(53 0.047086637),(54 0.047029935),(55 0.04704967),(56 0.047160164),(57 0.047053374),(58 0.046977527),(59 0.047070336),(60 0.047117796),(61 0.046964753),(62 0.046926614),(63 0.047094453),(64 0.046980493),(65 0.047077022),(66 0.04709148),(67 0.04692302),(68 0.047054846),(69 0.04702287),(70 0.047045514),(71 0.046999104),(72 0.047066312),(73 0.04697948),(74 0.047114983),(75 0.04715188),(76 0.047079854),(77 0.046987027),(78 0.04702112),(79 0.04704429),
(1 0.07292986),(2 0.08592829),(3 0.08180921),(4 0.07939044),(5 0.07919022),(6 0.07978011),(7 0.07997959),(8 0.079845786),(9 0.07989792),(10 0.079771854),(11 0.07989349),(12 0.079773426),(13 0.07994289),(14 0.08006973),(15 0.08016303),(16 0.08011189),(17 0.080127575),(18 0.08002235),(19 0.07999397),(20 0.08003253),(21 0.079762384),(22 0.08011492),(23 0.08001947),(24 0.0802475),(25 0.08023091),(26 0.080000825),(27 0.08001314),(28 0.08010718),(29 0.08003637),(30 0.080299795),(31 0.079881914),(32 0.08002364),(33 0.08012628),(34 0.080314755),(35 0.08003309),(36 0.080183215),(37 0.08029987),(38 0.08028354),(39 0.080097005),(40 0.080184914),(41 0.080258586),(42 0.08029368),(43 0.080139674),(44 0.08002732),(45 0.079949446),(46 0.08019209),(47 0.0801048),(48 0.08003091),(49 0.080174655),(50 0.080063626),(51 0.079894245),(52 0.08010362),(53 0.0802045),(54 0.080271594),(55 0.08012466),(56 0.08032392),(57 0.08030425),(58 0.0800712),(59 0.08002153),(60 0.080230646),(61 0.08023519),(62 0.08014477),(63 0.08031568),(64 0.080164544),(65 0.08008101),(66 0.08024141),(67 0.08021212),(68 0.07997707),(69 0.0800335),(70 0.080145165),(71 0.07999444),(72 0.080011256),(73 0.08006637),(74 0.08006208),(75 0.08018017),(76 0.08017083),(77 0.08012273),(78 0.079921916),(79 0.08007907),
(1 0.06015831),(2 0.07068762),(3 0.06737515),(4 0.06523338),(5 0.06514391),(6 0.06576359),(7 0.06561399),(8 0.06558943),(9 0.06583345),(10 0.0656905),(11 0.06560848),(12 0.065916024),(13 0.06552809),(14 0.065576494),(15 0.06580119),(16 0.065767854),(17 0.06594584),(18 0.065789826),(19 0.06575053),(20 0.06579688),(21 0.06594618),(22 0.06576263),(23 0.065839),(24 0.065909326),(25 0.06587209),(26 0.065826766),(27 0.06556352),(28 0.06586195),(29 0.065817155),(30 0.06590174),(31 0.06604355),(32 0.065842845),(33 0.06586404),(34 0.065848),(35 0.06590665),(36 0.06573059),(37 0.065843955),(38 0.06595865),(39 0.065936245),(40 0.0658671),(41 0.06596987),(42 0.0658972),(43 0.065783605),(44 0.06590244),(45 0.06595746),(46 0.06591784),(47 0.06589979),(48 0.06595885),(49 0.06582704),(50 0.065884925),(51 0.06568512),(52 0.06581614),(53 0.065923065),(54 0.06583509),(55 0.06588022),(56 0.06579685),(57 0.06591731),(58 0.06571992),(59 0.065816976),(60 0.065943904),(61 0.06588694),(62 0.06572517),(63 0.06575682),(64 0.06595412),(65 0.06593171),(66 0.065969884),(67 0.06588252),(68 0.06577306),(69 0.065828405),(70 0.0659736),(71 0.06586742),(72 0.06588628),(73 0.06597285),(74 0.06593413),(75 0.065778434),(76 0.0658767),(77 0.06591491),(78 0.065910265),(79 0.06583542),
(1 0.087171994),(2 0.10143095),(3 0.096311286),(4 0.093798354),(5 0.09365964),(6 0.09457906),(7 0.09445766),(8 0.094039865),(9 0.09431895),(10 0.094391234),(11 0.0945201),(12 0.094560616),(13 0.094485976),(14 0.09443919),(15 0.094260514),(16 0.09464665),(17 0.09444892),(18 0.09445935),(19 0.09471498),(20 0.09457363),(21 0.09464485),(22 0.09443392),(23 0.09449204),(24 0.094588704),(25 0.09455276),(26 0.09453871),(27 0.094830014),(28 0.09469453),(29 0.09456061),(30 0.09465357),(31 0.09426082),(32 0.09447716),(33 0.09455462),(34 0.09486179),(35 0.09485269),(36 0.094634786),(37 0.0948851),(38 0.094709784),(39 0.09474038),(40 0.09463784),(41 0.09477187),(42 0.094895154),(43 0.09461823),(44 0.09468718),(45 0.09465028),(46 0.09474503),(47 0.0949978),(48 0.09493284),(49 0.09481985),(50 0.094590135),(51 0.0944111),(52 0.094807215),(53 0.09472681),(54 0.09448561),(55 0.09476114),(56 0.09491984),(57 0.0947068),(58 0.0945624),(59 0.09477766),(60 0.09473374),(61 0.09467806),(62 0.09466989),(63 0.0947088),(64 0.09494396),(65 0.09463368),(66 0.09459678),(67 0.09501676),(68 0.09458699),(69 0.09446308),(70 0.094460666),(71 0.09470393),(72 0.094861686),(73 0.09486337),(74 0.094674595),(75 0.094819404),(76 0.09449978),(77 0.09467387),(78 0.09457352),(79 0.09476509),
(1 0.09005807),(2 0.10366917),(3 0.09843507),(4 0.09553302),(5 0.095830806),(6 0.096727826),(7 0.09675049),(8 0.096265726),(9 0.09661504),(10 0.09647791),(11 0.09668428),(12 0.096643694),(13 0.09677279),(14 0.09646786),(15 0.09642935),(16 0.09667319),(17 0.0968046),(18 0.09682973),(19 0.09663826),(20 0.09662963),(21 0.09682476),(22 0.09684856),(23 0.09689519),(24 0.096414365),(25 0.09679878),(26 0.096879475),(27 0.09676504),(28 0.09677698),(29 0.09682922),(30 0.09674549),(31 0.096800484),(32 0.09675289),(33 0.09675942),(34 0.096837334),(35 0.09705759),(36 0.09684191),(37 0.09691919),(38 0.09703878),(39 0.096864745),(40 0.096888036),(41 0.09685626),(42 0.09691424),(43 0.09680995),(44 0.09697514),(45 0.096860744),(46 0.09698182),(47 0.09716622),(48 0.09670576),(49 0.09671032),(50 0.09691198),(51 0.09693876),(52 0.0971792),(53 0.09674131),(54 0.09674701),(55 0.09679489),(56 0.096987925),(57 0.09692361),(58 0.09679733),(59 0.09660967),(60 0.09689834),(61 0.09690483),(62 0.096905075),(63 0.096736155),(64 0.096764624),(65 0.096890844),(66 0.09711777),(67 0.09685265),(68 0.09682151),(69 0.096645705),(70 0.09717792),(71 0.09688751),(72 0.096835464),(73 0.096747376),(74 0.09668256),(75 0.09685373),(76 0.097093),(77 0.09711937),(78 0.096765906),(79 0.096974455),
(1 0.065218),(2 0.07510811),(3 0.071098134),(4 0.06925652),(5 0.06938091),(6 0.06996702),(7 0.070115075),(8 0.06973003),(9 0.07013502),(10 0.069706276),(11 0.06971119),(12 0.06977727),(13 0.069723845),(14 0.070023395),(15 0.06997727),(16 0.069938645),(17 0.07007393),(18 0.06976353),(19 0.06995898),(20 0.06983131),(21 0.06997729),(22 0.07000982),(23 0.069950916),(24 0.0700648),(25 0.06968102),(26 0.07001435),(27 0.06979953),(28 0.069717325),(29 0.06981863),(30 0.07012794),(31 0.06985175),(32 0.070070736),(33 0.06990022),(34 0.06998907),(35 0.070315905),(36 0.069915935),(37 0.06962608),(38 0.07000357),(39 0.070023105),(40 0.06994119),(41 0.070230015),(42 0.06997968),(43 0.069762066),(44 0.069924586),(45 0.069960654),(46 0.07013765),(47 0.06993798),(48 0.06982857),(49 0.06970474),(50 0.06997852),(51 0.07002926),(52 0.069917195),(53 0.06980042),(54 0.06983378),(55 0.069747195),(56 0.06946632),(57 0.06997628),(58 0.0700671),(59 0.070150435),(60 0.07004366),(61 0.0699651),(62 0.06971539),(63 0.06983144),(64 0.0699587),(65 0.0698284),(66 0.06978537),(67 0.07003053),(68 0.0701665),(69 0.06988929),(70 0.06998182),(71 0.06995105),(72 0.07003584),(73 0.07007287),(74 0.07017456),(75 0.07001724),(76 0.06986533),(77 0.06996047),(78 0.07003065),(79 0.06973527),
(1 0.117640465),(2 0.13470016),(3 0.12724908),(4 0.12411567),(5 0.124617256),(6 0.12548989),(7 0.12524518),(8 0.12513673),(9 0.12522572),(10 0.12507677),(11 0.12549433),(12 0.12537883),(13 0.12505692),(14 0.12557815),(15 0.12575004),(16 0.12540591),(17 0.12525018),(18 0.12524861),(19 0.12531434),(20 0.12514192),(21 0.12512565),(22 0.12524627),(23 0.12552261),(24 0.12563388),(25 0.12541349),(26 0.12519737),(27 0.12545586),(28 0.12529969),(29 0.12523851),(30 0.12516569),(31 0.1254482),(32 0.12539236),(33 0.12536833),(34 0.12512258),(35 0.12520823),(36 0.12549253),(37 0.12529063),(38 0.124683864),(39 0.12564458),(40 0.12537532),(41 0.1253654),(42 0.12529196),(43 0.12541421),(44 0.12553911),(45 0.12524417),(46 0.12544274),(47 0.12521465),(48 0.12524885),(49 0.12518676),(50 0.12537964),(51 0.12527718),(52 0.12519817),(53 0.12540542),(54 0.12547241),(55 0.12545328),(56 0.12528911),(57 0.124868564),(58 0.12554),(59 0.12542932),(60 0.12533794),(61 0.12525707),(62 0.12505165),(63 0.12549496),(64 0.12564331),(65 0.12528282),(66 0.12501813),(67 0.12552048),(68 0.12550868),(69 0.12521392),(70 0.12511158),(71 0.1255122),(72 0.12530404),(73 0.12524395),(74 0.1250197),(75 0.12558666),(76 0.12528348),(77 0.12539166),(78 0.1254943),(79 0.12509201),
(1 0.05334916),(2 0.060915604),(3 0.05712536),(4 0.055922564),(5 0.056258786),(6 0.056500673),(7 0.056509566),(8 0.056029968),(9 0.056511585),(10 0.05627417),(11 0.056447938),(12 0.05646897),(13 0.056368258),(14 0.056497764),(15 0.0565807),(16 0.05678322),(17 0.056281023),(18 0.056481775),(19 0.05660403),(20 0.056361746),(21 0.056619775),(22 0.056557067),(23 0.056639254),(24 0.056391336),(25 0.05642985),(26 0.05632555),(27 0.056604236),(28 0.05671354),(29 0.056734636),(30 0.056625262),(31 0.056466196),(32 0.056436818),(33 0.056692034),(34 0.056383166),(35 0.056246795),(36 0.056547854),(37 0.05684469),(38 0.05660128),(39 0.056413256),(40 0.056405336),(41 0.056563783),(42 0.056597587),(43 0.05639919),(44 0.05627489),(45 0.056403946),(46 0.05649264),(47 0.05632588),(48 0.056239545),(49 0.056625184),(50 0.05651924),(51 0.056541357),(52 0.056414723),(53 0.056141626),(54 0.05655943),(55 0.056553546),(56 0.056501925),(57 0.056684744),(58 0.056437504),(59 0.056473807),(60 0.05654859),(61 0.056693625),(62 0.056513004),(63 0.05682602),(64 0.056403596),(65 0.056391872),(66 0.056334924),(67 0.056518514),(68 0.056621667),(69 0.056495342),(70 0.056582455),(71 0.056441393),(72 0.056479543),(73 0.056476474),(74 0.056627948),(75 0.056424752),(76 0.056600116),(77 0.056525487),(78 0.05639248),(79 0.056673806),
(1 0.08641939),(2 0.09836329),(3 0.09274649),(4 0.0906898),(5 0.09132636),(6 0.09168688),(7 0.09177098),(8 0.09147828),(9 0.09141443),(10 0.09161769),(11 0.09141255),(12 0.09198624),(13 0.091525845),(14 0.09149514),(15 0.09171697),(16 0.09174228),(17 0.091655314),(18 0.09153968),(19 0.09145756),(20 0.09137397),(21 0.09162869),(22 0.09142662),(23 0.09173145),(24 0.09150923),(25 0.09159741),(26 0.091814406),(27 0.091729164),(28 0.09162461),(29 0.09150402),(30 0.09169998),(31 0.091475666),(32 0.09155735),(33 0.09195092),(34 0.09188621),(35 0.091648236),(36 0.091571644),(37 0.09128068),(38 0.09170532),(39 0.091696635),(40 0.09157504),(41 0.09187293),(42 0.091755144),(43 0.09163635),(44 0.09165582),(45 0.091572285),(46 0.09167496),(47 0.09186994),(48 0.09174669),(49 0.091675125),(50 0.09141327),(51 0.09190304),(52 0.09164186),(53 0.091439225),(54 0.09168264),(55 0.09167381),(56 0.091331966),(57 0.09143766),(58 0.09177712),(59 0.091851234),(60 0.09154732),(61 0.091430776),(62 0.09167936),(63 0.09162021),(64 0.091883324),(65 0.09173516),(66 0.09145897),(67 0.09186649),(68 0.09136157),(69 0.09157777),(70 0.0915258),(71 0.091315396),(72 0.09189109),(73 0.091962256),(74 0.091570795),(75 0.091554776),(76 0.09166093),(77 0.09200553),(78 0.09163357),(79 0.091565475),
(1 0.030643113),(2 0.034551606),(3 0.03256164),(4 0.03205238),(5 0.032209314),(6 0.032422844),(7 0.03229863),(8 0.03214962),(9 0.032657377),(10 0.032281965),(11 0.03237784),(12 0.032421194),(13 0.032500017),(14 0.032308973),(15 0.032091413),(16 0.03230113),(17 0.032390106),(18 0.03245297),(19 0.032246556),(20 0.032557115),(21 0.032360964),(22 0.032399017),(23 0.032354128),(24 0.032288115),(25 0.032423586),(26 0.032476485),(27 0.03242116),(28 0.03243169),(29 0.032399412),(30 0.032302123),(31 0.032590706),(32 0.032532897),(33 0.032582127),(34 0.032219),(35 0.032527927),(36 0.0323033),(37 0.03240554),(38 0.032375537),(39 0.032454886),(40 0.032658175),(41 0.032466568),(42 0.032377984),(43 0.032386776),(44 0.0326814),(45 0.03254223),(46 0.032325238),(47 0.032507323),(48 0.032449923),(49 0.032510526),(50 0.03234908),(51 0.032260384),(52 0.03235432),(53 0.0323516),(54 0.032487847),(55 0.032473322),(56 0.032209087),(57 0.032336958),(58 0.032640345),(59 0.03268057),(60 0.032382797),(61 0.0325281),(62 0.03247125),(63 0.032337885),(64 0.032559462),(65 0.03257451),(66 0.032587443),(67 0.032606665),(68 0.03241391),(69 0.032391805),(70 0.032635074),(71 0.03272252),(72 0.03235834),(73 0.03265079),(74 0.03234013),(75 0.03242858),(76 0.032448232),(77 0.03242763),(78 0.03253376),(79 0.032437705),
(1 0.02107344),(2 0.023774968),(3 0.022519017),(4 0.021988256),(5 0.0220673),(6 0.022217635),(7 0.022196367),(8 0.022044241),(9 0.02216117),(10 0.022061972),(11 0.022118026),(12 0.022138106),(13 0.02199496),(14 0.021991557),(15 0.022068596),(16 0.022121882),(17 0.022285653),(18 0.022263395),(19 0.022112353),(20 0.022045191),(21 0.022272233),(22 0.022113146),(23 0.02206796),(24 0.022263376),(25 0.022163808),(26 0.022078361),(27 0.022177443),(28 0.022388602),(29 0.02233368),(30 0.0220548),(31 0.022171602),(32 0.022414029),(33 0.022183277),(34 0.022279467),(35 0.022389676),(36 0.022262124),(37 0.022118375),(38 0.02230162),(39 0.022162803),(40 0.022123473),(41 0.022133484),(42 0.022137424),(43 0.022224283),(44 0.022298101),(45 0.022119224),(46 0.02221879),(47 0.022161217),(48 0.022087112),(49 0.02220679),(50 0.022163931),(51 0.022276552),(52 0.022267591),(53 0.022233423),(54 0.022250673),(55 0.022429397),(56 0.022174016),(57 0.022249436),(58 0.022322051),(59 0.02211187),(60 0.022235373),(61 0.022389777),(62 0.022343919),(63 0.022022888),(64 0.022226283),(65 0.022297753),(66 0.022235133),(67 0.022378359),(68 0.022306766),(69 0.022465434),(70 0.022275357),(71 0.02241965),(72 0.022268504),(73 0.02226423),(74 0.02226638),(75 0.022358755),(76 0.022242554),(77 0.02224333),(78 0.02212821),(79 0.02218113),
(1 0.01345328),(2 0.015234457),(3 0.014400333),(4 0.014086922),(5 0.014067016),(6 0.0142185185),(7 0.014260976),(8 0.01404448),(9 0.014249798),(10 0.014087398),(11 0.014216894),(12 0.0142025305),(13 0.014246841),(14 0.014138703),(15 0.014029252),(16 0.014001567),(17 0.0140805105),(18 0.014291502),(19 0.014015445),(20 0.014060794),(21 0.014147113),(22 0.013987888),(23 0.013988956),(24 0.014057256),(25 0.014251495),(26 0.014192955),(27 0.01408349),(28 0.014143714),(29 0.014205852),(30 0.014079339),(31 0.014194638),(32 0.014288194),(33 0.014241062),(34 0.01413311),(35 0.014113352),(36 0.014096414),(37 0.014103768),(38 0.01418927),(39 0.014122281),(40 0.014158111),(41 0.014104035),(42 0.014206594),(43 0.01418584),(44 0.014173076),(45 0.0140854865),(46 0.014123998),(47 0.014220812),(48 0.0143775055),(49 0.014305583),(50 0.014100477),(51 0.014058792),(52 0.014172474),(53 0.014164972),(54 0.014277809),(55 0.014129555),(56 0.014141917),(57 0.01417367),(58 0.013990395),(59 0.014099172),(60 0.014132902),(61 0.014115865),(62 0.014033082),(63 0.014109128),(64 0.014162495),(65 0.013976314),(66 0.014098974),(67 0.014166474),(68 0.01432538),(69 0.014201922),(70 0.0141623495),(71 0.014233876),(72 0.014132096),(73 0.014111328),(74 0.014152813),(75 0.0142084155),(76 0.014237385),(77 0.014099188),(78 0.01422166),(79 0.0142167555),
